38.1,36.26,9.2201,5,51.513,100.41,97.925,0,14,0.030269,0.0041287,Inf,97.938,1.0796
41.335,13.156,30.91,5,49.355,100.14,94.848,0,18,0.012898,0.0013897,Inf,94.851,1.0312
19.148,8.2432,-6.5796,5,50.348,101.28,95.773,0,22,0.0069673,0.012809,Inf,95.782,1.1363
30.648,20.047,231.74,5,20.09,-1.9312,-56.968,0,6,0.59819,1.0193,Inf,120.54,0.36469
48.547,37.388,133.75,5,51.277,100.89,83.162,0,13,0.025546,0.0088853,Inf,83.177,1.0379
90.623,46.089,112.18,5,47.087,104.37,95.447,0,16,0.05825,0.043674,Inf,95.591,1.1851
92.388,44.538,248.41,5,46.892,104.19,88.762,0,19,0.062168,0.041944,Inf,88.915,1.3609
64.126,47.783,57.215,5,47.271,104.2,96.538,0,12,0.054582,0.041998,Inf,96.668,1.1092
43.393,15.553,34.595,5,48.987,103.14,94.17,0,18,0.020256,0.031354,Inf,94.228,1.0625
39.579,26.961,26.153,5,50.583,103.25,96.477,0,16,0.01166,0.032546,Inf,96.534,1.0843
49.849,36.019,222.51,5,52.821,102.47,84.233,0,17,0.056422,0.024717,Inf,84.316,1.3285
73.139,14.457,-81.014,5,76.988,-4.8466,265.21,0,4,0.53976,1.0485,Inf,286.46,0.22569
21.512,14.991,157.2,5,-2.6963,19.086,188.23,0,5,1.0539,0.80914,Inf,211.55,0.27885
58.649,46.419,156.33,5,47.35,102.93,83.601,0,12,0.05299,0.029339,Inf,83.694,1.1055
59.671,45.21,107.74,5,46.955,103.02,88.355,0,12,0.060904,0.030159,Inf,88.459,1.0784
68.397,20.44,-3.2522,5,101.25,42.853,31.903,0,8,1.025,0.57147,Inf,83.127,0.48984
63.019,35.898,32.092,5,47.09,100.97,95.372,0,14,0.058196,0.0097159,Inf,95.421,1.0702
64.012,26.035,197.43,5,50.602,101.08,83.462,0,17,0.012046,0.01077,Inf,83.471,1.1291
90.998,16.846,190.51,5,48.293,100.48,84.5,0,22,0.034137,0.0047645,Inf,84.518,1.1865
31.914,25.409,16.065,5,51.501,103.63,95.933,0,17,0.030019,0.036299,Inf,96.013,1.1075
81.387,23.158,76.815,5,46.802,102.73,90.784,0,18,0.063964,0.02726,Inf,90.881,1.0843
37.417,29.986,213.2,5,-2.8754,56.471,137.87,0,10,1.0575,0.43529,Inf,153.94,0.70289
42.107,37.416,-1.2634,5,49.264,100.57,99.334,0,14,0.014726,0.0057329,Inf,99.339,1.1097
38.99,30.464,269.87,5,20.619,-0.015348,-20.045,0,11,0.58761,1.0002,Inf,106.15,0.78122
42.574,43.308,254.02,5,-1.1745,54.014,157.83,0,10,1.0235,0.45986,Inf,172.18,0.87449
64.315,36.387,222.86,5,51.45,100.49,82.329,0,16,0.028994,0.0048993,Inf,82.343,1.2269
21.283,24.696,151.65,5,-1.9559,33.529,168.16,0,5,1.0391,0.66471,Inf,188.14,0.3102
80.362,16.289,105.59,5,47.203,100.75,86.84,0,19,0.055941,0.0074938,Inf,86.888,1.0668
82.317,49.827,-40.268,5,47.516,100.93,85.364,0,21,0.049687,0.0093236,Inf,85.405,1.7594
70.657,12.454,33.653,5,46.977,104.64,88.152,0,20,0.060466,0.046364,Inf,88.326,1.1117
86.009,19.484,62.387,5,46.851,103.61,89.48,0,20,0.062986,0.036073,Inf,89.608,1.1338
70.359,14.034,-83.154,5,79.436,-3.4181,-78.755,0,4,0.58872,1.0342,Inf,133.28,0.22639
42.055,13.071,83.066,5,50.145,101.52,95.149,0,18,0.0028917,0.01518,Inf,95.161,1.031
31.45,49.174,224.99,5,51.535,101.52,96.012,0,26,0.030703,0.015171,Inf,96.037,2.4027
38.712,49.597,35.414,5,53.147,101.43,90.092,0,11,0.062944,0.014319,Inf,90.159,1.0648
40.223,34.856,127.53,5,53.035,102.27,91.061,0,14,0.060708,0.022697,Inf,91.14,1.0626
70.865,30.027,110.97,5,46.99,104.24,88.054,0,16,0.060206,0.042415,Inf,88.207,1.0956
59.752,28.041,115.91,5,48.12,100.72,84.689,0,15,0.037596,0.0072478,Inf,84.713,1.0328
29.581,9.9981,-29.465,5,48.936,101.57,94.107,0,21,0.021279,0.015692,Inf,94.126,1.1377
48.029,40.615,28.506,5,49.201,102.89,98.84,0,13,0.015988,0.028896,Inf,98.885,1.094
43.909,47.929,198.12,5,50.087,100.6,74.651,0,13,0.001745,0.0060312,Inf,74.653,1.2398
74.563,41.406,244.95,5,48.452,102.52,82.2,0,17,0.030956,0.025197,Inf,82.253,1.3379
62.08,32.329,93.346,5,47.593,104.53,85.56,0,15,0.048137,0.045347,Inf,85.713,1.0911
36.019,33.998,227.59,5,50.45,102.87,95.852,0,34,0.0090045,0.028694,Inf,95.896,2.5198
74.198,7.2136,111.39,5,48.178,100.11,84.636,0,20,0.036449,0.0010559,Inf,84.655,1.0429
50.862,17.06,-88.051,5,47.052,104.81,87.628,0,25,0.058951,0.04808,Inf,87.81,1.507
54.329,26.577,116.72,5,49.314,100.49,84.454,0,15,0.013713,0.0048539,Inf,84.458,1.0197
84.001,33.048,-5.7215,5,49.234,103.58,84.505,0,28,0.015316,0.035762,Inf,84.584,1.8644
44.821,29.242,-3.7188,5,47.165,101.81,93.054,0,16,0.056692,0.018086,Inf,93.115,1.1276
71.758,36.494,219.42,5,48.13,100.71,82.818,0,16,0.037401,0.0070742,Inf,82.842,1.1917
71.664,12.626,148.02,5,48.274,100.73,84.554,0,19,0.034511,0.0073231,Inf,84.575,1.0553
55.133,44.711,192.67,5,51.79,100.5,80.233,0,13,0.035805,0.0050068,Inf,80.254,1.1706
25.32,33.28,252.6,5,48.736,101.27,93.885,0,26,0.025277,0.012657,Inf,93.902,1.8274
33.456,30.26,20.719,5,51.845,104.47,95.605,0,16,0.036899,0.044741,Inf,95.728,1.1161
23.368,13.516,-49.11,5,49.407,103.36,94.809,0,22,0.011865,0.033637,Inf,94.871,1.2156
89.146,23.736,265.09,5,48.652,100.98,84.342,0,23,0.026956,0.0098147,Inf,84.358,1.3415
77.932,25.572,192.56,5,47.658,100.99,85.347,0,18,0.046831,0.009946,Inf,85.385,1.1321
92.204,26.661,155.14,5,47.689,104.83,85.294,0,21,0.046211,0.048329,Inf,85.462,1.2409
34.87,18.767,71.313,5,50.965,104.71,96.038,0,18,0.019301,0.047057,Inf,96.158,1.0892
29.009,32.558,116.32,5,53.093,101.83,87.151,0,15,0.061867,0.018302,Inf,87.225,1.0618
41.948,46.849,-22.648,5,48.845,100.7,101.3,0,13,0.023094,0.0069737,Inf,101.31,1.2091
37.218,11.766,-36.579,5,47.583,102.47,87.652,0,21,0.048341,0.02468,Inf,87.72,1.1777
32.712,21.8,142.86,5,53.088,100.85,90.401,0,17,0.061764,0.0084947,Inf,90.457,1.0613
35.01,10.728,156.86,5,52.288,103.96,94.748,0,20,0.045756,0.039611,Inf,94.859,1.1047
23.395,21.195,97.771,5,52.882,103.48,92.418,0,18,0.057649,0.034755,Inf,92.529,1.0821
14.611,39.442,169.4,5,-0.82903,30.312,248.49,0,4,1.0166,0.69688,Inf,263.03,0.28514
13.213,26.714,89.803,5,53.117,100.97,89.776,0,18,0.062338,0.0097314,Inf,89.835,1.0976
26.908,41.04,227.68,5,49.851,103.74,95.699,0,26,0.0029886,0.037444,Inf,95.772,2.053
82.251,9.132,17.325,5,100.95,5.9666,-38.088,0,4,1.0189,0.94033,Inf,113.53,0.20742
18.068,16.554,158.73,5,-1.5046,17.982,192.64,0,4,1.0301,0.82018,Inf,215.62,0.22385
85.77,19.362,-8.6378,5,86.326,-0.62536,220.46,0,5,0.72653,1.0063,Inf,245.04,0.2834
92.146,40.028,176.61,5,46.805,102.6,90.05,0,18,0.06391,0.026012,Inf,90.145,1.2278
76.817,8.0634,16.22,5,100.5,7.2048,-34.121,0,5,1.01,0.92795,Inf,111.02,0.26105
33.398,37.127,96.878,5,53.079,102.96,90.558,0,14,0.061572,0.02963,Inf,90.659,1.0765
40.633,14.968,-14.074,5,47.426,100.83,90.127,0,19,0.051482,0.0082888,Inf,90.168,1.1105
80.82,17.894,26.447,5,100.09,22.532,2.6045,0,4,1.0018,0.77468,Inf,92.287,0.22805
14.403,33.41,177.71,5,50.702,100.44,95.996,0,29,0.01404,0.0043989,Inf,95.999,1.9203
32.277,20.514,167.36,5,52.909,100.32,84.926,0,18,0.058172,0.0031617,Inf,84.976,1.1051
73.988,7.3883,178.13,5,49.483,101.25,84.701,0,21,0.010349,0.012467,Inf,84.712,1.0975
9.5146,20.047,88.747,5,52.761,100.24,93.116,0,20,0.055229,0.0023772,Inf,93.157,1.1158
15.474,37.411,85.418,5,52.96,103.87,85.401,0,16,0.059205,0.038707,Inf,85.54,1.1192
81.482,11.571,226.57,5,49.768,104.52,85.01,0,23,0.0046356,0.04523,Inf,85.13,1.2251
71.194,10.785,-48.761,5,82.064,-4.2266,-87.372,0,4,0.64127,1.0423,Inf,139.73,0.21811
29.922,49.306,124.6,5,51.39,103.74,78.064,0,12,0.0278,0.037393,Inf,78.166,1.1004
22.215,18.392,201.07,5,23.126,-1.7618,-36.815,0,5,0.53747,1.0176,Inf,111.5,0.29
66.968,44.404,200.02,5,47.657,103.65,82.365,0,14,0.046859,0.03651,Inf,82.479,1.2043
7.1554,41.107,62.048,5,53.082,101.92,86.781,0,17,0.061644,0.019158,Inf,86.857,1.1671
16.129,14.976,46.578,5,51.51,104.18,95.876,0,21,0.0302,0.041849,Inf,95.979,1.1473
46.187,27.271,246.76,5,52.791,102.38,84.021,0,21,0.055829,0.023785,Inf,84.101,1.4417
49.164,32.776,28.869,5,47.714,104.96,94.358,0,15,0.04571,0.049581,Inf,94.515,1.1156
68.075,35.14,-36.602,5,49.335,103.64,84.561,0,30,0.013294,0.036444,Inf,84.642,2.2278
64.789,13.174,159.66,5,49.688,102.74,84.811,0,19,0.00623,0.027376,Inf,84.856,1.0786
85.17,23.598,243.7,5,48.349,100.09,84.424,0,21,0.033029,0.00091924,Inf,84.44,1.2484
23.16,41.704,144.74,5,-3.0252,64.923,136.93,0,7,1.0605,0.35077,Inf,150.97,0.54536
84.721,32.045,186.72,5,47.117,101.62,87.154,0,18,0.057653,0.016243,Inf,87.217,1.1794
73.96,45.933,266.51,5,49.467,104.36,81.51,0,18,0.010666,0.04359,Inf,81.628,1.5219
38.989,15.159,123.54,5,51.365,102.33,95.962,0,18,0.027294,0.02334,Inf,96.001,1.052
80.48,24.416,-8.4774,5,50.086,103.69,85.585,0,29,0.0017262,0.036874,Inf,85.664,1.7792
7.7625,37.311,86.298,5,52.997,100.48,85.725,0,17,0.059944,0.004761,Inf,85.779,1.1245
39.632,29.243,-40.217,5,46.924,103.54,90.383,0,18,0.061526,0.035404,Inf,90.504,1.2585
16.425,27.689,-89.469,5,50.675,101.74,96.172,0,22,0.013495,0.017443,Inf,96.191,1.3797
39.971,49.31,82.006,5,53.111,102.11,89.447,0,11,0.06223,0.021112,Inf,89.526,1.0644
14.769,44.047,86.93,5,52.501,104.89,82.3,0,15,0.050013,0.048884,Inf,82.483,1.1343
55.934,45.29,-35.781,5,49.943,102.55,104.98,0,15,0.0011356,0.025479,Inf,105.01,1.3629
59.799,22.093,223.34,5,52.785,100.28,92.552,0,19,0.055708,0.0028333,Inf,92.594,1.2099
92.614,8.642,145.99,5,49.072,102.16,84.415,0,24,0.018556,0.021563,Inf,84.448,1.1904
16.171,38.112,216.12,5,51.023,102.51,96.136,0,24,0.020465,0.025056,Inf,96.174,1.7014
35.138,40.183,-79.333,5,46.974,100.79,93.677,0,18,0.060528,0.0079123,Inf,93.729,1.4602
36.85,43.307,-36.926,5,48.833,104.02,99.356,0,15,0.023333,0.040171,Inf,99.444,1.2887
35.731,36.231,53.253,5,52.747,102.55,93.175,0,14,0.054946,0.025534,Inf,93.251,1.0712
40.036,42.968,248.23,5,-1.9346,39.6,212.42,0,9,1.0387,0.604,Inf,226.87,0.77726
40.862,37.149,108.22,5,52.962,100.36,90.744,0,13,0.059232,0.0035722,Inf,90.793,1.0234
46.564,23.391,260.25,5,52.975,101.95,85.548,0,23,0.059498,0.019512,Inf,85.622,1.4996
82.496,39.445,164.16,5,46.798,101.18,90.227,0,16,0.064033,0.01179,Inf,90.291,1.1641
76.177,25.771,98.847,5,46.85,103.15,89.502,0,17,0.063005,0.031533,Inf,89.613,1.0799
10.814,8.4042,20.047,5,50.193,103.95,95.627,0,24,0.0038691,0.039503,Inf,95.709,1.2045
11.357,11.526,121.95,5,52.751,101.57,93.165,0,22,0.055025,0.01575,Inf,93.219,1.1394
10.871,47.145,208.5,5,52.002,104.56,95.349,0,24,0.040036,0.045553,Inf,95.478,1.8247
7.1534,21.47,139.09,5,-0.31778,28.116,137.87,0,2,1.0064,0.71884,Inf,163.42,0.11178
42.649,15.554,119.93,5,51.336,103.81,95.508,0,18,0.026713,0.038105,Inf,95.594,1.0618
62.634,49.995,-33.4,5,101.18,70.462,29.103,0,9,1.0236,0.29538,Inf,65.872,0.8725
77.313,18.582,-72.131,5,51.219,104.46,88.744,0,27,0.024389,0.044598,Inf,88.865,1.572
19.263,45.158,45.283,5,52.739,102.56,83.668,0,14,0.054784,0.025578,Inf,83.752,1.1134
64,22.261,244.86,5,52.4,103.49,93.847,0,21,0.048004,0.034942,Inf,93.943,1.3293
7.7077,40.085,130.51,5,50.225,100.3,74.909,0,18,0.0044944,0.0030175,Inf,74.91,1.2272
35.255,20.41,103.93,5,51.86,101.82,95.527,0,17,0.037208,0.01818,Inf,95.563,1.0501
11.779,26.981,161.23,5,-3.0555,28.076,185.4,0,3,1.0611,0.71924,Inf,205.82,0.182
28.591,26.356,14.272,5,52.022,103.03,95.297,0,17,0.040435,0.030278,Inf,95.366,1.1083
15.538,25.677,170.51,5,49.97,100.33,95.358,0,32,0.00059985,0.0033008,Inf,95.358,1.953
87.014,43.773,-4.9487,5,47.858,100.12,84.989,0,26,0.042832,0.0011549,Inf,85.017,1.9312
73.724,24.653,-22.589,5,50.449,104.72,86.388,0,30,0.008981,0.047185,Inf,86.518,1.8989
48.638,27.102,4.8626,5,46.886,100.77,90.699,0,16,0.062287,0.0077012,Inf,90.756,1.0972
69.376,20.656,-24.462,5,80.043,-1.3939,196.79,0,9,0.60086,1.0139,Inf,223.41,0.55096
29.259,15.809,255.52,5,20.382,-1.5097,264.27,0,4,0.59236,1.0151,Inf,284.64,0.23066
79.265,33.291,268.38,5,49.468,104.66,83.833,0,21,0.01064,0.046583,Inf,83.964,1.4414
19.77,32.984,129.23,5,51.651,102.52,78.888,0,17,0.033022,0.025197,Inf,78.945,1.1562
22.772,13.443,233.26,5,22.587,-0.96819,-71.124,0,3,0.54826,1.0097,Inf,126.51,0.16531
78.594,9.3065,173.04,5,49.477,104.31,84.707,0,22,0.01045,0.043092,Inf,84.818,1.1567
77.67,13.462,-64.373,5,74.867,-0.55327,235.88,0,3,0.49734,1.0055,Inf,257.62,0.1651
78.277,20.925,25.251,5,102.31,26.201,-3.8056,0,5,1.0462,0.73799,Inf,90.537,0.2977
84.583,9.3786,85.41,5,47.593,100.87,85.563,0,21,0.048143,0.0086741,Inf,85.601,1.0825
43.825,9.3654,77.815,5,49.562,103.24,93.837,0,19,0.0087613,0.032405,Inf,93.894,1.0457
8.3807,21.265,67.119,5,52.2,103.63,94.968,0,21,0.043997,0.036326,Inf,95.063,1.179
36.541,13.002,116.79,5,50.954,104.61,96.037,0,19,0.019084,0.046121,Inf,96.153,1.0791
10.087,20.407,101.94,5,52.882,101.6,92.432,0,20,0.057631,0.016019,Inf,92.491,1.1231
48.243,49.755,145.65,5,50.761,102.39,79.247,0,11,0.01523,0.023914,Inf,79.287,1.094
78.152,40.315,-37.67,5,49.346,102.74,84.066,0,24,0.013083,0.027398,Inf,84.113,1.8184
67.722,31.988,263.57,5,52.689,101.4,89.07,0,20,0.053778,0.013994,Inf,89.122,1.4228
70.574,21.413,-73.76,5,78.582,-0.44908,254.93,0,5,0.57165,1.0045,Inf,275.49,0.30775
65.061,41.215,159.76,5,46.934,100.82,87.808,0,13,0.061316,0.008169,Inf,87.865,1.0711
91.361,17.757,124.47,5,48.102,104.48,84.674,0,22,0.037953,0.044768,Inf,84.813,1.1949
14.318,25.77,-7.6359,5,51.874,104.34,95.539,0,20,0.037479,0.04338,Inf,95.656,1.2142
13.696,10.801,155.93,5,-0.83123,14.334,172.14,0,3,1.0166,0.85666,Inf,198.88,0.15576
59.106,14.629,71.678,5,48.727,102.78,84.523,0,18,0.025457,0.027826,Inf,84.578,1.0483
34.413,26.265,-0.0086576,5,50.434,103.53,96.738,0,17,0.0086838,0.035292,Inf,96.804,1.1279
15.592,39.282,-41.354,5,52.982,101.4,91.788,0,17,0.059648,0.013957,Inf,91.847,1.2179
80.965,21.895,60.051,5,46.915,100.59,93.796,0,18,0.0617,0.0058642,Inf,93.848,1.0712
86.173,9.5388,259.82,5,49.967,100.49,85.341,0,25,0.00066286,0.0048962,Inf,85.343,1.283
60.723,49.145,47.561,5,47.642,101.12,98.361,0,11,0.047159,0.011213,Inf,98.395,1.0582
31.932,8.761,197.3,5,-1.9596,13.592,195.72,0,7,1.0392,0.86408,Inf,220.17,0.3763
19.727,13.849,-61.118,5,49.562,103.84,94.883,0,23,0.0087694,0.038394,Inf,94.961,1.2594
86.475,22.201,130.66,5,47.57,103.6,85.598,0,20,0.048592,0.036017,Inf,85.708,1.1638
50.621,29.049,20.527,5,47.015,100.02,92.212,0,15,0.059702,0.00022274,Inf,92.261,1.057
90.839,28.885,37.544,5,103.29,37.247,32.311,0,3,1.0658,0.62753,Inf,88.439,0.18291
76.357,37.203,11.965,5,48.738,104,84.344,0,32,0.025249,0.039965,Inf,84.448,2.3494
27.462,39.762,180.91,5,-0.85979,31.66,258.39,0,7,1.0172,0.6834,Inf,272.07,0.54418
68.372,13.143,151.98,5,48.846,102.25,84.382,0,19,0.023071,0.022533,Inf,84.42,1.0701
24.218,30.151,197.19,5,49.623,103.57,94.903,0,28,0.0075323,0.035741,Inf,94.971,1.8803
27.056,21.23,266.42,5,25.063,-2.6901,-64.771,0,5,0.49874,1.0269,Inf,123.95,0.30471
31.765,13.945,77.502,5,51.038,103.97,96.04,0,19,0.020768,0.039704,Inf,96.128,1.08
57.891,33.512,-43.959,5,49.356,100.48,103.63,0,18,0.012874,0.0047627,Inf,103.63,1.3442
37.7,8.1278,41.09,5,49.531,104.74,94.591,0,20,0.0093889,0.047368,Inf,94.71,1.0788
70.982,28.611,255.36,5,51.677,101.4,85.821,0,20,0.033538,0.014042,Inf,85.849,1.3439
72.405,12.607,212,5,50.318,103.14,85.418,0,21,0.0063533,0.031382,Inf,85.476,1.1638
70.372,40.032,140.93,5,46.803,104.14,91.582,0,14,0.063949,0.041357,Inf,91.731,1.1053
89.971,37.928,195.61,5,46.861,102.41,89.095,0,18,0.062778,0.024119,Inf,89.182,1.219
47.876,32.965,207.86,5,53.049,103.58,86.424,0,17,0.06098,0.035757,Inf,86.551,1.2674
34.565,45.921,51.371,5,53.122,101.88,87.879,0,12,0.062434,0.018821,Inf,87.955,1.0669
14.515,12.225,153.19,5,-4.6797,17.474,172.77,0,4,1.0936,0.82526,Inf,199.13,0.21125
62.583,22.501,220.38,5,52.597,102.15,90.138,0,19,0.051948,0.021546,Inf,90.201,1.21
41.753,45.539,-41.597,5,47.406,103.98,97.188,0,15,0.051872,0.03979,Inf,97.304,1.3616
86.868,27.907,25.743,5,101.34,31.643,8.3939,0,3,1.0268,0.68357,Inf,85.9,0.18525
52.798,15.39,27.598,5,47.634,102,85.883,0,18,0.047329,0.019977,Inf,85.939,1.0631
66.291,42.898,70.628,5,46.911,103.91,93.751,0,13,0.061776,0.03906,Inf,93.883,1.0946
7.868,29.226,15.938,5,52.489,101.89,94.231,0,20,0.049775,0.018904,Inf,94.283,1.2141
36.662,26.19,174.56,5,52.999,101.94,85.805,0,17,0.05998,0.019367,Inf,85.879,1.1333
15.905,23.446,-45.113,5,51.707,100.08,95.748,0,20,0.034134,0.00079654,Inf,95.763,1.1933
11.931,9.2857,58.982,5,50.846,104.91,96.025,0,23,0.016928,0.049106,Inf,96.154,1.169
32.503,36.534,-55.457,5,48.609,101.64,97.652,0,17,0.027814,0.016415,Inf,97.676,1.2911
91.662,14.985,177.53,5,48.719,102.93,84.345,0,23,0.025617,0.029304,Inf,84.405,1.2147
28.092,15.582,120.28,5,52.469,104.39,94.252,0,19,0.049382,0.04389,Inf,94.386,1.0893
7.1,39.571,59.942,5,53.084,100.22,86.806,0,17,0.061679,0.0021523,Inf,86.861,1.147
54.78,36.328,20.437,5,46.883,101.69,93.351,0,14,0.062336,0.016885,Inf,93.418,1.0963
44.28,36.391,254.93,5,50.113,104.28,74.709,0,23,0.0022631,0.042781,Inf,74.831,1.8007
87.055,15.425,-71.932,5,49.948,100.94,85.308,0,26,0.0010356,0.009398,Inf,85.313,1.4079
92.358,48.51,-16.066,5,47.4,100.63,86.027,0,25,0.051995,0.0062831,Inf,86.069,1.8748
85.379,37.757,199.03,5,46.848,101.35,89.271,0,17,0.063035,0.013471,Inf,89.337,1.1872
87.259,30.326,188.32,5,47.284,102.52,86.426,0,19,0.054313,0.025196,Inf,86.506,1.2024
13.421,26.589,157.64,5,-1.2496,29.384,176,0,3,1.025,0.70616,Inf,196.44,0.18288
86.261,21.198,183.94,5,48.268,104.27,84.518,0,21,0.03464,0.042656,Inf,84.643,1.2104
62.768,45.104,-53.425,5,48.216,104.32,84.56,0,33,0.035674,0.043226,Inf,84.689,2.9275
78.584,21.382,159.79,5,47.942,102.45,84.89,0,19,0.041155,0.024478,Inf,84.95,1.1356
75.658,15.205,150.19,5,47.948,100.42,84.901,0,19,0.041039,0.0041787,Inf,84.927,1.0723
34.23,34.763,94.107,5,53.012,100.84,91.385,0,14,0.060232,0.0083553,Inf,91.439,1.043
22.309,40.946,40.162,5,52.926,100.66,85.079,0,14,0.058519,0.0065891,Inf,85.132,1.0732
81.369,9.7058,166.96,5,49.227,102.25,84.501,0,22,0.015463,0.022529,Inf,84.535,1.1508
84.675,23.658,96.238,5,46.993,104.79,88.028,0,19,0.060137,0.047883,Inf,88.209,1.133
62.04,18.27,170.02,5,50.387,102.32,84.827,0,18,0.0077411,0.023233,Inf,84.86,1.0894
62.495,8.1379,144.65,5,50.09,104.49,85.618,0,20,0.0018019,0.044934,Inf,85.736,1.0787
72.552,38.122,266.62,5,50.714,101.57,82.924,0,19,0.014284,0.015707,Inf,82.942,1.4425
42.955,9.3312,206.6,5,52.532,103.94,94.048,0,22,0.050638,0.039436,Inf,94.165,1.2096
29.724,9.35,12.845,5,50.272,101.32,95.706,0,20,0.0054334,0.013167,Inf,95.715,1.0765
47.425,17.211,30.766,5,47.82,104.66,91.033,0,18,0.04359,0.046645,Inf,91.178,1.0866
43.798,11.117,197.73,5,52.421,103.6,94.395,0,21,0.048425,0.03601,Inf,94.495,1.1785
36.339,38.045,-30.052,5,49.504,100.52,99.571,0,15,0.0099201,0.0051896,Inf,99.573,1.1822
75.498,43.267,18.079,5,104.21,48.203,-15.036,0,6,1.0843,0.51797,Inf,76.473,0.48232
72.261,40.583,-16.762,5,48.812,104.63,84.324,0,28,0.023751,0.046344,Inf,84.46,2.2065
71.7,42.855,130,5,47.133,101.78,95.672,0,13,0.057349,0.017761,Inf,95.732,1.0634
63.986,45.031,75.42,5,46.917,101.79,93.821,0,12,0.061665,0.017861,Inf,93.889,1.0578
81.516,25.985,70.412,5,46.949,100.4,94.165,0,17,0.061019,0.0040132,Inf,94.216,1.0566
16.958,36.621,70.778,5,53.085,103.53,86.986,0,16,0.061694,0.035282,Inf,87.113,1.1193
31.893,49.6,195.08,5,-1.7005,57.909,180.84,0,7,1.034,0.42091,Inf,192.74,0.65355
72.609,21.693,38.515,5,46.931,103.17,93.972,0,18,0.061386,0.031701,Inf,94.075,1.1042
48.852,33.824,84.404,5,50.157,103.74,91.931,0,14,0.0031342,0.03741,Inf,92.007,1.0576
30.12,30.813,-6.8438,5,51.91,101.23,95.894,0,16,0.038208,0.012299,Inf,95.921,1.1113
32.714,16.911,14.102,5,50.753,100.16,96.097,0,18,0.015068,0.0015887,Inf,96.1,1.0605
50.021,19.05,49.241,5,47.945,102.7,91.636,0,17,0.041108,0.02698,Inf,91.699,1.05
27.428,45.179,143.35,5,48.936,101.62,72.13,0,13,0.021282,0.016182,Inf,72.156,1.0964
48.66,27.251,-46.818,5,46.8,102.57,91.266,0,19,0.064008,0.025687,Inf,91.358,1.3056
46.839,36.623,-81.736,5,46.946,103.67,94.129,0,20,0.061089,0.036709,Inf,94.25,1.5759
19.236,11.872,143.68,5,-1.9234,25.128,151.74,0,5,1.0385,0.74872,Inf,177,0.26783
52.346,23.122,105.98,5,49.947,102.55,86.05,0,16,0.0010695,0.025508,Inf,86.088,1.0401
58.963,30.901,156.77,5,49.113,102.2,83.118,0,15,0.017731,0.022018,Inf,83.152,1.0764
85.372,36.125,-76.544,5,48.435,104.29,84.301,0,22,0.031295,0.042855,Inf,84.425,1.5065
51.009,8.4014,155.54,5,51.983,100.09,93.018,0,19,0.039663,0.00089221,Inf,93.039,1.0371
32.332,47.746,11.655,5,53.2,100.71,89.25,0,12,0.064007,0.0071487,Inf,89.31,1.0877
68.401,31.478,58.562,5,46.82,101.57,92.246,0,15,0.063607,0.015658,Inf,92.314,1.0571
67.64,13.505,-15.428,5,100.92,22.953,2.0329,0,7,1.0185,0.77047,Inf,92.378,0.39649
76.775,12.316,26.867,5,104.71,22.245,5.3584,0,6,1.0942,0.77755,Inf,95.225,0.32722
33.752,26.26,-52.555,5,47.501,102.26,92.872,0,19,0.049986,0.022625,Inf,92.933,1.2581
44.272,26.369,242.07,5,52.193,100.86,80.885,0,21,0.043865,0.0085968,Inf,80.919,1.4217
10.538,24.143,-25.121,5,51.754,103.53,95.684,0,21,0.035085,0.035277,Inf,95.765,1.228
43.345,14.871,42.732,5,49.272,102.89,94.402,0,18,0.014567,0.028917,Inf,94.449,1.054
56.071,8.5901,123.14,5,50.47,102.09,86.553,0,19,0.0094059,0.020947,Inf,86.579,1.037
70.495,31.992,41.107,5,47.525,100.22,97.84,0,15,0.049491,0.0022008,Inf,97.872,1.0559
23.79,23.578,40.336,5,52.454,104.49,94.298,0,18,0.049082,0.044928,Inf,94.437,1.114
58.972,16.992,-55.085,5,101.65,35.85,29.615,0,10,1.033,0.6415,Inf,87.522,0.59886
47.179,10.116,15.134,5,47.596,100.64,87.636,0,19,0.048079,0.0064214,Inf,87.671,1.0564
62.79,45.233,269.53,5,53.015,101.06,86.021,0,18,0.060306,0.010584,Inf,86.08,1.6003
74.546,33.088,61.619,5,47.393,101.04,97.2,0,15,0.052133,0.010382,Inf,97.241,1.0523
16.188,29.796,94.727,5,53.114,102.13,87.645,0,17,0.062287,0.021264,Inf,87.726,1.0908
38.278,10.14,66.35,5,49.892,102.07,95.23,0,19,0.0021626,0.020673,Inf,95.253,1.0483
39.077,19.317,118.55,5,51.736,101.7,95.672,0,17,0.034714,0.016978,Inf,95.702,1.044
87.89,24.176,262.34,5,48.842,103.21,84.332,0,23,0.023157,0.032108,Inf,84.401,1.3567
21.53,49.462,255.78,5,51.676,102.21,97.332,0,19,0.033529,0.02215,Inf,97.372,1.6378
42.07,26.792,232.26,5,51.355,101.21,77.958,0,21,0.0271,0.012099,Inf,77.979,1.4259
14.096,16.727,-32.532,5,50.86,103.72,96.044,0,22,0.017207,0.037179,Inf,96.12,1.213
70.623,8.8436,227.31,5,51.401,101.11,88.03,0,22,0.028011,0.011104,Inf,88.048,1.177
53.561,15.379,94.86,5,49.271,100.06,87.263,0,17,0.014574,0.00058037,Inf,87.266,1.0036
81.184,11.797,-88.916,5,50.607,100.42,86.484,0,25,0.012136,0.0042123,Inf,86.487,1.3361
14.671,38.859,118.05,5,52.085,103.82,80.445,0,16,0.041696,0.038178,Inf,80.563,1.1329
7.2318,41.813,-18.972,5,53.105,103.49,90.281,0,18,0.062098,0.03489,Inf,90.402,1.2463
54.845,26.965,117.09,5,49.17,100.8,84.42,0,15,0.016606,0.0079657,Inf,84.428,1.0247
49.92,12.648,96.837,5,50.314,102.55,89.235,0,18,0.0062797,0.02552,Inf,89.272,1.0303
86.464,15.169,-65.507,5,50.278,103.67,85.991,0,27,0.0055538,0.036675,Inf,86.069,1.462
17.881,17.184,-36.638,5,50.947,101.8,96.066,0,21,0.018937,0.01795,Inf,96.088,1.1821
58.013,48.482,22.253,5,47.895,103.61,99.364,0,12,0.042094,0.036108,Inf,99.452,1.1508
74.759,21.248,216.26,5,48.993,100.01,83.926,0,19,0.020131,0.00011124,Inf,83.932,1.1508
16.577,28.474,-87.987,5,50.633,103.16,96.151,0,22,0.012661,0.031602,Inf,96.205,1.3933
58.265,8.3375,226.67,5,51.522,100,95.853,0,22,0.030441,2.5346e-05,Inf,95.866,1.1952
79.163,37.59,126.16,5,46.961,102.07,94.28,0,15,0.060789,0.020674,Inf,94.352,1.0887
78.575,14.951,268.6,5,50.804,101.43,86.603,0,24,0.016082,0.014279,Inf,86.619,1.3375
61.864,24.272,208.64,5,52.315,102.04,87.564,0,18,0.046309,0.02035,Inf,87.618,1.1741
49.231,42.584,-39.747,5,48.164,100.25,100.3,0,15,0.036715,0.0024842,Inf,100.32,1.3061
69.219,43.386,-8.0272,5,102.59,52.165,-3.1566,0,7,1.0518,0.47835,Inf,71.16,0.58541
10.592,48.868,78.49,5,52.386,104.73,81.73,0,15,0.047729,0.047256,Inf,81.902,1.1618
79.704,32.312,28.129,5,103.6,38.481,0.24385,0,5,1.072,0.61519,Inf,81.592,0.33821
30.99,34.295,130.94,5,53.032,103.67,86.195,0,15,0.060636,0.036738,Inf,86.326,1.0965
91.619,39.508,89.476,5,46.987,103.24,94.629,0,17,0.060256,0.032381,Inf,94.732,1.1576
15.895,23.709,-68.918,5,50.647,104.39,96.036,0,22,0.012943,0.043867,Inf,96.138,1.3163
51.019,16.786,140.24,5,51.808,104.98,89.662,0,18,0.036166,0.04985,Inf,89.819,1.0815
8.0149,15.944,-75.625,5,50.212,103.91,95.644,0,25,0.004245,0.039113,Inf,95.724,1.3304
9.2065,12.088,4.0358,5,50.838,100.67,96.04,0,23,0.016756,0.0066575,Inf,96.046,1.1866
57.128,33.143,54.965,5,46.939,101.29,90.032,0,14,0.061217,0.012872,Inf,90.093,1.0411
55.885,37.135,164.55,5,50.262,102.85,81.652,0,14,0.0052391,0.0285,Inf,81.702,1.1087
14.88,38.986,-84.738,5,51.982,104.03,95.502,0,20,0.039645,0.040276,Inf,95.607,1.4205
78.972,32.123,134.29,5,46.799,101.14,91.175,0,16,0.064012,0.011414,Inf,91.238,1.084
43.399,40.965,8.4781,5,50.082,100.67,100.39,0,13,0.001648,0.0066752,Inf,100.39,1.0942
17.366,27.244,132.42,5,52.142,102.5,80.646,0,20,0.04284,0.024997,Inf,80.713,1.2541
50.125,48.748,187.8,5,52.227,104.84,81.028,0,13,0.044546,0.04841,Inf,81.203,1.2682
83.596,28.335,228.43,5,48.061,104.62,84.682,0,20,0.038788,0.046161,Inf,84.83,1.2634
48.242,17.474,191.83,5,52.552,102.31,93.979,0,19,0.051046,0.023137,Inf,94.042,1.1509
50.606,22.353,243.43,5,53.084,101.13,90.474,0,21,0.061677,0.011283,Inf,90.533,1.3522
86.679,40.328,-79.988,5,47.808,104.15,84.988,0,21,0.043832,0.041523,Inf,85.117,1.4991
14.685,30.265,202.24,5,50.188,104.01,95.631,0,27,0.0037556,0.040112,Inf,95.715,1.7271
41.987,30.509,87.499,5,51.706,104.1,94.911,0,15,0.034115,0.04103,Inf,95.015,1.0722
43.56,35.26,262.5,5,-2.8124,47.675,153.16,0,11,1.0562,0.52325,Inf,170.25,0.84537
57.193,35.673,142.65,5,48.479,103.47,83.667,0,14,0.030421,0.034665,Inf,83.753,1.0814
26.09,14.299,180.46,5,7.9612,-2.8145,-62.001,0,7,0.84078,1.0281,Inf,127.21,0.39337
69.208,49.486,7.2436,5,56.631,102.05,118.94,0,14,0.13261,0.020546,Inf,119.14,1.2953
65.489,44.56,107.32,5,46.853,100.56,92.945,0,12,0.062938,0.0056496,Inf,93,1.0423
53.459,14.597,73.493,5,48.219,103.98,88.2,0,18,0.035616,0.039823,Inf,88.308,1.053
65.93,38.004,14.796,5,48.109,104.58,100.12,0,15,0.03781,0.045793,Inf,100.24,1.1717
61.239,43.309,85.288,5,46.805,100.9,90.82,0,12,0.063907,0.0090063,Inf,90.88,1.0382
88.207,41.891,152.44,5,46.787,104.02,90.615,0,17,0.064254,0.040233,Inf,90.761,1.2222
64.4,22.692,-73.659,5,80.798,-3.5294,227.81,0,8,0.61596,1.0353,Inf,252.12,0.50866
32.188,42.73,70.395,5,53.132,102.89,88.432,0,13,0.062645,0.028904,Inf,88.535,1.0838
27.739,16.686,179.72,5,-0.96435,18.143,209.42,0,6,1.0193,0.81857,Inf,230.55,0.34788
18.72,45.85,259.63,5,52.076,101.13,96.044,0,19,0.041521,0.011305,Inf,96.073,1.5191
81.184,12.75,33.87,5,103.96,22.702,14.742,0,5,1.0793,0.77298,Inf,95.417,0.26982
28.685,31.229,36.581,5,52.783,104.81,92.995,0,16,0.055661,0.048117,Inf,93.161,1.1111
15.678,40.436,116.61,5,51.517,101.67,78.457,0,15,0.030349,0.016662,Inf,78.49,1.091
46.553,33.462,-87.897,5,46.823,102.99,92.326,0,21,0.063546,0.029935,Inf,92.429,1.5759
30.917,10.937,-13.503,5,49.456,100.59,95.072,0,20,0.010883,0.0059079,Inf,95.076,1.0979
62.725,18.041,129.59,5,49.046,104.8,84.436,0,18,0.01908,0.047997,Inf,84.578,1.0851
25.495,43.852,154.12,5,-1.2859,66.38,139.59,0,7,1.0257,0.3362,Inf,152.47,0.57131
52.144,46.883,-78.206,5,49.79,103.3,104.64,0,18,0.0041916,0.032958,Inf,104.69,1.693
58.206,24.501,-9.666,5,46.807,103.58,91.839,0,18,0.063851,0.035838,Inf,91.965,1.1851
79.059,9.4973,150.47,5,48.732,101.3,84.375,0,21,0.025367,0.013008,Inf,84.395,1.1046
70.668,16.317,30.656,5,46.799,102.96,91.152,0,19,0.064012,0.029564,Inf,91.256,1.1021
49.837,16.848,263.94,5,52.836,101.69,92.704,0,24,0.05672,0.01686,Inf,92.763,1.4431
24.662,33.517,-3.9189,5,52.713,101.33,93.412,0,16,0.054266,0.013261,Inf,93.461,1.1244
22.886,7.5042,259.84,5,25.457,-1.9138,-62.224,0,2,0.49086,1.0191,Inf,121.9,0.10375
30.516,33.716,106.72,5,53.119,103.65,89.717,0,15,0.062378,0.036543,Inf,89.845,1.0856
81.129,28.638,151.47,5,47.276,103.08,86.509,0,18,0.054486,0.030762,Inf,86.607,1.156
7.8888,19.965,-44.463,5,51.014,104.67,96.06,0,23,0.020289,0.046682,Inf,96.179,1.2716
62.459,16.162,-9.9604,5,46.8,103.36,91.39,0,20,0.063993,0.033613,Inf,91.507,1.1798
74.025,33.208,146.99,5,46.8,100.11,90.931,0,15,0.063994,0.0010694,Inf,90.987,1.0566
32.367,31.172,266.44,5,48.866,101.79,93.042,0,31,0.022679,0.017856,Inf,93.066,2.1815
9.5214,41.331,246.2,5,52.188,102.24,95.013,0,22,0.04376,0.022401,Inf,95.064,1.5433
19.865,8.7729,94.828,5,51.879,104,95.503,0,21,0.03757,0.039984,Inf,95.605,1.0929
39.573,32.043,29.457,5,51.265,103.64,96.435,0,15,0.025302,0.036382,Inf,96.512,1.0909
87.337,14.222,79.505,5,47.4,102.99,86.095,0,21,0.052004,0.029944,Inf,86.187,1.1224
71.104,26.153,156.2,5,47.57,103.88,85.617,0,17,0.048598,0.038785,Inf,85.739,1.1067
32.419,15.745,113.41,5,52.049,101.17,95.239,0,18,0.040985,0.011674,Inf,95.269,1.0457
57.956,19.054,-51.425,5,47.284,103.76,96.615,0,23,0.054313,0.037634,Inf,96.726,1.4139
78.863,38.051,165.82,5,46.892,103.25,88.782,0,16,0.062153,0.032471,Inf,88.895,1.1706
15.699,12.71,147.37,5,-2.3572,21.224,159.34,0,4,1.0471,0.78776,Inf,185.3,0.21325
49.987,47.04,-13.865,5,48.197,101.81,100.42,0,13,0.036056,0.018121,Inf,100.45,1.2273
82.854,23.288,-54.536,5,50.202,104.25,85.64,0,26,0.0040476,0.042461,Inf,85.746,1.5578
19.868,38.629,255.45,5,50.79,102.12,96.783,0,21,0.015796,0.021186,Inf,96.809,1.5358
73.196,32.795,126.59,5,46.805,101.13,91.728,0,15,0.063899,0.011343,Inf,91.79,1.0549
46.044,33.085,225.3,5,52.559,102.42,82.607,0,18,0.051184,0.024181,Inf,82.682,1.3427
38.557,27.562,20.323,5,50.621,103.07,96.673,0,16,0.012413,0.030675,Inf,96.724,1.0909
21.869,27.165,44.942,5,52.945,101.94,91.974,0,17,0.058899,0.019421,Inf,92.042,1.0886
31.586,10.998,128.78,5,52.19,100.68,94.97,0,19,0.043794,0.0067788,Inf,94.998,1.0453
44.573,24.289,238.88,5,52.709,101.52,83.475,0,21,0.05418,0.015242,Inf,83.533,1.3833
78.692,11.124,-52.79,5,76.824,-2.9161,238.27,0,3,0.53647,1.0292,Inf,260.93,0.16061
58.654,36.941,242.81,5,53.132,102.81,88.331,0,18,0.062647,0.028113,Inf,88.431,1.414
40.971,31.012,-64.258,5,46.817,101.43,90.133,0,19,0.063654,0.014285,Inf,90.2,1.3654
46.935,39.553,221.07,5,51.757,100.78,79.244,0,16,0.035145,0.0077516,Inf,79.267,1.3218
31.386,24.066,-55.321,5,47.872,104.15,93.106,0,20,0.042553,0.041509,Inf,93.222,1.2791
87.098,34.595,259.67,5,47.534,100.11,85.601,0,20,0.049322,0.0011297,Inf,85.636,1.3299
72.721,9.107,119.65,5,48.382,102.59,84.482,0,20,0.032352,0.025859,Inf,84.537,1.0674
76.855,28.371,158.85,5,47.201,101.34,86.832,0,17,0.05598,0.013416,Inf,86.888,1.1111
86.678,43.705,-40.142,5,47.897,103.32,84.899,0,23,0.042067,0.033215,Inf,84.99,1.7116
66.201,48.4,51.297,5,47.898,103.98,99.373,0,12,0.04203,0.03975,Inf,99.475,1.1094
45.715,10.211,138.77,5,51.414,102.94,95.246,0,19,0.028274,0.029427,Inf,95.302,1.0568
7.839,14.103,144.14,5,-0.42821,19.729,146.14,0,2,1.0086,0.80271,Inf,174.19,0.10451
76.157,36.304,176.75,5,47.038,103.54,87.603,0,16,0.059247,0.035412,Inf,87.725,1.1618
12.979,22.715,134.34,5,-1.2481,42.947,110.24,0,5,1.025,0.57053,Inf,134.29,0.29173
42.145,30.764,246.88,5,-0.88044,45.488,151.34,0,10,1.0176,0.54512,Inf,168.72,0.71756
18.057,23,18.738,5,52.03,100.53,95.296,0,19,0.0406,0.0053463,Inf,95.319,1.1396
71.557,19.438,230.47,5,50.75,100.66,85.049,0,20,0.015006,0.0065996,Inf,85.055,1.1991
43.79,19.24,56.549,5,49.806,102.69,95.16,0,17,0.0038706,0.026868,Inf,95.198,1.0494
64.377,21.631,-6.7111,5,47.17,103.23,95.923,0,19,0.056598,0.032281,Inf,96.019,1.1923
19.826,31.47,-73.589,5,50.923,102.66,96.554,0,20,0.018454,0.026623,Inf,96.595,1.3355
77.811,29.646,248.85,5,49.334,103.32,83.708,0,20,0.013318,0.033188,Inf,83.777,1.3219
54.6,14.11,47.35,5,47.892,102.24,85.844,0,18,0.042162,0.022379,Inf,85.899,1.0464
92.182,15.393,124.24,5,48.028,101.33,84.755,0,22,0.039437,0.013325,Inf,84.788,1.1635
71.346,8.398,-20.479,5,88.084,-4.5782,-89.309,0,5,0.76167,1.0458,Inf,142.7,0.2658
54.606,10.469,-2.1428,5,47.691,101.95,85.344,0,20,0.046179,0.019478,Inf,85.397,1.1155
12.657,43.375,246.28,5,52.271,101.78,94.877,0,21,0.045423,0.017771,Inf,94.921,1.548
32.81,19.159,261.81,5,19.026,-4.4598,-76.85,0,6,0.61947,1.0446,Inf,133.33,0.36298
56.575,33.346,-22.579,5,47.289,104.44,96.642,0,17,0.054216,0.044446,Inf,96.782,1.2691
45.137,10.785,-9.8308,5,47.78,102.09,85.565,0,20,0.044401,0.020868,Inf,85.619,1.1192
74.893,49.484,186.12,5,46.858,102.5,93.458,0,13,0.062834,0.025003,Inf,93.545,1.1542
41.671,47.299,126.62,5,52.639,100.13,83.462,0,11,0.052789,0.001279,Inf,83.503,1.0308
90.231,16.573,26.286,5,104.57,20.844,11.474,0,3,1.0914,0.79156,Inf,96.827,0.16195
60.006,27.706,-78.863,5,50.19,104.76,85.835,0,38,0.0037902,0.047618,Inf,85.968,2.6033
28.409,24.259,206.79,5,49.445,100.97,94.473,0,30,0.011099,0.0097046,Inf,94.479,1.9046
12.938,29.475,137.2,5,-1.4758,43.332,133.98,0,4,1.0295,0.56668,Inf,154.31,0.25103
66.191,44.524,-65.228,5,48.982,101.34,84.235,0,28,0.02036,0.013382,Inf,84.252,2.4225
22.737,27.769,168.03,5,50.095,101.96,95.516,0,33,0.0019028,0.019582,Inf,95.536,2.1372
10.255,21.265,155.55,5,-4.1712,25.254,169.32,0,3,1.0834,0.74746,Inf,192.85,0.17007
59.484,15.163,-19.498,5,46.8,101.08,91.065,0,20,0.064009,0.010772,Inf,91.127,1.1714
59.882,32.37,228.3,5,53.059,103.91,90.317,0,18,0.061173,0.039136,Inf,90.454,1.3168
70.102,27.282,92.499,5,46.989,101.97,88.062,0,16,0.060227,0.019702,Inf,88.135,1.0604
7.3075,30.76,194.74,5,50.424,101.78,95.833,0,29,0.0084746,0.01784,Inf,95.851,1.7825
74.304,23.272,44.043,5,47.027,104.03,94.881,0,18,0.059454,0.040316,Inf,95.014,1.1182
22.151,29.309,-15.888,5,52.049,104.54,95.286,0,18,0.040982,0.04537,Inf,95.416,1.1845
71.258,7.3475,112.89,5,48.608,101.34,84.394,0,20,0.02785,0.013444,Inf,84.416,1.052
27.737,35.29,-38.194,5,51.146,104.61,97.321,0,17,0.022919,0.04608,Inf,97.437,1.2421
18.03,16.438,7.0609,5,50.961,103.28,96.058,0,21,0.019228,0.032843,Inf,96.119,1.1736
88.996,13.839,-59.25,5,78.607,-0.56015,198.08,0,4,0.57214,1.0056,Inf,223.98,0.21147
16.925,15.923,257.27,5,49.421,100,94.586,0,25,0.011586,4.5726e-05,Inf,94.588,1.3835
79.496,47.696,219.01,5,46.753,103.51,90.157,0,15,0.064946,0.035145,Inf,90.284,1.249
35.117,41.777,-55.957,5,48.035,101.56,97.949,0,16,0.039296,0.015622,Inf,97.981,1.3312
88.412,30.521,109.29,5,46.822,101.47,89.934,0,18,0.06357,0.014678,Inf,90.002,1.1336
15.613,32.325,118.29,5,52.704,103.15,83.444,0,17,0.05408,0.031542,Inf,83.547,1.1197
53.82,42.904,33.334,5,47.624,100.05,97.478,0,12,0.047525,0.00053536,Inf,97.507,1.0485
42.754,24.466,138.71,5,52.582,101.7,93.738,0,16,0.051647,0.017014,Inf,93.789,1.0543
31.946,39.147,64.904,5,53.069,104.2,90.697,0,14,0.061387,0.042037,Inf,90.846,1.1028
83.565,41.091,99.554,5,47.362,103.13,97.04,0,15,0.05275,0.03133,Inf,97.127,1.1062
43.513,44.799,126.22,5,52.663,103.03,85.218,0,12,0.053262,0.030335,Inf,85.313,1.0795
54.409,19.167,-20.53,5,46.851,101.4,89.475,0,19,0.062972,0.013968,Inf,89.541,1.1735
31.349,44.811,260.32,5,49.594,104.56,95.246,0,28,0.0081274,0.045627,Inf,95.356,2.4032
84.336,9.5857,117.26,5,48.488,104.39,84.43,0,22,0.030241,0.043895,Inf,84.558,1.1374
77.194,11.817,216.34,5,49.903,104.33,85.1,0,22,0.0019374,0.043295,Inf,85.21,1.192
88.347,26.097,131.35,5,47.107,100.4,87.247,0,19,0.057858,0.0040145,Inf,87.296,1.141
38.093,22.988,189.22,5,52.955,100.7,85.354,0,18,0.05911,0.0070492,Inf,85.409,1.1549
26.619,25.316,-86.845,5,48.132,103.51,93.17,0,22,0.037366,0.035134,Inf,93.255,1.4056
43.863,9.4679,159.21,5,51.203,104.52,96.018,0,20,0.024052,0.04519,Inf,96.132,1.1021
73.515,29.789,-2.7249,5,49.588,104.77,84.827,0,32,0.0082433,0.047713,Inf,84.962,2.1609
19.938,35.118,-76.594,5,51.482,100.41,96.578,0,19,0.029631,0.0041071,Inf,96.59,1.3285
53.369,40.299,232.87,5,52.856,103.86,84.497,0,17,0.057121,0.038585,Inf,84.633,1.4215
65.632,10.918,175.78,5,50.429,103.5,85.742,0,20,0.0085895,0.034989,Inf,85.814,1.1057
16.953,13.777,-25.492,5,50.574,104.03,95.93,0,22,0.011489,0.040263,Inf,96.016,1.1913
85.502,21.438,244.38,5,48.795,102.51,84.315,0,22,0.024107,0.025107,Inf,84.361,1.2759
42.498,44.8,240.92,5,46.079,104.16,66.2,0,21,0.078414,0.041563,Inf,66.447,1.8849
24.437,32.607,99.392,5,52.986,100.37,85.662,0,15,0.059717,0.0037468,Inf,85.715,1.0405
65.187,39.675,5.3578,5,48.914,104.64,102.51,0,15,0.021719,0.046444,Inf,102.62,1.2056
64.958,24.273,223.58,5,52.244,103.16,87.892,0,19,0.044887,0.031572,Inf,87.978,1.2307
16.797,44.625,183.16,5,51.506,104.41,95.901,0,26,0.030112,0.044109,Inf,96.015,2.0134
48.732,35.294,-5.9234,5,46.908,101.94,93.603,0,15,0.061846,0.019419,Inf,93.674,1.1589
76.653,46.681,-34.291,5,48.57,101.03,83.826,0,23,0.028601,0.010294,Inf,83.845,1.9292
73.539,41.881,-37.386,5,49.485,104.61,84.377,0,26,0.010307,0.046088,Inf,84.504,2.0732
49.529,11.763,218.02,5,52.07,104.59,95.203,0,22,0.041401,0.045898,Inf,95.336,1.2466
50.368,49.489,72.83,5,50.853,104.07,96.78,0,11,0.017065,0.040728,Inf,96.87,1.0888
65.7,16.935,94.969,5,48.443,102.95,84.451,0,18,0.031148,0.029475,Inf,84.517,1.0646
29.061,17.296,119.93,5,52.716,101.48,93.324,0,18,0.054313,0.014751,Inf,93.376,1.0549
39.325,12.12,-56.068,5,47.98,101.03,84.891,0,22,0.04039,0.010285,Inf,84.922,1.2426
77.03,35.779,100.5,5,47.006,102.7,94.701,0,15,0.059878,0.027011,Inf,94.787,1.0764
47.424,41.962,224.89,5,51.566,102,78.61,0,16,0.031312,0.020022,Inf,78.651,1.377
86.089,18.739,227.42,5,48.738,103.32,84.344,0,22,0.025247,0.033163,Inf,84.419,1.2371
12.013,8.7266,70.623,5,51.476,100.34,95.901,0,22,0.02952,0.0033971,Inf,95.913,1.1127
38.694,19.291,208.94,5,52.811,103.62,84.161,0,21,0.056225,0.036243,Inf,84.286,1.2884
81.974,39.349,121.23,5,47.073,101.49,95.241,0,15,0.058548,0.01488,Inf,95.297,1.0939
63.342,19.251,212.25,5,52.175,101.21,88.288,0,19,0.043491,0.012087,Inf,88.323,1.1607
34.966,23.971,28.395,5,51.21,104.24,96.037,0,17,0.024194,0.042402,Inf,96.138,1.0968
12.69,42.962,234.2,5,52.018,102.57,95.357,0,22,0.040365,0.025731,Inf,95.413,1.6139
71.415,10.886,178.71,5,49.381,101.26,84.562,0,20,0.01238,0.012566,Inf,84.574,1.0911
69.553,39.931,267.51,5,52.034,102.93,84.916,0,19,0.040673,0.029266,Inf,84.991,1.5038
17.443,48.649,232.51,5,51.885,104.05,95.86,0,21,0.037693,0.040521,Inf,95.964,1.7269
43.854,17.5,79.638,5,50.37,101.48,94.743,0,17,0.0073934,0.014769,Inf,94.755,1.0275
78.567,23.388,4.3412,5,49.981,102.54,85.411,0,31,0.00038615,0.025396,Inf,85.448,1.8957
15.689,21.308,223.51,5,49.481,103.29,94.557,0,27,0.01038,0.032872,Inf,94.616,1.5726
80.204,31.101,184.09,5,47.441,104.87,85.907,0,18,0.05118,0.048718,Inf,86.084,1.1964
40.013,49.406,73.142,5,53.102,102.09,90.063,0,11,0.062048,0.020865,Inf,90.14,1.0665
52.651,37.408,-26.598,5,47.365,103.33,97.055,0,16,0.052693,0.033278,Inf,97.148,1.277
17.476,15.149,249.85,5,49.123,101.55,93.809,0,26,0.017542,0.015515,Inf,93.826,1.4306
62.434,37.225,-78.519,5,49.599,102.8,84.814,0,32,0.008019,0.028043,Inf,84.861,2.5002
25.473,12.601,-78.874,5,48.173,103.67,91.131,0,24,0.036545,0.036705,Inf,91.224,1.3219
82.675,39.835,180.78,5,46.796,101.28,90.291,0,16,0.064083,0.012773,Inf,90.357,1.1685
62.803,23.817,186.39,5,50.401,100.91,83.705,0,17,0.0080102,0.0090927,Inf,83.711,1.1003
37.462,43.031,93.082,5,53.13,100.14,89.256,0,12,0.0626,0.0013899,Inf,89.311,1.0286
40.457,28.913,181.66,5,53.108,104.44,87.463,0,17,0.06215,0.044431,Inf,87.631,1.1851
69.045,13.684,227.62,5,51.624,101.12,87.841,0,21,0.032484,0.011227,Inf,87.863,1.1879
49.18,21.716,166.3,5,52.702,101.57,92.874,0,17,0.054044,0.015738,Inf,92.927,1.0857
41.01,36.12,-46.272,5,46.843,103.16,92.534,0,17,0.063137,0.031554,Inf,92.642,1.3176
20.798,9.3495,46.402,5,51.25,103.24,96.006,0,21,0.024992,0.032361,Inf,96.068,1.1025
62.515,28.834,23.27,5,46.81,103.01,91.933,0,16,0.063804,0.030108,Inf,92.037,1.1071
69.75,18.221,-14.643,5,90.742,-1.436,210.46,0,10,0.81483,1.0144,Inf,237.16,0.59432
89.003,44.401,223.69,5,46.783,102.18,91.071,0,17,0.064343,0.021796,Inf,91.154,1.2516
21.996,36.025,179.38,5,50.551,103.94,95.926,0,28,0.011019,0.039431,Inf,96.008,2.0047
33.743,45.018,227,5,51.425,101.37,95.976,0,28,0.028507,0.013739,Inf,95.997,2.4418
9.5289,15.979,152.46,5,-4.4936,21.256,162.81,0,3,1.0899,0.78744,Inf,188.88,0.16084
53.121,30.821,100.77,5,48.829,100.4,86.478,0,14,0.023414,0.003981,Inf,86.487,1.0108
75.44,19.918,26.462,5,101.65,34.228,19.784,0,6,1.0329,0.65772,Inf,85.935,0.35703
78.64,11.452,25.288,5,102.74,16.198,-6.1026,0,5,1.0547,0.83802,Inf,99.202,0.26863
78.342,38.728,31.184,5,101.1,48.707,14.308,0,5,1.0219,0.51293,Inf,73.8,0.37032
52.059,32.001,265.67,5,53.115,101.99,87.667,0,21,0.062302,0.019907,Inf,87.745,1.5434
36.569,31.765,16.625,5,51.58,101.44,96.497,0,15,0.031603,0.014432,Inf,96.521,1.0784
79.591,21.226,180.68,5,47.938,100.5,84.87,0,19,0.041235,0.0049625,Inf,84.896,1.129
38.533,16.312,236.33,5,-3.2822,12.644,225.88,0,9,1.0656,0.87356,Inf,247.97,0.53273
80.553,46.419,-8.4449,5,47.796,100.77,85.045,0,24,0.044076,0.0077469,Inf,85.077,1.9455
14.681,17.025,167.51,5,-1.8774,9.453,240.59,0,4,1.0375,0.90547,Inf,262.24,0.22178
73.038,33.065,-53.755,5,50.362,100.75,85.536,0,27,0.0072393,0.007491,Inf,85.54,1.9071
65.621,7.2021,140.71,5,49.57,102.81,84.835,0,20,0.0086009,0.028093,Inf,84.883,1.0627
27.327,47.515,266.69,5,48.934,104.64,94.606,0,27,0.021313,0.04645,Inf,94.726,2.3613
91.758,12.237,55.458,5,47.123,102.57,87.143,0,23,0.05755,0.025677,Inf,87.228,1.1832
21.431,7.1182,75.347,5,51.501,102.85,95.882,0,21,0.030025,0.028542,Inf,95.936,1.0805
43.917,16.961,115.05,5,51.869,100.68,93.993,0,17,0.037372,0.0067774,Inf,94.014,1.0209
68.536,43.476,-20.107,5,48.101,104.71,84.669,0,32,0.037975,0.047107,Inf,84.821,2.6897
25.086,35.082,-11.42,5,52.628,102.68,93.834,0,16,0.052563,0.026796,Inf,93.91,1.1505
70.808,30.31,-46.625,5,50.322,102.58,85.852,0,29,0.0064456,0.025757,Inf,85.891,1.9937
25.755,13.143,120.88,5,52.817,100.98,92.814,0,19,0.056333,0.0097755,Inf,92.862,1.0535
49.776,38.725,224.25,5,52.747,104.57,83.722,0,17,0.054947,0.045676,Inf,83.891,1.3872
18.906,36.455,-36.97,5,52.747,101.79,93.294,0,17,0.054943,0.017861,Inf,93.351,1.2015
30.758,31.493,171.13,5,50.104,100.87,74.689,0,17,0.0020725,0.0086558,Inf,74.694,1.1945
48.395,16.975,265.16,5,53.055,100.42,90.887,0,24,0.061108,0.0041755,Inf,90.94,1.4451
8.0436,31.427,123.56,5,52.835,102.17,84.271,0,19,0.056701,0.021688,Inf,84.347,1.1817
30.562,11.182,30.535,5,51.003,100.08,96.04,0,19,0.020056,0.00083064,Inf,96.045,1.0449
29.507,47.033,144.09,5,50.448,104.76,75.513,0,13,0.0089673,0.047646,Inf,75.665,1.1445
60.99,24.339,155.83,5,49.014,100.31,83.809,0,16,0.019727,0.0030516,Inf,83.815,1.0464
28.395,11.512,20.011,5,50.619,103.61,95.939,0,20,0.012382,0.036065,Inf,96.008,1.0979
17.433,43.015,-42.171,5,53.095,101.39,90.601,0,16,0.061907,0.013905,Inf,90.664,1.2189
7.8219,7.1483,83.251,5,51.411,100.18,95.948,0,23,0.02822,0.0018103,Inf,95.959,1.1276
90.037,9.4659,223.69,5,49.32,101.17,84.567,0,24,0.013599,0.011687,Inf,84.578,1.2122
29.997,37.836,105.06,5,53.08,102.61,86.902,0,14,0.0616,0.026135,Inf,86.996,1.0719
35.612,38.953,265.32,5,49.603,103.67,94.871,0,31,0.0079327,0.036668,Inf,94.943,2.4713
73.016,27.579,141.08,5,46.908,100.52,88.768,0,16,0.061846,0.0051976,Inf,88.823,1.0528
14.291,10.472,165,5,-0.28926,8.9774,202.09,0,3,1.0058,0.91023,Inf,227.28,0.15562
18.942,25.363,35.426,5,52.614,101.12,93.752,0,18,0.052283,0.011228,Inf,93.795,1.1133
89.334,49.541,-62.911,5,46.937,100.37,88.279,0,20,0.061265,0.0036561,Inf,88.333,1.563
75.098,33.402,-50.037,5,50.367,101.95,85.422,0,26,0.0073316,0.019525,Inf,85.445,1.8266
41.97,47.909,114.44,5,52.642,101.27,84.534,0,11,0.052837,0.012656,Inf,84.585,1.0435
52.674,25.231,-0.24544,5,46.883,102.4,89.045,0,17,0.062349,0.023971,Inf,89.132,1.1361
26.356,33.857,-50.659,5,50.599,104.5,97.338,0,18,0.011977,0.044952,Inf,97.444,1.2813
80.067,22.51,35.649,5,102,34.299,21.062,0,5,1.0401,0.65701,Inf,86.399,0.30078
57.212,30.286,189.16,5,52.359,102.05,85.889,0,16,0.047182,0.0205,Inf,85.946,1.1415
47.447,28.031,-31.972,5,46.823,103.35,90.011,0,18,0.063539,0.033518,Inf,90.129,1.2498
41.889,15.399,156.36,5,52.261,100.56,94.813,0,18,0.045227,0.0056367,Inf,94.841,1.059
83.543,26.141,161.16,5,47.575,102.05,85.547,0,19,0.048491,0.020451,Inf,85.606,1.1711
26.493,27.625,130.7,5,53.062,104.95,86.614,0,17,0.061243,0.0495,Inf,86.809,1.117
18.821,40.951,93.331,5,52.059,100.5,80.342,0,14,0.041171,0.0049621,Inf,80.37,1.0483
22.239,17.931,118.73,5,53.043,104.08,91.036,0,19,0.060869,0.040842,Inf,91.178,1.0965
59.664,23.175,55.907,5,47.443,100.78,85.991,0,16,0.051133,0.0078147,Inf,86.033,1.0332
24.978,49.513,117.67,5,50.103,102.41,74.687,0,12,0.0020576,0.02408,Inf,74.726,1.0648
54.207,34.67,144.48,5,49.637,102.62,82.706,0,14,0.0072523,0.026227,Inf,82.748,1.0693
7.0387,13.804,121.65,5,52.579,104.47,93.914,0,23,0.051582,0.04472,Inf,94.056,1.1941
37.409,35.736,-68.148,5,46.84,100.36,92.25,0,18,0.063199,0.0036379,Inf,92.305,1.3743
8.7701,26.065,-42.483,5,51.957,101.9,95.418,0,21,0.039149,0.019006,Inf,95.457,1.2403
76.772,19.225,240.28,5,49.953,101,84.559,0,21,0.00094828,0.010018,Inf,84.565,1.2339
68.419,13.408,210.07,5,50.886,100.37,85.807,0,20,0.017728,0.0037491,Inf,85.812,1.1296
32.621,46.565,101.44,5,52.818,102.19,84.21,0,12,0.056361,0.021927,Inf,84.286,1.0678
49.27,7.8091,-2.9228,5,48.498,104.91,84.447,0,21,0.03005,0.049059,Inf,84.603,1.1389
65.854,31.029,21.406,5,47.107,103.77,95.491,0,16,0.057868,0.037655,Inf,95.609,1.1304
65.518,12.173,127.66,5,49.042,103.09,84.435,0,19,0.01916,0.030877,Inf,84.497,1.0652
32.161,8.2771,-56.412,5,47.855,103.02,87.857,0,23,0.042891,0.030241,Inf,87.935,1.2307
38.926,8.4542,104.5,5,50.331,100.95,95.729,0,19,0.0066222,0.0095099,Inf,95.734,1.0302
24.738,45.667,-4.5544,5,53.145,103.52,89.301,0,14,0.062903,0.035204,Inf,89.425,1.1683
80.17,9.037,93.535,5,47.898,104.17,84.974,0,21,0.042032,0.041655,Inf,85.102,1.0956
50.772,39.775,227.83,5,52.734,104.59,83.631,0,17,0.05467,0.045904,Inf,83.802,1.4113
31.588,9.4664,219.8,5,13.413,-3.5614,261.35,0,5,0.73175,1.0356,Inf,283.49,0.2706
8.1101,47.871,105.09,5,51.491,102.08,78.358,0,15,0.029818,0.020798,Inf,78.399,1.1215
17.245,44.711,104.24,5,51.52,103.32,78.464,0,14,0.030394,0.033211,Inf,78.549,1.0893
67.246,38.169,120.94,5,46.839,103.62,89.675,0,14,0.063211,0.036165,Inf,89.804,1.0905
14.187,27.439,171.87,5,49.936,102.35,95.311,0,32,0.0012863,0.023454,Inf,95.34,1.9773
39.659,11.845,245.85,5,-2.0564,7.3228,220.42,0,9,1.0411,0.92677,Inf,244.71,0.50699
15.439,7.3858,32.488,5,50.319,103.78,95.739,0,23,0.006383,0.037803,Inf,95.814,1.1633
22.524,36.745,134.63,5,49.732,100.94,73.841,0,16,0.0053668,0.0093558,Inf,73.848,1.16
57.188,45.101,23.157,5,47.744,100.49,98.78,0,12,0.045124,0.0048604,Inf,98.806,1.0837
42.895,21.135,105.26,5,51.532,104.97,94.575,0,17,0.030642,0.049736,Inf,94.718,1.0734
11.012,32.519,81.366,5,53.119,104.04,89.733,0,18,0.062383,0.040377,Inf,89.878,1.1548
17.732,32.202,-23.407,5,52.5,103.33,94.194,0,18,0.049995,0.033311,Inf,94.286,1.1986
69.472,44.341,227.73,5,48.447,101.87,80.492,0,15,0.03106,0.018698,Inf,80.529,1.2719
84.572,7.2209,68.417,5,47.664,103.71,85.401,0,22,0.046719,0.037123,Inf,85.514,1.111
75.038,46.689,138.91,5,47.386,103.55,97.165,0,13,0.052271,0.035453,Inf,97.265,1.1036
8.4171,14.479,185.27,5,1.553,-1.6493,-75.377,0,4,0.96894,1.0165,Inf,135.5,0.21032
39.067,42.703,257.54,5,50.697,104.16,95.991,0,33,0.013931,0.041631,Inf,96.083,2.8287
73.866,13.823,204.83,5,49.432,100.04,84.397,0,20,0.011359,0.00039905,Inf,84.399,1.1183
39.159,17.024,-21.8,5,47.399,101.24,90.583,0,19,0.052015,0.012375,Inf,90.629,1.1353
46.164,38.747,-58.414,5,47.345,100.39,96.947,0,17,0.053101,0.0038833,Inf,96.985,1.385
91.897,37.954,244.53,5,47.211,103.97,86.72,0,20,0.055773,0.039689,Inf,86.855,1.3357
42.527,11.6,127.68,5,50.925,104.46,95.828,0,19,0.018505,0.04465,Inf,95.936,1.0708
45.471,35.175,12.742,5,48.647,100.47,98.05,0,14,0.027062,0.0046901,Inf,98.061,1.0772
7.9554,23.106,75.276,5,52.719,100.76,93.338,0,20,0.05438,0.0076245,Inf,93.381,1.1411
26.666,33.932,150.11,5,50.859,104.73,76.562,0,17,0.017188,0.047279,Inf,76.713,1.2131
26.975,37.624,96.376,5,52.942,101.32,85.23,0,14,0.058848,0.013167,Inf,85.291,1.0528
27.3,47.583,155.92,5,44.302,100.75,62.384,0,14,0.11395,0.0074889,Inf,62.648,1.2255
66.823,48.556,86.038,5,47.062,104.36,95.158,0,12,0.058764,0.043621,Inf,95.303,1.1085
15.978,46.76,133.86,5,45.985,101.54,65.842,0,17,0.080295,0.015368,Inf,65.982,1.3453
9.3879,26.671,164.94,5,-0.56121,27.291,181,0,2,1.0112,0.72709,Inf,201.5,0.1193
11.161,15.443,242.75,5,49.609,101.45,94.772,0,27,0.0078292,0.014475,Inf,94.783,1.4508
72.873,11.29,77.205,5,47.538,100.17,85.7,0,19,0.049241,0.0017024,Inf,85.735,1.037
48.188,25.196,-75.231,5,46.853,104.58,89.443,0,22,0.062931,0.04577,Inf,89.615,1.4701
78.413,19.824,139.82,5,47.613,103.75,85.515,0,19,0.047733,0.037499,Inf,85.63,1.1168
87.137,29.147,117.47,5,46.859,100.92,89.307,0,18,0.062819,0.0092281,Inf,89.367,1.1251
13.736,32.116,159.86,5,-1.0625,33.8,182.25,0,3,1.0212,0.662,Inf,200.51,0.1949
43.168,16.972,260.11,5,-4.3831,28.395,158.45,0,11,1.0877,0.71605,Inf,182.18,0.6602
75.85,26.205,-30.093,5,50.478,102.29,86.21,0,28,0.0095537,0.022898,Inf,86.242,1.7905
75.263,9.4183,-10.899,5,86.077,-4.1337,267.23,0,4,0.72153,1.0413,Inf,289.06,0.21268
51.178,36.644,31.056,5,47.465,103.88,94.706,0,14,0.050696,0.038846,Inf,94.82,1.1047
87.599,31.402,56.614,5,47.323,101.73,96.864,0,18,0.053533,0.017319,Inf,96.917,1.1505
59.297,34.499,-82.767,5,49.306,100.57,84.556,0,37,0.013872,0.0056894,Inf,84.56,2.7963
64.245,21.173,191.78,5,50.654,102.18,84.526,0,18,0.013081,0.021834,Inf,84.557,1.1235
87.363,32.869,78.882,5,46.971,101.66,94.393,0,17,0.06057,0.016569,Inf,94.456,1.1064
92.916,21.197,160.38,5,48.094,103.37,84.676,0,22,0.038111,0.033739,Inf,84.764,1.2259
31.853,26.161,18.662,5,51.579,104.62,95.848,0,17,0.031588,0.046238,Inf,95.973,1.1179
42.373,16.254,23.288,5,48.734,102.7,94.132,0,18,0.025312,0.027007,Inf,94.18,1.0702
88.125,17.07,-31.128,5,84.672,-0.096093,220.38,0,4,0.69344,1.001,Inf,244.52,0.21912
42.718,23.916,130.93,5,52.438,101.71,93.993,0,16,0.048766,0.017059,Inf,94.04,1.0467
11.032,28.701,261.7,5,51.17,101.58,96.062,0,23,0.023401,0.015809,Inf,96.082,1.4153
26.926,35.098,199.78,5,50.204,103.37,95.692,0,28,0.0040764,0.033717,Inf,95.752,2.0325
68.868,12.926,209.55,5,51.031,104.89,86.761,0,21,0.020618,0.048914,Inf,86.905,1.1785
86.604,8.3783,136.39,5,49.06,103.84,84.425,0,23,0.018801,0.038438,Inf,84.518,1.1656
64.11,8.5749,-82.793,5,80.46,-1.5694,-22.15,0,4,0.60919,1.0157,Inf,108.33,0.2162
15.738,43.117,60.664,5,52.857,103.11,84.502,0,15,0.057136,0.031066,Inf,84.607,1.1294
48.334,32.098,28.732,5,48.009,104.32,95.097,0,15,0.039817,0.043195,Inf,95.216,1.1042
69.115,8.2469,-31.706,5,88.1,-3.3325,-78.213,0,5,0.76199,1.0333,Inf,135.08,0.26674
12.902,35.095,221.65,5,51.309,100.08,96.022,0,24,0.026172,0.00079264,Inf,96.031,1.6052
81.041,27.333,-81.398,5,49.836,103.17,84.616,0,23,0.0032845,0.031697,Inf,84.676,1.4553
75.715,32.958,6.3484,5,48.996,101.57,84.385,0,31,0.020082,0.015654,Inf,84.405,2.1586
11.355,28.791,-19.281,5,52.173,104.28,95.038,0,20,0.043457,0.042796,Inf,95.159,1.2343
64.062,22.414,78.327,5,47.964,104.11,84.878,0,17,0.040713,0.041062,Inf,85.002,1.078
13.37,23.019,234.44,5,49.899,103,95.285,0,26,0.0020295,0.030046,Inf,95.332,1.5249
47.91,43.046,215.24,5,51.681,101.49,78.985,0,15,0.033613,0.01494,Inf,79.017,1.316
13.728,44.101,238.23,5,52.273,100.63,94.902,0,21,0.045465,0.006347,Inf,94.931,1.5757
12.097,28.392,212.75,5,50.162,104.02,95.598,0,27,0.0032392,0.040186,Inf,95.682,1.6662
87.474,35.195,128.46,5,46.792,100.77,91.208,0,17,0.064158,0.0076577,Inf,91.268,1.1355
22.993,40.976,-30.335,5,52.727,104.94,93.574,0,16,0.054544,0.049385,Inf,93.744,1.2325
22.184,37.568,-12.759,5,52.884,103.13,92.492,0,16,0.057689,0.031325,Inf,92.59,1.1705
60.228,22.9,28.369,5,47.083,103.32,87.446,0,17,0.058343,0.033188,Inf,87.557,1.0929
66.427,49.4,165.73,5,46.704,102.96,90.311,0,12,0.065928,0.029611,Inf,90.42,1.1278
32.621,46.346,151.12,5,51.119,104.59,77.272,0,13,0.022377,0.045867,Inf,77.416,1.1525
23.487,10.227,196.33,5,15.52,-1.116,262.9,0,3,0.68959,1.0112,Inf,283.78,0.16025
14.386,26.208,139.87,5,-1.3364,38.568,142.25,0,4,1.0267,0.61432,Inf,163.23,0.24409
91.999,45.91,52.548,5,49.426,104.44,103.89,0,17,0.011472,0.044374,Inf,103.99,1.2412
19.085,45.065,28.017,5,53.126,104.9,87.962,0,15,0.062519,0.048991,Inf,88.154,1.1898
64.989,19.702,236.45,5,52.337,104.35,92.608,0,21,0.046739,0.043524,Inf,92.74,1.2854
51.707,46.423,68.125,5,50.258,100.77,98.489,0,11,0.0051675,0.0077459,Inf,98.492,1.026
44.219,16.468,177.92,5,52.426,103.51,94.382,0,19,0.048515,0.035144,Inf,94.479,1.1346
76.518,47.872,145.78,5,47.355,102.88,96.999,0,13,0.052906,0.028824,Inf,97.078,1.1114
48.223,8.1284,-54.688,5,47.692,100.66,85.343,0,23,0.046167,0.006643,Inf,85.377,1.2515
16.942,14.447,-10.232,5,51.082,100.42,96.058,0,21,0.021647,0.0042431,Inf,96.065,1.1448
24.066,36.484,171.93,5,50.918,102.23,96.054,0,31,0.018351,0.022334,Inf,96.084,2.2593
45.309,41.348,-33.234,5,47.319,101.69,96.806,0,15,0.053628,0.016872,Inf,96.858,1.2747
11.472,8.0043,137.08,5,-2.7164,22.085,132.37,0,4,1.0543,0.77915,Inf,162.4,0.20053
62.049,41.052,139.38,5,47.047,102.89,87.619,0,13,0.059061,0.028949,Inf,87.716,1.0803
60.187,8.0653,189.71,5,51.842,104.84,91.46,0,21,0.036831,0.048408,Inf,91.606,1.1352
42.632,14.961,258.53,5,-1.6608,22.453,164.02,0,10,1.0332,0.77547,Inf,188.64,0.58577
56.182,37.25,-25.207,5,47.97,102.73,99.634,0,16,0.0406,0.027272,Inf,99.692,1.2688
7.5787,30.504,242,5,50.973,102.46,96.059,0,25,0.019469,0.024631,Inf,96.095,1.5352
21.206,29.843,-45.67,5,51.376,104.6,96.199,0,19,0.02752,0.046049,Inf,96.319,1.2527
46.155,10.87,229.91,5,52.668,103.42,93.533,0,23,0.053365,0.03423,Inf,93.634,1.289
27.571,40.999,159.73,5,46.376,101.95,66.876,0,17,0.072475,0.019471,Inf,67.002,1.3466
52.856,31.999,195.85,5,53.125,101.61,88.585,0,16,0.062509,0.016084,Inf,88.654,1.1754
75.206,35.711,173.66,5,47.09,103.85,87.304,0,16,0.058204,0.038512,Inf,87.437,1.1585
23.196,30.4,45.473,5,53.102,101.27,90.148,0,16,0.062031,0.012747,Inf,90.211,1.0726
60.201,17.144,244.56,5,51.922,102.6,95.443,0,22,0.038433,0.025958,Inf,95.497,1.3177
56.917,40.358,25.462,5,47.121,101.06,95.592,0,13,0.057586,0.01063,Inf,95.641,1.0826
71.162,29.806,66.991,5,46.801,104.2,90.84,0,16,0.063977,0.041961,Inf,90.993,1.0912
63.067,46.349,10.879,5,49.268,103.51,103.41,0,13,0.014646,0.03508,Inf,103.47,1.1771
47.668,11.332,142.32,5,51.675,104.08,94.296,0,19,0.0335,0.040771,Inf,94.399,1.071
78.215,15.673,36.589,5,103.28,32.006,26.734,0,6,1.0656,0.67994,Inf,90.426,0.33737
66.425,18.96,64.133,5,47.753,104.79,85.222,0,18,0.044948,0.047859,Inf,85.386,1.0884
59.449,14.248,-24.866,5,46.809,103.35,90.406,0,21,0.063812,0.033457,Inf,90.524,1.2171
14.131,41.997,98.794,5,52.249,102.48,81.121,0,15,0.044982,0.024802,Inf,81.191,1.0997
13.504,40.411,-50.729,5,52.85,104.2,92.684,0,18,0.057006,0.042023,Inf,92.823,1.288
44.346,8.9937,21.726,5,48.01,100.44,91.305,0,19,0.039796,0.0044285,Inf,91.328,1.0419
21.783,48.758,2.7545,5,53.122,104.22,87.556,0,14,0.06243,0.04223,Inf,87.713,1.1966
47.855,20.199,50.253,5,48.558,103.9,93.407,0,17,0.028842,0.038985,Inf,93.499,1.0648
57.955,34.709,160.83,5,49.08,100.74,82.023,0,14,0.018402,0.0074115,Inf,82.032,1.0643
74.657,14.304,181.8,5,48.959,102.58,84.361,0,20,0.020815,0.025818,Inf,84.407,1.1214
26.257,36.923,221.8,5,49.894,100.52,95.697,0,26,0.0021282,0.0052343,Inf,95.699,1.9288
35.27,18.872,227.32,5,12.353,-2.4806,-47.637,0,9,0.75293,1.0248,Inf,119.12,0.54576
7.6507,15.786,268.91,5,49.97,102.97,95.357,0,26,0.00060973,0.029729,Inf,95.404,1.3791
67.291,14.749,-56.431,5,84.606,-0.47298,-81.162,0,5,0.69213,1.0047,Inf,133.71,0.2874
60.01,13.306,202.24,5,52.256,102.43,92.236,0,20,0.045112,0.024279,Inf,92.296,1.1459
91.095,31.507,84.795,5,46.811,100.9,92.236,0,18,0.063775,0.0089904,Inf,92.295,1.1268
35.776,28.023,10.957,5,50.994,101.82,96.779,0,16,0.019881,0.018187,Inf,96.801,1.0904
86.713,44.965,114.09,5,47.299,102.46,96.711,0,15,0.054029,0.024622,Inf,96.78,1.1337
74.971,34.95,154.51,5,46.806,100.31,90.551,0,15,0.063888,0.0030898,Inf,90.608,1.0764
59.649,24.632,58.314,5,47.493,102.33,85.858,0,16,0.05013,0.023295,Inf,85.926,1.0529
22.424,9.959,195.8,5,15.536,-2.0494,267.97,0,3,0.68928,1.0205,Inf,288.81,0.15929
63.19,42.158,-3.2788,5,50.138,101.17,105.41,0,14,0.0027675,0.011662,Inf,105.41,1.1799
20.496,17.339,103.17,5,52.841,103.2,92.672,0,19,0.056828,0.031963,Inf,92.771,1.0824
74.218,14.226,124.77,5,47.724,102.07,85.277,0,19,0.045513,0.020724,Inf,85.332,1.0659
78.266,48.053,172.62,5,46.837,103.48,92.983,0,14,0.063253,0.034776,Inf,93.102,1.1837
69.361,33.763,229.11,5,50.018,100.8,82.02,0,17,0.00036033,0.0080371,Inf,82.024,1.2317
45.131,32.551,258.36,5,51.066,101.53,77.124,0,22,0.021318,0.015324,Inf,77.146,1.6266
30.963,27.837,-83.892,5,47.309,102.22,90.718,0,21,0.053815,0.022219,Inf,90.785,1.4069
69.757,20.754,-34.257,5,79.911,-1.3374,219.46,0,7,0.59822,1.0134,Inf,243.57,0.42855
88.606,14.792,220.54,5,48.989,103.29,84.384,0,23,0.020222,0.032888,Inf,84.454,1.2293
50.741,7.0573,88.234,5,49.554,102.04,89.529,0,19,0.0089134,0.020393,Inf,89.553,1.0221
82.803,31.962,267.32,5,48.652,102.19,84.049,0,21,0.026953,0.021897,Inf,84.089,1.3901
31.567,10.638,48.892,5,51.037,100.52,96.04,0,19,0.020734,0.0052046,Inf,96.047,1.0412
10.823,41.283,25.223,5,53.135,102.36,89.551,0,17,0.062693,0.023553,Inf,89.637,1.2042
59.827,32.01,175.79,5,49.939,100.79,82.035,0,15,0.0012135,0.0079319,Inf,82.039,1.0918
28.741,31.243,85.96,5,53.108,100.45,89.999,0,15,0.062166,0.0044534,Inf,90.054,1.0421
70.21,39.153,259.1,5,51.21,100.58,82.7,0,18,0.024193,0.0058243,Inf,82.71,1.4037
69.042,28.547,-2.9828,5,104.54,46.423,17.276,0,8,1.0908,0.53577,Inf,78.382,0.54093
81.227,38.612,-5.8152,5,48.547,101.33,84.355,0,26,0.029052,0.013319,Inf,84.378,1.8875
31.214,14.031,223.11,5,14.812,-0.88931,268.37,0,5,0.70376,1.0089,Inf,288.86,0.2841
71.766,44.719,-25.934,5,48.345,101.49,84.373,0,26,0.033091,0.014909,Inf,84.402,2.1881
69.697,49.467,143.44,5,47.172,103.72,95.938,0,12,0.056551,0.037155,Inf,96.052,1.1063
80.715,41.103,96.706,5,47.832,100.82,99.122,0,14,0.043366,0.0082151,Inf,99.149,1.0538
13.636,11.934,-61.795,5,49.997,103.16,95.402,0,24,5.5929e-05,0.031561,Inf,95.454,1.2595
12.267,12.727,-28.025,5,50.538,103.46,95.91,0,23,0.010751,0.034606,Inf,95.974,1.2095
73.723,22.458,17.443,5,100.45,35.737,16.698,0,6,1.009,0.64263,Inf,83.389,0.36996
92.408,26.152,55.012,5,46.934,100.62,94.195,0,20,0.061318,0.0061615,Inf,94.247,1.1743
87.727,28.562,16.392,5,102.45,27.761,-17.142,0,3,1.0489,0.72239,Inf,90.901,0.18567
33.823,33.593,189.13,5,48.669,101.16,71.576,0,18,0.026629,0.011561,Inf,71.598,1.3168
31.628,32.752,203.34,5,50.504,103.07,95.889,0,33,0.010089,0.03067,Inf,95.939,2.3669
37.673,20.946,-5.6105,5,48.705,103.15,95.068,0,18,0.025901,0.031461,Inf,95.129,1.1249
28.107,7.8707,42.156,5,51.033,101.36,96.04,0,20,0.020661,0.013616,Inf,96.056,1.056
15.242,29.947,136.64,5,-2.1804,47.846,130.04,0,5,1.0436,0.52154,Inf,149.51,0.31968
64.054,39.272,-73.705,5,49.307,100.25,84.489,0,30,0.013855,0.0025255,Inf,84.493,2.4064
59.59,29.977,257.67,5,53.014,100.08,91.364,0,20,0.060276,0.00077566,Inf,91.413,1.4149
24.446,10.534,-55.483,5,48.799,104.13,93.335,0,23,0.024023,0.041278,Inf,93.434,1.236
26.86,28.812,193.24,5,49.768,104.28,95.068,0,30,0.0046458,0.042845,Inf,95.165,2.0039
43.819,17.878,75.755,5,50.189,101.7,94.945,0,17,0.0037804,0.017019,Inf,94.961,1.0321
90.289,25.092,196.13,5,47.881,104.22,84.951,0,21,0.042377,0.04215,Inf,85.082,1.2345
44.965,44.419,127.92,5,52.222,102.83,83.942,0,12,0.044446,0.02829,Inf,84.019,1.0751
8.7117,13.973,22.625,5,50.9,102.73,96.052,0,23,0.017996,0.027337,Inf,96.095,1.2052
12.029,42.438,113.1,5,51.471,100.36,78.312,0,15,0.029424,0.0035936,Inf,78.326,1.0876
60.546,28.714,244.89,5,52.779,104.15,93.01,0,20,0.055573,0.04148,Inf,93.144,1.3877
50.056,41.583,-82.815,5,48.105,102.1,100.1,0,19,0.037903,0.020952,Inf,100.14,1.6262
38.454,19.156,-23.352,5,47.464,103.03,91.114,0,19,0.050717,0.03035,Inf,91.2,1.1633
37.494,12.75,-71.444,5,48.155,100.98,84.686,0,23,0.036905,0.0098479,Inf,84.711,1.3047
73.456,25.725,99.955,5,46.999,104.19,87.987,0,17,0.060025,0.041938,Inf,88.138,1.0913
52.113,7.6185,-68.759,5,47.371,103.14,86.191,0,25,0.052572,0.031354,Inf,86.288,1.3527
53.965,15.142,221.92,5,52.198,102.56,94.955,0,21,0.04395,0.025553,Inf,95.015,1.236
61.964,36.871,83.584,5,47.104,104.23,87.329,0,14,0.057917,0.042346,Inf,87.48,1.0894
72.088,30.868,52.329,5,46.97,104.35,94.376,0,16,0.060592,0.04355,Inf,94.525,1.1023
13.71,43.347,63.526,5,52.753,101.34,83.759,0,15,0.055067,0.013392,Inf,83.815,1.1147
35.533,44.972,238.17,5,51.239,101.98,96.049,0,29,0.024773,0.019778,Inf,96.078,2.5484
21.286,45.636,-86.804,5,51.834,102.87,97.018,0,18,0.03668,0.028718,Inf,97.077,1.4639
64.39,11.152,51.628,5,48.153,102.21,84.659,0,19,0.036931,0.022083,Inf,84.707,1.0555
86.785,34.913,189.51,5,46.998,102.52,87.866,0,18,0.060036,0.025213,Inf,87.953,1.2038
25.515,32.401,233.58,5,48.933,104.69,93.809,0,27,0.021347,0.046892,Inf,93.932,1.8777
15.187,46.7,121.61,5,49.634,101.41,73.626,0,14,0.0073109,0.014073,Inf,73.64,1.0996
33.341,20.501,45.399,5,51.751,100.96,95.66,0,17,0.035021,0.0095814,Inf,95.681,1.0465
87.573,18.806,29.158,5,101.65,23.898,15.207,0,3,1.0329,0.76102,Inf,93.221,0.16766
23.537,10.448,177.19,5,9.4145,-3.9571,-80.89,0,5,0.81171,1.0396,Inf,137.83,0.26772
11.56,10.641,214.84,5,12.048,-3.3219,-62.075,0,3,0.75905,1.0332,Inf,126.37,0.1542
72.677,12.062,9.7035,5,100.51,22.569,8.0501,0,6,1.0103,0.77431,Inf,92.801,0.33034
41.232,35.579,268.77,5,-0.82754,22.17,242.56,0,10,1.0166,0.7783,Inf,259.76,0.76906
18.8,24.861,8.6305,5,51.925,102.5,95.466,0,19,0.03851,0.024992,Inf,95.519,1.1677
45.572,16.807,-57.558,5,47.484,103.86,85.845,0,22,0.05032,0.038623,Inf,85.969,1.3204
15.609,13.846,249.78,5,49.064,104.77,93.446,0,27,0.018721,0.047725,Inf,93.573,1.4553
52.634,18.947,-23.302,5,46.887,100.78,88.992,0,19,0.062252,0.0077601,Inf,89.05,1.1715
82.838,39.055,76.669,5,47.763,102.47,98.853,0,15,0.044743,0.024744,Inf,98.91,1.0834
22.253,34.86,211.11,5,50.11,100.22,95.875,0,25,0.0021944,0.0021746,Inf,95.875,1.7654
68.666,22.736,83.367,5,47.385,102.96,86.146,0,17,0.052301,0.029591,Inf,86.236,1.0694
51.117,45.902,156.89,5,50.763,102.52,79.862,0,12,0.015263,0.025234,Inf,79.905,1.1089
64.185,8.707,-37.149,5,102.64,11.03,-26.199,0,8,1.0528,0.8897,Inf,106.64,0.43295
22.762,37.918,15.461,5,52.905,104.97,92.299,0,16,0.058091,0.049652,Inf,92.478,1.18
22.59,17.073,146.74,5,-2.4169,33.577,150.7,0,6,1.0483,0.66423,Inf,172.83,0.34349
61.079,47.871,63.659,5,47.191,100.37,96.042,0,11,0.056182,0.0036597,Inf,96.084,1.032
62.259,16.687,71.858,5,48.564,103.88,84.404,0,18,0.028728,0.03879,Inf,84.505,1.0688
44.803,34.099,-61.042,5,46.801,105,91.492,0,19,0.063972,0.049966,Inf,91.685,1.4371
31.148,10.431,186.28,5,-0.24517,25.524,159.75,0,7,1.0049,0.74476,Inf,183.28,0.38238
65.221,26.269,172.28,5,49.101,104.37,83.78,0,17,0.017975,0.043653,Inf,83.898,1.129
24.404,30.586,54.709,5,53.098,102.63,90.221,0,16,0.061959,0.026315,Inf,90.312,1.0813
89.347,43.544,66.046,5,47.909,104.62,99.434,0,16,0.041829,0.046185,Inf,99.564,1.1625
50.891,12.746,-89.13,5,47.025,100.01,87.802,0,25,0.059491,0.00013528,Inf,87.853,1.4325
89.381,12.335,-3.9013,5,96.724,-3.5241,256.73,0,4,0.93448,1.0352,Inf,280.74,0.20811
72.538,14.352,146.37,5,48.136,102.15,84.675,0,19,0.03727,0.021516,Inf,84.723,1.0727
15.917,36.905,-20.459,5,52.968,101.63,91.874,0,17,0.059357,0.016306,Inf,91.937,1.1853
64.117,27.479,-50.818,5,49.77,102.04,85.065,0,34,0.0045944,0.020353,Inf,85.09,2.301
15.49,45.284,79.696,5,52.037,101.51,80.257,0,14,0.040731,0.015112,Inf,80.297,1.0821
29.327,49.928,-23.334,5,53.262,102.72,93.045,0,13,0.065231,0.027189,Inf,93.142,1.1999
81.849,21.573,-21.04,5,50.111,101.05,85.606,0,28,0.0022275,0.010462,Inf,85.612,1.6539
25.808,46.649,179.9,5,52.005,102.11,95.344,0,28,0.040094,0.021069,Inf,95.388,2.3899
67.359,37.635,-71.73,5,49.972,101.05,85.084,0,29,0.00055513,0.010466,Inf,85.09,2.2399
43.888,20.27,92.21,5,51.036,104.56,93.853,0,17,0.020727,0.045602,Inf,93.969,1.063
23.297,44.827,70.654,5,52.259,101.57,81.165,0,13,0.045183,0.015705,Inf,81.211,1.0604
28.747,45.643,19.115,5,53.117,102.94,87.708,0,13,0.062343,0.029372,Inf,87.813,1.1137
62.581,17.423,160.58,5,49.79,102.48,84.585,0,18,0.0041951,0.024777,Inf,84.622,1.0775
61.903,49.121,263.05,5,52.767,102.52,83.851,0,17,0.055336,0.025187,Inf,83.935,1.6267
83.847,17.129,-23.683,5,82.548,-0.12949,226.35,0,4,0.65096,1.0013,Inf,249.64,0.22342
28.057,30.769,-32.63,5,51.217,101.41,97.062,0,17,0.02433,0.014109,Inf,97.08,1.1704
31.476,43.893,244.11,5,50.342,101.05,96.064,0,27,0.0068477,0.010501,Inf,96.071,2.2848
48.71,10.189,241.94,5,52.307,103.9,94.702,0,24,0.046138,0.038972,Inf,94.81,1.336
70.228,25.621,143.44,5,47.483,104.64,85.849,0,17,0.050345,0.046412,Inf,86.011,1.1027
27.924,38.959,56.918,5,53.104,102.67,87.387,0,14,0.062086,0.026663,Inf,87.483,1.0784
77.948,39.057,64.855,5,48.538,100.57,101.46,0,14,0.029249,0.0056559,Inf,101.47,1.0441
53.875,26.399,114.36,5,49.41,100.41,84.574,0,15,0.011802,0.0040592,Inf,84.577,1.0176
8.5747,23.423,-49.781,5,51.491,102.93,95.911,0,22,0.029828,0.029331,Inf,95.968,1.2634
56.25,30.586,269.38,5,53.091,100.15,90.356,0,21,0.061814,0.0014566,Inf,90.409,1.5066
28.78,40.268,94.812,5,53.081,104.56,86.927,0,14,0.061628,0.045646,Inf,87.101,1.1043
62.819,15.677,13.798,5,47.035,103.27,87.74,0,19,0.059302,0.032714,Inf,87.851,1.1138
51.51,23.279,188.37,5,52.678,104.41,93.447,0,18,0.053553,0.044057,Inf,93.589,1.1729
26.451,19.634,97.123,5,52.587,103.13,93.852,0,18,0.051749,0.031293,Inf,93.939,1.0747
32.128,34.655,123.67,5,53.134,104.77,88.638,0,15,0.062675,0.047693,Inf,88.821,1.1071
53.009,36.333,239.24,5,52.981,102.41,85.607,0,18,0.059613,0.024127,Inf,85.693,1.412
57.714,45.552,-71.184,5,102.49,55.124,13.766,0,10,1.0497,0.44876,Inf,70.414,0.90922
26.32,20.704,126.71,5,53.109,103.39,89.985,0,18,0.062178,0.033892,Inf,90.103,1.0875
51.655,30.26,8.2388,5,46.839,104.11,89.833,0,16,0.063221,0.041073,Inf,89.982,1.1468
60.963,38.19,-85.371,5,49.26,100.68,84.521,0,33,0.014797,0.0068332,Inf,84.527,2.6284
22.66,34.607,-10.173,5,52.86,100.71,92.639,0,16,0.05719,0.0070645,Inf,92.686,1.1287
61.098,45.405,56.666,5,46.98,102.68,94.474,0,12,0.060399,0.026826,Inf,94.56,1.077
36.279,43.092,173.36,5,51.16,104.05,77.39,0,14,0.023207,0.040527,Inf,77.504,1.1958
57.999,23.595,266.24,5,52.248,104.79,94.842,0,23,0.044958,0.047947,Inf,94.99,1.497
36.39,37.642,-4.3476,5,50.904,104.91,98.202,0,15,0.018081,0.049114,Inf,98.329,1.1751
31.149,41.173,213.74,5,51.044,102.09,96.088,0,28,0.02089,0.020876,Inf,96.116,2.2663
11.163,16.558,56.802,5,51.924,101.23,95.449,0,21,0.038484,0.012322,Inf,95.476,1.1408
56.151,24.141,-72.223,5,49.054,101.44,102.97,0,27,0.018927,0.014379,Inf,102.98,1.7738
11.626,39.034,163.77,5,-3.1386,38.578,194.98,0,3,1.0628,0.61422,Inf,211.22,0.20823
49.076,42.39,90.903,5,50.019,102.38,89.269,0,12,0.00038322,0.0238,Inf,89.301,1.0413
11.498,17.303,42.282,5,51.772,100.88,95.654,0,21,0.035433,0.00884,Inf,95.674,1.1511
86.475,23.638,86.977,5,46.907,103.13,88.773,0,19,0.061863,0.031334,Inf,88.882,1.1226
30.278,17.177,170.16,5,52.812,104.58,84.169,0,21,0.056247,0.045807,Inf,84.341,1.2333
85.104,18.743,-4.6055,5,87.973,-0.93457,226.54,0,5,0.75945,1.0093,Inf,250.9,0.28244
92.446,9.1907,34.285,5,101.03,14.31,29.72,0,2,1.0207,0.8569,Inf,104.07,0.099761
10.135,8.3888,215.01,5,8.1907,-1.1524,-88.352,0,2,0.83619,1.0115,Inf,140.66,0.10009
92.385,20.112,91.485,5,47.323,102.95,86.309,0,21,0.053534,0.029475,Inf,86.401,1.161
72.152,18.627,85.298,5,47.355,102.68,86.247,0,18,0.052905,0.026766,Inf,86.329,1.0672
29.706,34.851,68.371,5,53.026,104.17,91.24,0,15,0.060511,0.041664,Inf,91.385,1.0991
17.771,15.522,155.97,5,-1.7063,19.103,181.23,0,4,1.0341,0.80897,Inf,205.09,0.2212
20.608,48.277,-13.213,5,53.097,102.54,86.986,0,14,0.061942,0.025402,Inf,87.078,1.1767
15.682,35.077,127.68,5,51.441,101.01,78.217,0,17,0.02882,0.010119,Inf,78.237,1.1575
29.953,14.725,200.08,5,10.836,-2.4485,-64.023,0,7,0.78328,1.0245,Inf,127,0.39955
62.478,15.612,168.94,5,50.589,104.69,85.671,0,19,0.011772,0.046893,Inf,85.801,1.1136
44.181,38.365,-1.7922,5,48.249,101.35,98.223,0,14,0.035023,0.013531,Inf,98.248,1.1307
59.664,37.422,-75.063,5,100.96,23.712,-77.509,0,10,1.0191,0.76288,Inf,120.1,0.78965
7.7281,28.184,49.395,5,52.6,103.74,93.845,0,20,0.052001,0.037435,Inf,93.955,1.2
33.947,42.612,112.65,5,53.071,103.57,86.752,0,13,0.061419,0.035736,Inf,86.88,1.0908
54.983,36.524,-13.593,5,47.579,100.46,98.081,0,15,0.048426,0.0045961,Inf,98.112,1.1779
21.876,9.1254,127.45,5,52.936,102.74,92.045,0,21,0.058716,0.027406,Inf,92.132,1.1038
62.081,15.791,-26.655,5,47.073,103.94,95.243,0,22,0.058541,0.039406,Inf,95.37,1.293
91.46,19.637,54.762,5,46.853,104.85,89.237,0,22,0.062947,0.048539,Inf,89.424,1.2164
60.023,32.876,222.15,5,53.022,101.51,88.086,0,17,0.06043,0.015126,Inf,88.15,1.2524
71.715,13.816,79.134,5,47.734,103.07,85.259,0,19,0.045329,0.030673,Inf,85.344,1.0689
34.622,39.225,160.6,5,51.861,101.81,79.606,0,14,0.037217,0.018149,Inf,79.649,1.1166
14.615,19.979,188.4,5,19.04,-1.3352,-16.443,0,6,0.61921,1.0134,Inf,107.23,0.34287
28.353,48.507,29.69,5,52.723,101.54,83.562,0,12,0.054456,0.015427,Inf,83.621,1.0742
57.775,29.495,238.14,5,53.039,102.01,91.09,0,19,0.060784,0.020054,Inf,91.163,1.3393
21.773,21.14,217.27,5,48.829,103.49,92.886,0,28,0.023413,0.03492,Inf,92.959,1.6714
71.386,24.817,-88.633,5,74.74,-2.7368,235.38,0,6,0.4948,1.0274,Inf,258.01,0.3838
68.713,48.812,105.93,5,47.159,103.81,95.853,0,12,0.056811,0.038143,Inf,95.971,1.1009
55.357,11.679,58.692,5,48.057,100.24,85.823,0,18,0.038855,0.0024132,Inf,85.845,1.0171
14.679,34.571,46.687,5,53.1,102.22,90.203,0,17,0.062001,0.022241,Inf,90.284,1.1432
47.038,48.019,92.508,5,50.495,102.89,87.103,0,11,0.0099043,0.028883,Inf,87.152,1.0564
85.196,41.492,-8.8483,5,48.337,103.05,84.467,0,26,0.033253,0.030464,Inf,84.539,1.904
91.179,13.877,-34.41,5,91.331,-0.17146,245.74,0,3,0.82662,1.0017,Inf,268.57,0.15713
43.646,8.0745,-53.606,5,48.276,101.94,84.552,0,23,0.034479,0.019365,Inf,84.592,1.248
75.918,33.883,-68.08,5,50.695,100.39,85.563,0,25,0.013893,0.0039206,Inf,85.566,1.7602
59.664,28.04,-10.315,5,47.161,101.51,95.866,0,17,0.056771,0.015129,Inf,95.92,1.1707
83.433,15.699,-6.9984,5,88.47,-0.66261,246.33,0,4,0.76941,1.0066,Inf,268.87,0.22054
20.188,26.787,220.34,5,49.42,102.14,94.695,0,26,0.0116,0.02143,Inf,94.721,1.6445
35.815,33.988,154.94,5,52.939,102.81,85.198,0,15,0.058781,0.028052,Inf,85.295,1.1108
81.478,38.954,235.45,5,47.451,104.93,85.649,0,18,0.050971,0.04932,Inf,85.829,1.3104
61.263,45.63,141.79,5,46.89,102.6,88.673,0,12,0.062203,0.025996,Inf,88.766,1.0806
38.176,28.43,66.664,5,51.911,100.43,95.458,0,15,0.03822,0.004282,Inf,95.478,1.0339
59.578,27.117,104.91,5,48.573,104.92,84.417,0,16,0.02853,0.049213,Inf,84.572,1.0883
62.299,21.189,-9.0215,5,46.874,103.79,93.276,0,19,0.062511,0.03786,Inf,93.405,1.191
57.736,33.639,127.71,5,48.047,101.84,84.72,0,14,0.039068,0.018424,Inf,84.762,1.0477
64.344,46.293,58.257,5,47.272,102.67,96.542,0,12,0.054568,0.026734,Inf,96.617,1.0793
11.082,11.611,-63.296,5,50.267,100.4,95.703,0,24,0.0053391,0.0039684,Inf,95.704,1.2425
52.839,20.63,266.06,5,52.826,100.69,92.762,0,23,0.056518,0.0069325,Inf,92.808,1.448
21.714,38.6,-81.687,5,51.059,102.81,97.203,0,19,0.021189,0.028121,Inf,97.249,1.4053
82.976,14,252.6,5,50.047,104.08,85.392,0,24,0.0009312,0.040816,Inf,85.49,1.3029
16.658,36.25,121.59,5,51.871,102.26,79.641,0,16,0.037411,0.022622,Inf,79.695,1.112
90.704,10.792,266.81,5,49.839,101.17,85.164,0,26,0.0032169,0.011661,Inf,85.172,1.3258
40.454,14.344,0.84481,5,47.927,102.63,92.082,0,19,0.041463,0.026268,Inf,92.143,1.1023
52.855,16.144,-51.761,5,46.907,103.45,88.772,0,22,0.061853,0.034532,Inf,88.893,1.311
13.225,38.159,23.808,5,53.08,101.38,90.689,0,17,0.061601,0.013804,Inf,90.752,1.1814
68.153,26.43,111.42,5,47.267,101.54,86.57,0,16,0.054658,0.015363,Inf,86.627,1.0557
51.197,45.308,51.183,5,49.447,104.08,98.737,0,12,0.011069,0.040759,Inf,98.823,1.0968
63.805,27.992,-15.6,5,49.004,100.66,102.74,0,18,0.019917,0.0065565,Inf,102.75,1.2275
60.109,9.3327,242.86,5,51.359,100.42,95.963,0,23,0.027188,0.0042126,Inf,95.973,1.2606
81.608,36.78,-42.201,5,49.168,103.44,84.231,0,24,0.016639,0.034418,Inf,84.305,1.6978
70.615,14.441,232.76,5,51.376,100.18,86.946,0,21,0.027513,0.0018445,Inf,86.957,1.1931
58.395,9.5074,161.38,5,51.198,100.3,87.181,0,19,0.023951,0.0029613,Inf,87.189,1.0453
40.145,45.853,-14.45,5,50.247,101.83,101.64,0,13,0.0049354,0.018301,Inf,101.66,1.181
56.508,8.153,-15.508,5,47.364,101.2,86.216,0,21,0.052721,0.011982,Inf,86.264,1.1403
51.34,18.771,99.422,5,50.064,103.54,87.746,0,17,0.0012739,0.035399,Inf,87.817,1.0463
34.914,29.833,268.53,5,26.12,-1.5731,-22.451,0,9,0.4776,1.0157,Inf,106.73,0.627
90.166,48.067,128.68,5,47.395,100.72,97.299,0,15,0.05211,0.0071654,Inf,97.337,1.1424
77.583,32.186,2.5578,5,49.264,102.51,84.524,0,29,0.014719,0.025125,Inf,84.564,1.9806
11.417,14.735,48.644,5,51.318,103.96,95.992,0,22,0.026363,0.039638,Inf,96.083,1.1754
75.038,35.012,198.55,5,47.221,101.64,86.43,0,16,0.055577,0.016378,Inf,86.49,1.1487
31.787,28.584,65.502,5,52.479,103.57,94.22,0,16,0.049588,0.035692,Inf,94.32,1.0855
9.4688,8.319,-76.205,5,49.66,102.33,94.859,0,26,0.0067991,0.023327,Inf,94.888,1.2969
62.818,29.513,8.3454,5,47.202,101.12,96.124,0,16,0.055965,0.011225,Inf,96.171,1.1166
46.695,44.549,269.44,5,50.116,103.57,74.719,0,20,0.0023274,0.035706,Inf,74.804,1.8002
54.63,13.579,197.77,5,51.973,102.96,95.242,0,20,0.039454,0.029601,Inf,95.308,1.1555
54.836,36.745,-14.228,5,47.592,100.56,98.142,0,15,0.048152,0.0055508,Inf,98.173,1.1822
67.707,7.2627,92.648,5,49.057,102.63,84.441,0,20,0.018864,0.026299,Inf,84.487,1.0592
51.728,35.117,-85.334,5,47.527,103.46,97.849,0,21,0.049453,0.03458,Inf,97.941,1.6177
44.247,40.06,182.17,5,52.445,101.34,82.019,0,14,0.048893,0.013424,Inf,82.066,1.1625
22.347,10.94,140.66,5,-0.81481,42.54,99.395,0,8,1.0163,0.5746,Inf,125.55,0.42893
77.001,23.537,6.1031,5,49.983,102.91,85.412,0,32,0.00034991,0.029104,Inf,85.462,1.9731
87.49,47.598,244.64,5,46.781,102.28,90.653,0,17,0.064378,0.022757,Inf,90.739,1.3192
64.306,47.63,11.357,5,49.745,104.44,104.54,0,13,0.0051027,0.044442,Inf,104.63,1.1973
42.203,41.005,-35.891,5,47.315,101.13,96.629,0,15,0.053691,0.011325,Inf,96.673,1.2603
53.094,45.872,110.94,5,47.693,100.14,85.429,0,11,0.046143,0.0014238,Inf,85.46,1.0144
55.577,21.569,22.999,5,47.211,102.15,86.818,0,17,0.05579,0.021543,Inf,86.89,1.081
23.391,8.0738,88.878,5,51.949,100.21,95.401,0,20,0.038985,0.0020853,Inf,95.422,1.0449
87.782,43.017,-54.464,5,47.667,102.38,85.299,0,22,0.046658,0.023842,Inf,85.365,1.6089
47.985,30.558,131.39,5,52.072,104.12,87.316,0,15,0.041445,0.041226,Inf,87.438,1.0796
78.194,46.033,155.47,5,46.922,103.12,93.908,0,14,0.061566,0.03118,Inf,94.01,1.1496
50.515,40.841,139.96,5,50.583,104.09,82.15,0,13,0.011652,0.04093,Inf,82.254,1.0987
90.738,29.997,-28.217,5,48.951,100.06,84.374,0,27,0.020971,0.00058779,Inf,84.38,1.6668
78.839,43.531,-39.251,5,48.875,102.14,83.809,0,23,0.022504,0.021427,Inf,83.844,1.8137
16.917,13.863,81.657,5,52.376,101.47,94.522,0,20,0.04752,0.014725,Inf,94.564,1.0838
64.787,37.804,-54.983,5,49.348,104.9,84.576,0,31,0.013048,0.04904,Inf,84.721,2.4245
83.704,45.274,44.293,5,101.24,63.086,48.003,0,5,1.0247,0.36914,Inf,79.323,0.38897
24.845,34.487,105.88,5,52.93,102.47,85.118,0,15,0.058605,0.024744,Inf,85.204,1.0687
68.246,17.397,266.13,5,52.09,100.8,93.453,0,23,0.041808,0.0080286,Inf,93.48,1.3594
73.271,22.619,71.495,5,46.842,101.37,89.629,0,17,0.063159,0.01373,Inf,89.696,1.0519
34.352,12.179,-76.134,5,48.389,104.17,84.79,0,24,0.032225,0.041663,Inf,84.908,1.3452
21.769,21.72,203.96,5,49.198,100.63,93.96,0,28,0.016039,0.0062575,Inf,93.965,1.6824
57.351,40.072,152.96,5,48.223,102.08,82.571,0,13,0.035548,0.020841,Inf,82.617,1.0766
58.284,31.157,236.33,5,52.998,104.46,91.516,0,19,0.059969,0.044633,Inf,91.673,1.3701
40.248,22.198,165.37,5,53.024,100.73,91.253,0,17,0.060486,0.007311,Inf,91.306,1.084
33.721,27.71,-76.306,5,47.193,104.79,88.07,0,21,0.056143,0.047869,Inf,88.244,1.417
91.528,21.106,121.7,5,47.612,102.86,85.47,0,21,0.047764,0.028551,Inf,85.551,1.1777
77.445,30.091,233.93,5,48.69,103.42,83.779,0,19,0.026203,0.034239,Inf,83.859,1.2649
63.286,19.073,65.875,5,47.793,100.9,85.147,0,17,0.044138,0.0090368,Inf,85.181,1.0365
21.848,9.914,134.01,5,53.12,102.42,89.672,0,22,0.062405,0.024193,Inf,89.759,1.1655
71.722,47.128,178.15,5,46.76,102.5,91.511,0,13,0.064802,0.024965,Inf,91.603,1.1371
48.849,27.878,-54.331,5,46.853,100.43,92.945,0,19,0.062938,0.0042873,Inf,92.999,1.3171
61.444,22.187,-48.906,5,104.25,29.278,-5.0713,0,9,1.0851,0.70722,Inf,89.28,0.57216
35.736,46.296,-69.76,5,47.649,100.65,97.887,0,16,0.047025,0.0065308,Inf,97.917,1.4397
14.23,17.487,17.778,5,51.365,101.14,95.985,0,21,0.027303,0.011424,Inf,96.001,1.1675
76.035,19.69,-32.827,5,75.181,-0.8124,217.89,0,5,0.50362,1.0081,Inf,241.4,0.29612
22.19,18.818,250.58,5,48.558,100.34,92.566,0,26,0.028835,0.0034055,Inf,92.577,1.5149
34.733,34.877,2.4803,5,51.612,102.53,96.963,0,15,0.032231,0.025335,Inf,97.01,1.1213
71.114,18.352,-25.814,5,83.587,-0.61911,238.93,0,6,0.67175,1.0062,Inf,261.42,0.35573
88.834,45.953,-67.673,5,47.35,103.84,86.162,0,21,0.053002,0.038409,Inf,86.288,1.5777
85.621,10.045,64.458,5,47.511,104.87,85.771,0,22,0.049787,0.048742,Inf,85.945,1.1369
21.514,46.119,238.1,5,51.167,100.64,97.071,0,21,0.023333,0.0063989,Inf,97.08,1.7228
89.243,8.604,115.09,5,48.707,103.07,84.363,0,23,0.025869,0.030684,Inf,84.428,1.1562
75.847,41.592,151.65,5,46.895,101.5,93.553,0,14,0.062104,0.014988,Inf,93.617,1.096
49.165,24.528,-29.354,5,46.811,100.31,90.347,0,18,0.06378,0.0031091,Inf,90.404,1.1924
25.536,7.9281,222.84,5,19.221,-4.8394,266.61,0,3,0.61558,1.0484,Inf,288.13,0.15745
84.093,34.729,118.77,5,46.801,104.78,90.803,0,17,0.063977,0.047768,Inf,90.984,1.1543
20.036,28.749,123.42,5,52.624,102.15,82.965,0,17,0.052475,0.021503,Inf,83.034,1.0997
83.108,46.076,-62.289,5,48.025,104.61,84.381,0,21,0.039508,0.04608,Inf,84.53,1.6594
35.277,22.239,-81.344,5,47.508,101.98,85.959,0,22,0.049833,0.019778,Inf,86.018,1.3899
50.495,19.601,-4.8165,5,47.123,101.21,87.228,0,18,0.057533,0.0121,Inf,87.284,1.1194
78.564,21.992,166.44,5,48.014,102.39,84.777,0,19,0.039722,0.023906,Inf,84.834,1.1436
29.07,37.344,156.39,5,50.174,101.89,74.854,0,15,0.003483,0.018865,Inf,74.878,1.1353
77.197,31.087,-54.109,5,50.724,104.81,86.286,0,26,0.014484,0.048071,Inf,86.423,1.7547
19.261,8.5476,157.38,5,-0.26242,11.579,184.32,0,4,1.0052,0.88421,Inf,210.52,0.2073
49.004,45.859,143.34,5,50.965,103.75,81.003,0,12,0.019298,0.037547,Inf,81.096,1.108
81.537,24.02,12.603,5,49.845,101.45,85.177,0,33,0.0030954,0.014522,Inf,85.19,2.0057
92.511,38.118,52.019,5,48.672,100.64,101.94,0,18,0.026552,0.0063923,Inf,101.96,1.1988
31.832,19.514,-89.325,5,47.591,101.54,86.807,0,23,0.048172,0.015438,Inf,86.854,1.3937
20.801,37.279,218.7,5,50.321,101.09,96.159,0,24,0.0064208,0.010924,Inf,96.165,1.7345
37.458,37.523,-30.865,5,48.261,104.72,97.201,0,16,0.034789,0.047236,Inf,97.331,1.2554
25.343,42.648,-57.975,5,52.095,101.01,97.336,0,16,0.041904,0.010124,Inf,97.364,1.2815
71,18.266,193.31,5,49.287,102.35,84.213,0,19,0.014263,0.023523,Inf,84.249,1.1257
15.51,8.1961,-86.638,5,26.765,-0.35701,-13.406,0,3,0.46471,1.0036,Inf,103.88,0.15295
89.115,33.422,156.81,5,47.149,104.36,86.998,0,19,0.057019,0.043596,Inf,87.154,1.2303
16.991,21.859,-84.614,5,50.04,102.97,95.625,0,23,0.00079285,0.029653,Inf,95.671,1.3557
20.892,13.592,21.583,5,50.795,104.4,96.012,0,21,0.015896,0.043992,Inf,96.116,1.1516
32.51,9.359,-58.495,5,47.853,103.4,87.393,0,23,0.04295,0.033952,Inf,87.485,1.2458
44.627,12.414,-39.202,5,47.716,101,85.291,0,21,0.045688,0.010002,Inf,85.328,1.1966
60.073,45.33,123.07,5,46.931,102.98,88.537,0,12,0.061374,0.029825,Inf,88.64,1.0793
22.862,47.084,243.95,5,50.908,100.51,97.437,0,21,0.01816,0.0051122,Inf,97.443,1.7656
44.455,44.78,-67.316,5,47.48,103.29,97.628,0,17,0.050399,0.032895,Inf,97.715,1.5316
71.481,37.39,-50.673,5,49.878,101.64,84.803,0,27,0.0024396,0.016374,Inf,84.819,2.0395
69.856,14.834,8.2158,5,47.311,103.53,96.788,0,23,0.053781,0.035345,Inf,96.89,1.315
66.787,29.574,136.76,5,47.113,100.04,87.28,0,15,0.057742,0.00042801,Inf,87.328,1.0359
32.111,11.86,158.56,5,52.835,103.53,92.708,0,20,0.056708,0.03529,Inf,92.818,1.1119
46.192,27.89,250.51,5,52.578,101.01,82.709,0,21,0.051559,0.010113,Inf,82.755,1.4541
7.6288,46.978,246.84,5,52.772,101.14,93.115,0,21,0.055446,0.011417,Inf,93.163,1.547
48.728,19.37,-37.855,5,47.059,102.67,87.586,0,20,0.058812,0.026668,Inf,87.676,1.2401
79.886,19.162,180.21,5,48.398,103.12,84.436,0,20,0.032044,0.031189,Inf,84.509,1.1603
50.271,44.472,76.016,5,50.323,104.16,95.458,0,12,0.006458,0.041606,Inf,95.549,1.0805
44.003,43.729,197.35,5,51.282,101.51,77.74,0,14,0.02563,0.015056,Inf,77.765,1.237
61.12,35.754,144.5,5,47.618,102.6,85.327,0,14,0.047633,0.026045,Inf,85.4,1.0736
31.91,33.019,28.928,5,52.695,102.39,93.417,0,15,0.053903,0.023889,Inf,93.487,1.081
55.9,23.484,46.117,5,47.248,101.35,87.284,0,16,0.055038,0.01347,Inf,87.338,1.0424
51.611,27.396,85.532,5,49.116,102.32,90.859,0,15,0.017672,0.023155,Inf,90.893,1.0328
43.105,16.417,-71.066,5,47.742,103.64,85.242,0,23,0.045161,0.036399,Inf,85.35,1.3712
67.208,8.7098,162.23,5,49.733,102.26,84.973,0,20,0.005342,0.022625,Inf,85.004,1.0765
69.319,36.054,244.61,5,51.222,103,83.365,0,18,0.024448,0.029992,Inf,83.428,1.3473
66.091,25.201,168.4,5,48.752,103.48,84.016,0,17,0.02497,0.034835,Inf,84.098,1.111
32.328,46.908,267.89,5,49.905,102.22,95.72,0,28,0.0019058,0.022245,Inf,95.746,2.502
55.073,18.275,-8.8707,5,47.057,103.28,87.602,0,19,0.058865,0.032764,Inf,87.713,1.1602
31.345,37.814,264.22,5,49.213,100.42,94.428,0,29,0.015743,0.004164,Inf,94.432,2.2334
17.686,12.815,239.72,5,22.697,-0.35254,-44.441,0,3,0.54606,1.0035,Inf,113.1,0.16132
26.265,36.594,144.49,5,49.821,100.35,74.042,0,15,0.0035758,0.0035351,Inf,74.043,1.1078
80.747,34.072,-32.985,5,49.439,102.32,84.443,0,25,0.011227,0.023152,Inf,84.477,1.7183
43.591,25.141,46.871,5,50.15,103.38,95.873,0,16,0.0029933,0.033809,Inf,95.932,1.0648
43.23,14.774,9.1944,5,47.718,104.44,90.605,0,19,0.045638,0.044392,Inf,90.742,1.1112
56.093,46.971,-46.122,5,51.921,100.37,109.03,0,15,0.038421,0.0037326,Inf,109.05,1.4051
17.325,25.599,194.52,5,49.789,102.25,95.103,0,28,0.0042247,0.022477,Inf,95.13,1.7229
79.249,22.717,251.94,5,49.952,104.76,84.76,0,22,0.00095438,0.047624,Inf,84.894,1.3312
46.241,22.167,156.96,5,52.54,103,93.862,0,17,0.050794,0.029961,Inf,93.944,1.0908
59.741,47.47,200.63,5,50.154,102.09,78.236,0,13,0.0030814,0.020912,Inf,78.264,1.2167
90.13,18.988,135.4,5,47.809,100.94,85.073,0,21,0.043815,0.0094423,Inf,85.107,1.1614
9.2905,16.716,257.57,5,49.988,101.52,95.381,0,26,0.00024711,0.015242,Inf,95.393,1.4024
81.581,47.116,70.854,5,49.735,101.72,104.51,0,13,0.0053064,0.017249,Inf,104.53,1.0553
51.878,49.525,-40.3,5,49.956,101.57,105.01,0,14,0.0008825,0.015708,Inf,105.02,1.3859
37.553,25.265,79.346,5,51.585,102.18,95.822,0,16,0.031699,0.021817,Inf,95.86,1.0559
40.557,16.551,62.755,5,49.971,104.18,95.344,0,18,0.00058371,0.041806,Inf,95.436,1.0717
23.035,45.8,140.67,5,45.454,103.12,64.728,0,17,0.090923,0.031173,Inf,64.962,1.4041
70.91,22.6,4.4199,5,102.49,37.194,13.952,0,7,1.0498,0.62806,Inf,83.033,0.43655
8.1119,25.964,-65.376,5,51.635,101.75,95.8,0,22,0.032708,0.017514,Inf,95.83,1.2931
12.068,32.359,223.14,5,50.853,102.28,96.048,0,25,0.017062,0.022781,Inf,96.079,1.6118
57.55,16.505,12.812,5,47.156,100.21,87.061,0,18,0.05689,0.0021322,Inf,87.108,1.0735
13.033,47.896,-22.292,5,53.14,104.82,88.215,0,16,0.062792,0.048154,Inf,88.402,1.2522
16.38,43.663,-16.5,5,53.123,103.99,89.878,0,16,0.062468,0.039872,Inf,90.02,1.2194
32.542,17.631,254.98,5,17.704,-0.84817,263.41,0,5,0.64593,1.0085,Inf,283.9,0.29692
7.1842,15.029,-87.922,5,49.957,103.23,95.34,0,26,0.0008654,0.032292,Inf,95.395,1.3663
30.001,17.179,9.393,5,50.64,103.92,95.998,0,19,0.012805,0.03923,Inf,96.081,1.115
77.952,27.829,178.43,5,47.632,103.54,85.417,0,18,0.047357,0.035353,Inf,85.523,1.1629
28.744,39.2,190.05,5,51.157,103.51,96.05,0,31,0.023147,0.035055,Inf,96.12,2.4065
79.367,13.682,9.4775,5,92.835,-4.1296,242.85,0,6,0.85669,1.0413,Inf,267.68,0.32903
20.113,18.579,238.87,5,48.734,104.74,92.603,0,27,0.025324,0.047368,Inf,92.732,1.5565
79.492,41.094,-50.3,5,49.252,104.51,83.937,0,23,0.014968,0.045145,Inf,84.061,1.7457
22.066,49.739,90.489,5,50.851,101.42,76.541,0,12,0.017028,0.014247,Inf,76.559,1.0435
71.119,31.945,93.107,5,46.801,101.3,90.84,0,15,0.063977,0.012974,Inf,90.905,1.0525
59.989,48.3,261.95,5,52.661,101.75,83.183,0,17,0.053224,0.017456,Inf,83.243,1.6142
56.655,40.328,262.45,5,53.062,102.87,86.612,0,19,0.06124,0.028723,Inf,86.714,1.5822
60.334,48.792,241.65,5,52.187,100.53,80.873,0,15,0.043733,0.0052669,Inf,80.905,1.4357
20.445,44.203,247.75,5,50.931,102.79,96.991,0,21,0.018615,0.027859,Inf,97.035,1.6629
27.728,27.346,261.47,5,32.981,-0.32912,-13.436,0,7,0.34039,1.0033,Inf,102.65,0.46058
77.161,33.237,-7.9713,5,49.23,100.54,84.446,0,27,0.015402,0.0053941,Inf,84.451,1.873
52.306,33.492,-50.791,5,47.511,101.41,97.772,0,18,0.049784,0.014124,Inf,97.814,1.3524
36.914,37.53,61.883,5,52.578,104.17,93.887,0,14,0.051554,0.041738,Inf,94.015,1.0967
16.164,23.094,176.89,5,49.681,101.22,94.9,0,31,0.0063742,0.012196,Inf,94.908,1.8448
17.631,36.12,186.58,5,50.628,103.93,95.97,0,27,0.012569,0.039291,Inf,96.052,1.8851
