38.1,36.26,9.2201,5,63.985,102.42,110.44,0,16,0.27969,0.024199,0.22711,24.884,1.2338
41.335,13.156,30.91,5,55.635,102.75,110.55,0,20,0.11271,0.027455,0.22833,21.485,1.1458
19.148,8.2432,-6.5796,5,56.747,100.72,111.09,0,24,0.13493,0.0072052,0.23433,22.155,1.2396
30.648,20.047,231.74,5,18.622,-3.3747,-64.524,0,6,0.62757,1.0337,1.7169,188.54,0.36469
48.547,37.388,133.75,5,38.038,102.81,72.183,0,14,0.23923,0.028053,0.19797,21.643,1.1177
90.623,46.089,112.18,5,33.247,102.43,101.53,0,17,0.33507,0.024283,0.12811,20.482,1.2592
92.388,44.538,248.41,5,32.771,100.01,84.75,0,20,0.34459,0.00011458,0.058333,18.011,1.4326
64.126,47.783,57.215,5,57.935,104.51,115.49,0,12,0.1587,0.045119,0.28322,27.075,1.1092
43.393,15.553,34.595,5,56.553,101.57,110.37,0,19,0.13107,0.015717,0.22633,21.456,1.1215
39.579,26.961,26.153,5,61.578,101.17,109.28,0,17,0.23155,0.011699,0.21422,22.52,1.1521
49.849,36.019,222.51,5,51.674,100.19,55.854,0,19,0.03347,0.0018523,0.3794,34.188,1.4848
73.139,14.457,-81.014,5,75.518,-0.34293,-83.848,0,3,0.51036,1.0034,1.9316,202.34,0.16927
21.512,14.991,157.2,5,66.705,103.75,89.017,0,24,0.33409,0.037466,0.010922,17.149,1.3385
58.649,46.419,156.33,5,32.377,101.25,80.968,0,13,0.35246,0.012509,0.10036,19.842,1.1976
59.671,45.21,107.74,5,44.181,103.05,98.001,0,12,0.11637,0.030504,0.0889,10.353,1.0784
68.397,20.44,-3.2522,5,33.763,100.02,104.92,0,25,0.32474,0.00019972,0.16578,22.051,1.5307
63.019,35.898,32.092,5,49.347,103.71,120.46,0,16,0.013066,0.037112,0.33844,30.692,1.2231
64.012,26.035,197.43,5,41.149,101.57,63.971,0,19,0.17702,0.015662,0.28921,27.538,1.262
90.998,16.846,190.51,5,38.893,100.85,70.417,0,24,0.22213,0.0085393,0.21759,22.53,1.2943
31.914,25.409,16.065,5,62.711,100.2,107.47,0,18,0.25423,0.0019751,0.19411,21.606,1.1726
81.387,23.158,76.815,5,34.675,101.86,94.491,0,19,0.30651,0.018589,0.0499,16.077,1.1445
37.417,29.986,213.2,5,-0.010821,47.198,108.84,0,9,1.0002,0.52802,0.20933,75.127,0.6326
42.107,37.416,-1.2634,5,62.121,102.14,117.74,0,16,0.24241,0.021406,0.30822,30.348,1.2682
38.99,30.464,269.87,5,16.305,-0.27818,-36.926,0,10,0.67391,1.0028,1.4103,165.23,0.7102
42.574,43.308,254.02,5,-1.4752,51.891,127.39,0,10,1.0295,0.48109,0.41544,79.763,0.87449
64.315,36.387,222.86,5,39.216,102.72,61.358,0,18,0.21568,0.027162,0.31824,30.726,1.3803
21.283,24.696,151.65,5,65.647,102.73,77.718,0,21,0.31294,0.027272,0.13647,20.078,1.3028
80.362,16.289,105.59,5,36.174,104.6,80.052,0,21,0.27653,0.046032,0.11053,17.643,1.1791
82.317,49.827,-40.268,5,34.975,101.3,74.136,0,23,0.3005,0.012989,0.17627,21.889,1.9269
70.657,12.454,33.653,5,36.22,100.05,101.72,0,21,0.27561,0.00054303,0.13022,18.09,1.1673
86.009,19.484,62.387,5,33.334,101.86,89.22,0,21,0.33332,0.018577,0.0086667,16.788,1.1905
70.359,14.034,-83.154,5,77.365,-4.6667,-72.656,0,4,0.54731,1.0467,1.8073,195.35,0.22639
42.055,13.071,83.066,5,52.678,102.34,88.65,0,18,0.053555,0.023438,0.015,3.8039,1.031
31.45,49.174,224.99,5,60.391,103.24,110.94,0,29,0.20783,0.032441,0.23267,23.6,2.6799
38.712,49.597,35.414,5,65.585,100.99,87.039,0,12,0.31169,0.0099243,0.0329,15.895,1.1616
40.223,34.856,127.53,5,42.591,100.91,66.942,0,14,0.14817,0.0090604,0.2562,24.236,1.0626
70.865,30.027,110.97,5,38.79,102.31,96.643,0,16,0.22421,0.023057,0.073811,13.234,1.0956
59.752,28.041,115.91,5,40.699,104.73,88.574,0,16,0.18602,0.04731,0.015844,10.532,1.1017
29.581,9.9981,-29.465,5,53.509,100.79,112.88,0,23,0.070173,0.007877,0.25422,23.161,1.2461
48.029,40.615,28.506,5,63.685,102.16,112.53,0,14,0.2737,0.021606,0.25033,26.449,1.1781
43.909,47.929,198.12,5,46.024,102.44,46.994,0,16,0.079526,0.024378,0.47784,43.258,1.526
74.563,41.406,244.95,5,34.209,100.96,71.606,0,18,0.31581,0.0095917,0.20438,24.261,1.4166
62.08,32.329,93.346,5,47.767,100.79,100.2,0,14,0.044658,0.0079296,0.11333,10.471,1.0183
36.019,33.998,227.59,5,56.279,102.34,111.12,0,35,0.12557,0.023392,0.23467,22.158,2.5939
74.198,7.2136,111.39,5,38.182,101.49,81.905,0,21,0.23636,0.0149,0.089944,14.402,1.095
50.862,17.06,-88.051,5,33.747,103.99,95.251,0,28,0.32506,0.039886,0.058344,17.54,1.6879
54.329,26.577,116.72,5,41.275,104.21,83.753,0,16,0.1745,0.042136,0.069411,11.527,1.0877
84.001,33.048,-5.7215,5,41.289,101.25,69.271,0,31,0.17422,0.012507,0.23032,22.52,2.0642
44.821,29.242,-3.7188,5,55.443,101.85,119.93,0,18,0.10886,0.018457,0.33256,30.477,1.2686
71.758,36.494,219.42,5,35.51,102.31,69.688,0,18,0.2898,0.023101,0.22569,25.057,1.3407
71.664,12.626,148.02,5,39.788,102.23,72.402,0,21,0.20424,0.02227,0.19553,20.468,1.1664
55.133,44.711,192.67,5,36.693,102.86,57.671,0,15,0.26613,0.028573,0.35921,35.077,1.3507
25.32,33.28,252.6,5,52.941,103.46,112.85,0,28,0.058824,0.034577,0.25389,23.297,1.968
33.456,30.26,20.719,5,63.697,101.68,105.17,0,17,0.27394,0.016817,0.16856,20.508,1.1859
23.368,13.516,-49.11,5,54.544,103.15,112.38,0,24,0.090873,0.031502,0.24867,23.053,1.3261
89.146,23.736,265.09,5,40.403,101.49,69.1,0,25,0.19193,0.014934,0.23222,23.046,1.4582
77.932,25.572,192.56,5,36.688,101.08,72.039,0,20,0.26624,0.010803,0.19957,22.382,1.2579
92.204,26.661,155.14,5,35.269,102.08,75.512,0,22,0.29462,0.020821,0.16098,20.766,1.3
34.87,18.767,71.313,5,57.463,100.02,88.137,0,17,0.14926,0.00015989,0.0207,7.692,1.0287
29.009,32.558,116.32,5,53.219,100.95,68.341,0,15,0.064389,0.0094895,0.24066,21.917,1.0618
41.948,46.849,-22.648,5,64.57,103.53,120.16,0,15,0.2914,0.035324,0.33511,33.68,1.3952
37.218,11.766,-36.579,5,48.419,101.56,113.17,0,23,0.03161,0.015606,0.25744,23.276,1.2899
32.712,21.8,142.86,5,58.748,103.36,71.241,0,19,0.17496,0.033558,0.20843,20.969,1.1862
35.01,10.728,156.86,5,62.674,101.56,78.316,0,22,0.25347,0.015584,0.12982,17.308,1.2152
23.395,21.195,97.771,5,61.761,100.75,82.663,0,18,0.23521,0.0075078,0.081522,13.882,1.0821
14.611,39.442,169.4,5,-4.684,44.633,161.14,0,4,1.0937,0.55367,0.79044,105.44,0.28514
13.213,26.714,89.803,5,65.929,103.95,93.876,0,20,0.31859,0.039512,0.043067,16.863,1.2195
26.908,41.04,227.68,5,57.58,101.46,112.67,0,28,0.1516,0.014633,0.25189,23.948,2.211
82.251,9.132,17.325,5,32.863,102.88,85.839,0,27,0.34274,0.028783,0.046233,17.869,1.4001
18.068,16.554,158.73,5,66.97,100.14,84.817,0,24,0.33939,0.0013712,0.057589,17.744,1.3431
85.77,19.362,-8.6378,5,85.851,-0.12087,200.83,0,6,0.71702,1.0012,1.2314,153.6,0.34007
92.146,40.028,176.61,5,33.102,104.51,83.395,0,20,0.33797,0.045099,0.073389,18.695,1.3642
76.817,8.0634,16.22,5,32.911,102.04,87.207,0,26,0.34178,0.020407,0.031033,17.435,1.3575
33.398,37.127,96.878,5,50.218,104.64,74.667,0,14,0.0043632,0.046441,0.17037,16.021,1.0765
40.633,14.968,-14.074,5,49.092,104.31,113.69,0,22,0.018156,0.043052,0.26322,24.096,1.2859
80.82,17.894,26.447,5,32.844,102.75,94.924,0,23,0.34313,0.027547,0.054711,18.059,1.3113
14.403,33.41,177.71,5,-2.7665,25.944,235.87,0,4,1.0553,0.74056,1.6208,171.89,0.26488
32.277,20.514,167.36,5,64.474,102.68,75.638,0,22,0.28948,0.026843,0.15958,20.566,1.3507
73.988,7.3883,178.13,5,43.324,100.77,69.032,0,23,0.13352,0.0077074,0.23298,22.019,1.2021
9.5146,20.047,88.747,5,65.008,102.91,101.16,0,22,0.30016,0.029088,0.124,18.928,1.2274
15.474,37.411,85.418,5,65.478,102.09,81.052,0,17,0.30956,0.020869,0.099422,18,1.1891
81.482,11.571,226.57,5,44.346,103.66,68.794,0,25,0.11309,0.03663,0.23562,22.25,1.3317
71.194,10.785,-48.761,5,82.755,-4.7857,-76.112,0,4,0.6551,1.0479,1.8457,199.11,0.21811
29.922,49.306,124.6,5,45.691,103.28,58.874,0,12,0.086177,0.032797,0.34584,31.594,1.1004
22.215,18.392,201.07,5,16.676,-0.68349,-49.671,0,5,0.66647,1.0068,1.5519,175.37,0.29
66.968,44.404,200.02,5,32.127,100.65,76.63,0,15,0.35745,0.0065075,0.14856,22.33,1.2903
7.1554,41.107,62.048,5,67.035,104.4,89.2,0,19,0.34069,0.044044,0.0088889,17.612,1.3044
16.129,14.976,46.578,5,61.901,100.42,107.26,0,22,0.23803,0.0042104,0.19178,20.969,1.2019
46.187,27.271,246.76,5,64.318,102.11,72.564,0,25,0.28636,0.021096,0.19373,22.66,1.7164
49.164,32.776,28.869,5,58.859,103.42,115.9,0,16,0.17718,0.034178,0.28778,27.586,1.19
68.075,35.14,-36.602,5,42.318,101.52,68.845,0,32,0.15365,0.015247,0.23506,22.558,2.3763
64.789,13.174,159.66,5,43.104,103.81,69.175,0,21,0.13793,0.038122,0.23139,22.265,1.1921
85.17,23.598,243.7,5,39.008,100.43,69.487,0,23,0.21984,0.004282,0.22792,23.276,1.3673
23.16,41.704,144.74,5,57.831,101.81,59.537,0,16,0.15662,0.018073,0.33848,31.505,1.2465
84.721,32.045,186.72,5,34.658,102.68,76.822,0,20,0.30683,0.026834,0.14642,20.401,1.3104
73.96,45.933,266.51,5,33.794,100.4,70.643,0,18,0.32412,0.0040055,0.21508,25.249,1.5219
38.989,15.159,123.54,5,50.237,100.59,72.258,0,18,0.0047474,0.0059194,0.19713,17.753,1.052
80.48,24.416,-8.4774,5,44.266,101.29,69.388,0,32,0.11468,0.012871,0.22902,21.434,1.9632
7.7625,37.311,86.298,5,66.911,103.27,86.031,0,19,0.33822,0.032681,0.0441,17.676,1.2568
39.632,29.243,-40.217,5,52.932,104.14,119.17,0,20,0.058642,0.041393,0.32411,29.608,1.3984
16.425,27.689,-89.469,5,58.582,103.69,112.08,0,24,0.17163,0.036883,0.24533,23.975,1.5052
39.971,49.31,82.006,5,50.407,103.3,80.88,0,11,0.0081426,0.033023,0.10133,9.7072,1.0644
14.769,44.047,86.93,5,64.715,103.06,75.391,0,16,0.29429,0.030566,0.16232,20.96,1.2099
55.934,45.29,-35.781,5,49.183,100.67,131.09,0,18,0.016345,0.0067375,0.45656,41.104,1.6354
59.799,22.093,223.34,5,49.463,100.71,63.004,0,21,0.010748,0.007095,0.29996,27.011,1.3372
92.614,8.642,145.99,5,41.643,103.3,69.458,0,26,0.16715,0.033048,0.22824,22.421,1.2896
16.171,38.112,216.12,5,59.863,103.12,111.06,0,26,0.19727,0.031154,0.234,23.464,1.8432
35.138,40.183,-79.333,5,58.504,101.95,121.64,0,19,0.17007,0.01953,0.35156,32.821,1.5413
36.85,43.307,-36.926,5,64.598,101.94,116.88,0,16,0.29197,0.019396,0.29867,30.65,1.3746
35.731,36.231,53.253,5,61.423,104.94,90.111,0,15,0.22847,0.04941,0.0012333,12.446,1.1477
40.036,42.968,248.23,5,60.358,100.55,109.94,0,36,0.20715,0.0055353,0.22156,22.477,3.109
40.862,37.149,108.22,5,43.25,101.25,76.8,0,13,0.135,0.012477,0.14667,14.878,1.0234
46.564,23.391,260.25,5,65.9,101.86,79.094,0,27,0.318,0.018595,0.12118,19.37,1.7604
82.496,39.445,164.16,5,33.089,103.67,84.097,0,18,0.33823,0.036726,0.065589,18.284,1.3096
76.177,25.771,98.847,5,36.719,104.64,93.912,0,18,0.26561,0.046355,0.043467,14.602,1.1435
10.814,8.4042,20.047,5,58.105,100.13,110.71,0,25,0.16209,0.0012692,0.23011,22.24,1.2547
11.357,11.526,121.95,5,65.528,100.38,98.752,0,23,0.31055,0.003841,0.097244,17.829,1.1912
10.871,47.145,208.5,5,63.423,104.75,106.81,0,25,0.26846,0.04746,0.18678,22.03,1.9008
7.1534,21.47,139.09,5,67.079,102.06,88.712,0,23,0.34158,0.020588,0.014311,17.251,1.2855
42.649,15.554,119.93,5,47.527,102.49,74.085,0,18,0.049468,0.024894,0.17683,16.297,1.0618
62.634,49.995,-33.4,5,48.735,100.23,135.44,0,22,0.025305,0.0022814,0.50489,45.458,2.1328
77.313,18.582,-72.131,5,49.597,104.16,70.422,0,29,0.0080591,0.041593,0.21753,20.019,1.6885
19.263,45.158,45.283,5,66.274,104.31,85.53,0,16,0.32547,0.043139,0.049667,17.418,1.2725
64,22.261,244.86,5,49.021,101,63.838,0,22,0.019589,0.010017,0.29069,26.199,1.3926
7.7077,40.085,130.51,5,65.15,103.78,71.965,0,19,0.30301,0.037814,0.20039,23.855,1.2954
35.255,20.41,103.93,5,51.473,102.98,77.18,0,17,0.029457,0.029789,0.14244,13.244,1.0501
11.779,26.981,161.23,5,-0.32737,35.506,132.92,0,3,1.0065,0.64494,0.47689,92.382,0.182
28.591,26.356,14.272,5,62.237,103.94,107.78,0,19,0.24474,0.039354,0.19756,21.941,1.2387
15.538,25.677,170.51,5,-4.0696,29.615,168.08,0,4,1.0814,0.70385,0.86756,118.21,0.24413
87.014,43.773,-4.9487,5,37.404,102.46,71.702,0,29,0.25192,0.024613,0.20331,22.35,2.154
73.724,24.653,-22.589,5,46.774,103.4,70.146,0,33,0.064514,0.033978,0.2206,20.4,2.0888
48.638,27.102,4.8626,5,53.133,100.54,120.04,0,18,0.062657,0.0054394,0.33378,30.208,1.2344
69.376,20.656,-24.462,5,86.422,-0.4106,216.01,0,8,0.72845,1.0041,1.4001,165.19,0.48974
29.259,15.809,255.52,5,21.699,-2.6169,256.4,0,4,0.56603,1.0262,1.8489,197.54,0.23066
79.265,33.291,268.38,5,39.06,103.07,67.497,0,22,0.2188,0.030695,0.25003,25.209,1.51
19.77,32.984,129.23,5,63.542,104.7,74.233,0,18,0.27084,0.046986,0.17519,21.309,1.2242
22.772,13.443,233.26,5,20.561,-0.85053,-79.359,0,3,0.58879,1.0085,1.8818,199.3,0.16531
78.594,9.3065,173.04,5,43.231,104.68,69.413,0,24,0.13537,0.04678,0.22874,22.171,1.2619
77.67,13.462,-64.373,5,75.914,-0.58782,237.06,0,3,0.51828,1.0059,1.634,180.04,0.1651
78.277,20.925,25.251,5,33.442,102.28,100.2,0,22,0.33116,0.022802,0.11333,19.581,1.3099
84.583,9.3786,85.41,5,36.541,104.05,76.526,0,23,0.26918,0.040496,0.14971,19.47,1.1856
43.825,9.3654,77.815,5,53.26,103.54,92.361,0,19,0.065209,0.035361,0.026233,5.3604,1.0457
8.3807,21.265,67.119,5,64.536,101.12,103.31,0,22,0.29072,0.011204,0.14789,19.741,1.2351
36.541,13.002,116.79,5,52.757,104.04,76.112,0,19,0.055133,0.040429,0.15431,14.724,1.0791
10.087,20.407,101.94,5,65.485,104.27,98.991,0,22,0.30971,0.042743,0.0999,18.408,1.2354
48.243,49.755,145.65,5,33.704,103.31,70.324,0,12,0.32591,0.033137,0.21862,25.762,1.1934
78.152,40.315,-37.67,5,41.202,104.42,67.987,0,27,0.17596,0.044235,0.24459,24.115,2.0457
67.722,31.988,263.57,5,43.963,101.83,61.769,0,21,0.12073,0.018299,0.31368,28.927,1.494
70.574,21.413,-73.76,5,78.558,-1.7672,268.79,0,5,0.57115,1.0177,1.9866,207.7,0.30775
65.061,41.215,159.76,5,33.529,103.32,80.631,0,15,0.32942,0.03321,0.1041,19.238,1.2359
91.361,17.757,124.47,5,36.591,101.62,73.319,0,23,0.26818,0.016228,0.18534,21.463,1.2492
14.318,25.77,-7.6359,5,63.594,100.14,106.18,0,21,0.27189,0.0014276,0.17978,21.133,1.2749
13.696,10.801,155.93,5,66.539,102.88,95.55,0,26,0.33077,0.028834,0.061667,17.681,1.3499
59.106,14.629,71.678,5,49.989,102.95,102.52,0,18,0.00022869,0.029491,0.13911,12.863,1.0483
34.413,26.265,-0.0086576,5,59.661,104.17,113.24,0,19,0.19322,0.041689,0.25822,25.511,1.2605
15.592,39.282,-41.354,5,66,101.75,100.55,0,19,0.32,0.017486,0.11722,19.245,1.3612
80.965,21.895,60.051,5,34.4,104.51,94.611,0,20,0.312,0.045119,0.051233,16.881,1.1902
86.173,9.5388,259.82,5,45.415,100.34,69.302,0,27,0.091695,0.0033654,0.22998,21.202,1.3857
60.723,49.145,47.561,5,63.074,100.45,115.36,0,11,0.26148,0.0044641,0.28178,28.535,1.0582
31.932,8.761,197.3,5,-2.4654,6.3595,205.75,0,7,1.0493,0.93641,1.2861,157.86,0.3763
19.727,13.849,-61.118,5,54.463,103.72,111.89,0,25,0.089252,0.037178,0.24322,22.648,1.3689
86.475,22.201,130.66,5,35.208,100.62,76.613,0,21,0.29585,0.0062131,0.14874,19.96,1.222
50.621,29.049,20.527,5,55.118,101.63,118.95,0,17,0.10236,0.016339,0.32167,29.444,1.198
90.839,28.885,37.544,5,33.507,100.49,104,0,21,0.32985,0.0049281,0.15556,21.639,1.2804
76.357,37.203,11.965,5,38.731,101.45,119.48,0,21,0.22538,0.01451,0.32756,31.594,1.5418
27.462,39.762,180.91,5,-1.5592,46.893,157.98,0,6,1.0312,0.53107,0.75533,100.5,0.46644
68.372,13.143,151.98,5,41.118,103.93,71.251,0,21,0.17764,0.039251,0.20832,21.115,1.1827
24.218,30.151,197.19,5,55.766,101.74,111.34,0,31,0.11532,0.017395,0.23711,22.174,2.0818
27.056,21.23,266.42,5,25.102,-3.6605,-89.248,0,5,0.49796,1.0366,1.9916,208.56,0.30471
31.765,13.945,77.502,5,57.909,104.4,89.049,0,19,0.15818,0.043954,0.010567,9.1004,1.08
57.891,33.512,-43.959,5,38.13,101.02,116.84,0,23,0.23739,0.010175,0.29822,29.365,1.7176
37.7,8.1278,41.09,5,56.378,104.35,106.46,0,21,0.12756,0.043468,0.18289,18.181,1.1328
70.982,28.611,255.36,5,41.967,100.4,63.594,0,21,0.16065,0.0039614,0.2934,27.604,1.4111
72.405,12.607,212,5,44.86,102.49,67.544,0,23,0.1028,0.02485,0.24951,23.171,1.2747
70.372,40.032,140.93,5,34.499,102.47,91.52,0,15,0.31001,0.024743,0.016889,15.77,1.1842
89.971,37.928,195.61,5,33.472,103.37,81.202,0,20,0.33055,0.033719,0.097756,19.025,1.3545
47.876,32.965,207.86,5,52.76,100.18,57.542,0,19,0.055199,0.0017973,0.36064,32.576,1.4165
34.565,45.921,51.371,5,61.663,103.79,83.258,0,13,0.23326,0.037898,0.074911,13.994,1.1558
14.515,12.225,153.19,5,66.659,102.54,94.013,0,25,0.33317,0.025392,0.044589,17.323,1.3203
62.583,22.501,220.38,5,47.305,102.46,63.453,0,21,0.053898,0.024627,0.29497,26.797,1.3373
41.753,45.539,-41.597,5,62.009,102.51,124.53,0,16,0.24018,0.025076,0.38367,36.645,1.4524
86.868,27.907,25.743,5,33.765,101.54,105.44,0,22,0.3247,0.015367,0.17156,22.458,1.3585
52.798,15.39,27.598,5,47.904,103.21,112.59,0,20,0.041912,0.032076,0.251,22.913,1.1812
66.291,42.898,70.628,5,54.718,100.42,112.08,0,12,0.094368,0.0041723,0.24533,22.582,1.0104
7.868,29.226,15.938,5,64.05,103.83,105.12,0,22,0.28101,0.038344,0.168,20.993,1.3355
36.662,26.19,174.56,5,61.921,104.13,69.358,0,21,0.23842,0.041309,0.22936,24.192,1.3999
15.905,23.446,-45.113,5,59.717,104.56,110.87,0,23,0.19434,0.045616,0.23189,23.469,1.3723
11.931,9.2857,58.982,5,60.219,101.41,109.2,0,24,0.20439,0.014104,0.21333,21.796,1.2198
32.503,36.534,-55.457,5,59.856,104.42,117.73,0,19,0.19711,0.044164,0.30811,29.76,1.443
91.662,14.985,177.53,5,40.384,103.77,69.672,0,25,0.19232,0.037744,0.22587,22.801,1.3203
28.092,15.582,120.28,5,59.436,101.84,78.429,0,19,0.18873,0.018429,0.12857,15.044,1.0893
7.1,39.571,59.942,5,67.041,102.6,89.367,0,19,0.34081,0.026001,0.0070333,17.25,1.2819
54.78,36.328,20.437,5,54.628,103.38,122.16,0,16,0.092569,0.033843,0.35733,32.667,1.2529
44.28,36.391,254.93,5,63.765,102.88,67.619,0,26,0.27529,0.028782,0.24868,26.433,2.0355
87.055,15.425,-71.932,5,45.677,102.73,69.419,0,28,0.086467,0.027253,0.22868,21.207,1.5162
92.358,48.51,-16.066,5,34.778,100.68,76.453,0,26,0.30444,0.006794,0.15052,20.389,1.9498
85.379,37.757,199.03,5,33.374,102.08,81.343,0,19,0.33252,0.020847,0.096189,18.86,1.3269
87.259,30.326,188.32,5,35.319,103.49,75.207,0,21,0.29362,0.034945,0.16437,21.132,1.3289
13.421,26.589,157.64,5,66.254,101.69,76.598,0,23,0.32507,0.016883,0.14891,21.134,1.4021
86.261,21.198,183.94,5,37.138,100.24,72.105,0,22,0.25725,0.0024246,0.19883,22.039,1.2681
62.768,45.104,-53.425,5,38.181,101.68,70.811,0,33,0.23639,0.016826,0.21321,22.599,2.9275
78.584,21.382,159.79,5,37.871,103.9,71.908,0,21,0.24258,0.039028,0.20102,22.128,1.2552
75.658,15.205,150.19,5,38.606,101.39,72.309,0,21,0.22788,0.013876,0.19657,21.089,1.1852
34.23,34.763,94.107,5,50.355,102.59,76.066,0,14,0.0071031,0.025949,0.15482,14.177,1.043
22.309,40.946,40.162,5,66.027,102.5,88.467,0,16,0.32054,0.024984,0.017033,16.293,1.2266
81.369,9.7058,166.96,5,42.175,103.33,69.474,0,24,0.1565,0.033298,0.22807,22.218,1.2554
84.675,23.658,96.238,5,34.023,102.9,85.133,0,20,0.31955,0.02902,0.054078,16.952,1.1926
62.04,18.27,170.02,5,43.32,102.87,66.574,0,20,0.13361,0.028658,0.26029,24.528,1.2105
62.495,8.1379,144.65,5,43.08,102.67,71.878,0,21,0.13841,0.02671,0.20136,19.581,1.1326
72.552,38.122,266.62,5,38.518,102.18,64.396,0,20,0.22964,0.021788,0.28449,28.145,1.5184
42.955,9.3312,206.6,5,65.387,104.06,85.681,0,26,0.30774,0.04061,0.047989,16.489,1.4295
29.724,9.35,12.845,5,56.561,101.4,110.93,0,22,0.13122,0.013996,0.23256,21.979,1.1842
47.425,17.211,30.766,5,53.899,102.18,113.03,0,19,0.077987,0.021824,0.25589,23.459,1.1469
43.798,11.117,197.73,5,63.518,101.11,77.817,0,24,0.27035,0.011123,0.13537,18.232,1.3468
36.339,38.045,-30.052,5,62.515,102.4,117.05,0,17,0.25029,0.023954,0.30056,29.901,1.3398
75.498,43.267,18.079,5,41.836,102.72,123.92,0,18,0.16327,0.027183,0.37689,34.995,1.447
72.261,40.583,-16.762,5,39.907,103.08,69.515,0,31,0.20186,0.030838,0.22761,23.043,2.4429
71.7,42.855,130,5,36.136,101.31,99.298,0,14,0.27728,0.013132,0.10331,16.745,1.1452
63.986,45.031,75.42,5,54.801,103.52,108.03,0,12,0.096021,0.035157,0.20033,18.987,1.0578
81.516,25.985,70.412,5,34.633,104.21,96.197,0,19,0.30734,0.042094,0.068856,17.096,1.1809
16.958,36.621,70.778,5,65.761,101.65,84.85,0,17,0.31522,0.016482,0.057222,16.663,1.1892
31.893,49.6,195.08,5,-2.938,52.23,180.43,0,7,1.0588,0.4777,1.0048,115.16,0.65355
72.609,21.693,38.515,5,37.864,100.46,107.65,0,19,0.24272,0.0046035,0.19611,21.425,1.1656
48.852,33.824,84.404,5,51.365,103.74,90.984,1,14,0.027301,0.037355,0.010933,4.1011,1.0576
30.12,30.813,-6.8438,5,63.293,101.9,109.24,0,18,0.26585,0.018987,0.21378,23.463,1.2502
32.714,16.911,14.102,5,58.918,101.09,111.02,0,20,0.17837,0.010898,0.23356,22.86,1.1783
50.021,19.05,49.241,5,55.413,104.22,107.89,0,18,0.10827,0.042196,0.19878,19.161,1.1118
27.428,45.179,143.35,5,51.257,100.7,53.968,0,14,0.02515,0.0070002,0.40036,36.061,1.1807
48.66,27.251,-46.818,5,41.934,104.37,114.94,0,22,0.16132,0.043666,0.27711,26.574,1.5118
46.839,36.623,-81.736,5,43.181,103.57,118.76,0,22,0.13637,0.035724,0.31956,29.772,1.7335
19.236,11.872,143.68,5,66.045,102.6,92.335,0,23,0.32091,0.025975,0.025944,16.421,1.232
52.346,23.122,105.98,5,44.198,102.26,86.565,0,16,0.11604,0.022551,0.038167,7.1113,1.0401
58.963,30.901,156.77,5,38.506,104.57,68.443,0,17,0.22989,0.04571,0.23952,24.854,1.2199
85.372,36.125,-76.544,5,37.538,102.25,70.255,0,23,0.24925,0.022491,0.21939,23.457,1.575
51.009,8.4014,155.54,5,51.06,100.6,69.043,0,21,0.021202,0.0060293,0.23286,20.992,1.1462
32.332,47.746,11.655,5,67.335,102.68,92.951,0,14,0.3467,0.026763,0.032789,17.787,1.269
68.401,31.478,58.562,5,48.429,100.28,113.81,0,15,0.031426,0.002816,0.26456,23.863,1.0571
67.64,13.505,-15.428,5,101.67,20.384,22.534,0,7,1.0334,0.79616,0.74962,116.45,0.39649
76.775,12.316,26.867,5,33.269,101.21,93.37,0,23,0.33462,0.012063,0.037444,17.11,1.2543
33.752,26.26,-52.555,5,54.48,103.68,117.12,0,21,0.089602,0.036754,0.30133,27.733,1.3906
44.272,26.369,242.07,5,65.414,102.54,75.01,0,26,0.30827,0.025438,0.16656,21.65,1.7602
10.538,24.143,-25.121,5,61.614,103.45,108.93,0,23,0.23227,0.034522,0.21033,22.475,1.3449
43.345,14.871,42.732,5,56.937,102.95,107.33,0,19,0.13873,0.029507,0.19256,18.899,1.1126
56.071,8.5901,123.14,5,43.45,104.58,78.121,0,20,0.131,0.045807,0.13199,14.317,1.0916
70.495,31.992,41.107,5,42.467,103.78,114.37,0,17,0.15066,0.037832,0.27078,25.786,1.1967
23.79,23.578,40.336,5,63.692,101.45,101.43,0,19,0.27383,0.01447,0.127,17.895,1.1759
58.972,16.992,-55.085,5,32.629,100.09,97.383,0,30,0.34743,0.00092312,0.082033,18.875,1.7966
47.179,10.116,15.134,5,48.561,100.01,112.91,0,21,0.028786,7.3512e-05,0.25456,22.955,1.1676
62.79,45.233,269.53,5,42.239,103.93,56.508,0,19,0.15522,0.03928,0.37213,34.603,1.6892
74.546,33.088,61.619,5,41.735,102.84,110.78,0,16,0.16531,0.028423,0.23089,22.543,1.1225
16.188,29.796,94.727,5,65.416,100.79,83.97,0,18,0.30832,0.0078687,0.067,16.572,1.155
38.278,10.14,66.35,5,56.901,101.88,94.675,0,19,0.13802,0.018769,0.051944,8.5448,1.0483
39.077,19.317,118.55,5,48.435,101.05,72.712,0,17,0.031299,0.010499,0.19209,17.39,1.044
87.89,24.176,262.34,5,41.021,103.67,68.829,0,25,0.17958,0.036703,0.23523,23.287,1.4747
21.53,49.462,255.78,5,65.549,100.56,106.85,0,20,0.31098,0.0056217,0.18722,22.935,1.724
42.07,26.792,232.26,5,65.175,100.94,72.654,0,26,0.3035,0.0093512,0.19273,23.066,1.7654
14.096,16.727,-32.532,5,58.574,102.89,110.96,0,24,0.17148,0.02891,0.23289,22.83,1.3233
70.623,8.8436,227.31,5,48.099,100.97,68.032,0,24,0.038012,0.0097103,0.24409,22.071,1.284
53.561,15.379,94.86,5,47.271,100.11,91.013,0,17,0.054571,0.0011284,0.011256,2.913,1.0036
81.184,11.797,-88.916,5,47.069,100.79,69.24,0,27,0.058611,0.0078832,0.23067,20.981,1.443
14.671,38.859,118.05,5,63.975,102.2,71.797,0,17,0.2795,0.021962,0.20226,23.054,1.2037
7.2318,41.813,-18.972,5,66.476,104.21,96.872,0,20,0.32951,0.042118,0.076356,18.341,1.3848
54.845,26.965,117.09,5,41.113,104.47,84.032,0,16,0.17775,0.044726,0.066311,11.601,1.093
49.92,12.648,96.837,5,47.54,102.5,87.584,1,18,0.049192,0.025021,0.026844,4.259,1.0303
86.464,15.169,-65.507,5,45.413,100.16,69.239,0,28,0.09173,0.0016102,0.23068,21.262,1.5162
17.881,17.184,-36.638,5,58.911,101.01,111.24,0,23,0.17822,0.010062,0.236,23.056,1.2947
58.013,48.482,22.253,5,60.941,102.57,127.33,0,13,0.21882,0.025654,0.41478,38.985,1.2467
74.759,21.248,216.26,5,39.902,100.27,67.636,0,21,0.20195,0.002676,0.24849,24.54,1.2719
16.577,28.474,-87.987,5,60.334,100.36,111.46,0,23,0.20668,0.0036452,0.23844,23.821,1.4566
58.265,8.3375,226.67,5,57.752,104.25,73.671,0,25,0.15504,0.04253,0.18143,18.569,1.3582
79.163,37.59,126.16,5,33.856,104.55,90.975,0,17,0.32287,0.04552,0.010833,16.801,1.2339
78.575,14.951,268.6,5,47.056,103.53,68.641,0,26,0.05887,0.035282,0.23732,21.848,1.4489
61.864,24.272,208.64,5,45.172,102.15,62.696,0,20,0.096554,0.021469,0.30338,27.811,1.3046
49.231,42.584,-39.747,5,54.47,100.13,129.69,0,17,0.089406,0.001314,0.441,39.941,1.4803
69.219,43.386,-8.0272,5,101.12,55.376,45.036,0,7,1.0225,0.44624,0.4996,81.402,0.58541
10.592,48.868,78.49,5,65.248,102.48,73.762,0,16,0.30496,0.024825,0.18042,22.413,1.2392
79.704,32.312,28.129,5,35.174,104.62,108.79,0,20,0.29652,0.046174,0.20878,24.377,1.3528
30.99,34.295,130.94,5,51.733,100.62,63.344,0,15,0.034666,0.0061508,0.29618,26.719,1.0965
91.619,39.508,89.476,5,33.231,101.46,100.97,0,18,0.33538,0.014621,0.12189,20.092,1.2257
15.895,23.709,-68.918,5,60.03,100.07,111.17,0,23,0.20059,0.00068908,0.23522,23.426,1.3761
51.019,16.786,140.24,5,45.538,104.1,69.512,0,19,0.089236,0.041011,0.22764,21.365,1.1415
8.0149,15.944,-75.625,5,56.096,103.23,111.13,0,27,0.12192,0.03229,0.23478,22.228,1.4368
9.2065,12.088,4.0358,5,58.611,101.42,110.66,0,25,0.17222,0.014155,0.22956,22.428,1.2898
57.128,33.143,54.965,5,58.132,100.1,109.76,0,14,0.16263,0.00097434,0.21956,21.368,1.0411
55.885,37.135,164.55,5,36.076,100.32,65.685,0,15,0.27848,0.003192,0.27017,28.021,1.1878
14.88,38.986,-84.738,5,64.311,101.18,106.41,0,21,0.28622,0.011755,0.18233,21.806,1.4915
78.972,32.123,134.29,5,34.03,103.06,84.67,0,18,0.3194,0.030583,0.059222,17.112,1.2195
43.399,40.965,8.4781,5,63.844,102.91,115.47,0,15,0.27689,0.029051,0.283,29.135,1.2626
17.366,27.244,132.42,5,65.096,100.46,77.168,0,19,0.30192,0.0046222,0.14258,19.818,1.1914
50.125,48.748,187.8,5,36.687,102.4,52.519,0,14,0.26626,0.024009,0.41646,39.847,1.3658
83.596,28.335,228.43,5,38.036,104.67,70.283,0,22,0.23928,0.046686,0.21908,23.531,1.3898
48.242,17.474,191.83,5,58.108,103.54,69.539,0,22,0.16217,0.035364,0.22734,22.292,1.3326
50.606,22.353,243.43,5,61.743,102.33,71.6,0,24,0.23486,0.023292,0.20444,21.952,1.5454
86.679,40.328,-79.988,5,35.692,102.63,73.092,0,22,0.28615,0.026286,0.18787,22.305,1.5705
14.685,30.265,202.24,5,56.903,102.36,111.32,0,29,0.13806,0.023589,0.23689,22.534,1.855
41.987,30.509,87.499,5,50.241,100.01,84.187,0,14,0.0048177,5.1708e-05,0.064589,5.818,1.0007
43.56,35.26,262.5,5,64.813,102.48,70.094,0,29,0.29626,0.024808,0.22118,24.936,2.2287
57.193,35.673,142.65,5,36.138,103.12,76.356,0,15,0.27725,0.031237,0.1516,19.699,1.1587
26.09,14.299,180.46,5,-3.7576,16.3,185.05,0,6,1.0752,0.837,1.0561,137.59,0.33718
69.208,49.486,7.2436,5,47.443,103.5,131.67,0,17,0.051141,0.03503,0.463,41.895,1.5728
65.489,44.56,107.32,5,44.632,100.72,103.64,0,12,0.10737,0.0071829,0.15156,14.676,1.0423
53.459,14.597,73.493,5,52.027,103.76,99.113,0,18,0.040547,0.037587,0.10126,10.064,1.053
65.93,38.004,14.796,5,45.317,100.57,124.38,0,17,0.093661,0.0056991,0.382,34.702,1.3279
61.239,43.309,85.288,5,52.491,102.46,102.62,0,12,0.049819,0.024571,0.14022,13.097,1.0382
88.207,41.891,152.44,5,32.516,101.66,90.248,0,18,0.34968,0.016556,0.0027556,17.564,1.2941
64.4,22.692,-73.659,5,85.129,-1.9087,261.44,0,7,0.70258,1.0191,1.9049,202.51,0.44508
32.188,42.73,70.395,5,56.609,102.7,78.002,0,13,0.13219,0.026992,0.13331,13.961,1.0838
27.739,16.686,179.72,5,-2.9703,30.977,127,0,7,1.0594,0.69023,0.41111,94.546,0.40586
18.72,45.85,259.63,5,64.086,103.8,108.4,0,21,0.28171,0.038035,0.20444,23.482,1.6791
81.184,12.75,33.87,5,33.144,101.91,89.796,0,23,0.33712,0.019074,0.0022667,16.965,1.2412
28.685,31.229,36.581,5,64.29,102.76,97.276,0,17,0.28579,0.027569,0.080844,16.272,1.1806
15.678,40.436,116.61,5,62.452,100.3,68.178,0,16,0.24904,0.0029697,0.24247,25.127,1.1637
46.553,33.462,-87.897,5,41.38,103.23,115.84,0,23,0.1724,0.032267,0.28711,27.431,1.726
30.917,10.937,-13.503,5,53.281,104.54,112.2,0,23,0.065619,0.045358,0.24667,22.896,1.2626
62.725,18.041,129.59,5,38.964,101.38,80.729,0,18,0.22071,0.013827,0.10301,14.479,1.0851
25.495,43.852,154.12,5,55.55,101.01,54.647,0,16,0.111,0.010123,0.39281,35.8,1.3058
52.144,46.883,-78.206,5,44.543,102.31,126.13,0,21,0.10915,0.023093,0.40144,36.613,1.9752
58.206,24.501,-9.666,5,39.653,101,114.23,0,21,0.20694,0.010018,0.26922,26.366,1.3826
79.059,9.4973,150.47,5,40.874,102.12,70.382,0,23,0.18252,0.021192,0.21798,21.74,1.2098
70.668,16.317,30.656,5,35.966,102.4,102.53,0,21,0.28069,0.023969,0.13922,18.966,1.2181
49.837,16.848,263.94,5,65.103,102.14,81.889,0,27,0.30206,0.021364,0.090122,17.276,1.6235
24.662,33.517,-3.9189,5,64.938,101.94,103.99,0,18,0.29875,0.019412,0.15544,20.558,1.265
22.886,7.5042,259.84,5,25.611,-1.7329,-57.945,0,2,0.48777,1.0173,1.6438,181.2,0.10375
30.516,33.716,106.72,5,52.365,104.19,71.8,0,15,0.047305,0.041919,0.20222,18.825,1.0856
81.129,28.638,151.47,5,34.307,100.18,79.332,0,19,0.31387,0.0018408,0.11853,18.977,1.2202
7.8888,19.965,-44.463,5,59.158,104.08,110.61,0,25,0.18317,0.040767,0.229,22.919,1.3822
62.459,16.162,-9.9604,5,34.291,100.61,102.95,0,24,0.31417,0.0060638,0.14389,20.368,1.4158
74.025,33.208,146.99,5,34.17,101.85,83.946,0,17,0.3166,0.018539,0.067267,17.049,1.1975
32.367,31.172,266.44,5,24.744,-3.3347,-42.655,0,8,0.50511,1.0333,1.4739,170.04,0.56298
9.5214,41.331,246.2,5,63.954,101.52,106.14,0,23,0.27909,0.015193,0.17933,21.39,1.6134
19.865,8.7729,94.828,5,62.677,104.16,98.724,0,22,0.25354,0.041554,0.096933,15.941,1.1449
39.573,32.043,29.457,5,63.115,102.2,105.96,0,16,0.2623,0.022028,0.17733,20.774,1.1636
87.337,14.222,79.505,5,34.478,100.98,80.643,0,22,0.31044,0.0097538,0.10397,18.151,1.1758
71.104,26.153,156.2,5,35.72,100.41,76.427,0,18,0.28559,0.0040773,0.15081,19.706,1.1718
32.419,15.745,113.41,5,54.587,100.92,75.932,0,18,0.091737,0.0091877,0.15631,14.826,1.0457
57.956,19.054,-51.425,5,32.819,104.08,96.715,0,28,0.34362,0.040834,0.074611,18.892,1.7213
78.863,38.051,165.82,5,32.935,100.41,85.509,0,17,0.34129,0.004078,0.0499,17.651,1.2437
15.699,12.71,147.37,5,66.416,103.06,94.272,0,24,0.32832,0.030594,0.047467,17.237,1.2795
49.987,47.04,-13.865,5,60.021,103.17,128.94,0,15,0.20041,0.03175,0.43267,40.334,1.4162
82.854,23.288,-54.536,5,45.479,103.94,68.868,0,28,0.090411,0.039356,0.2348,21.966,1.6776
19.868,38.629,255.45,5,60.436,104.15,112.46,0,23,0.20873,0.04154,0.24956,25.111,1.682
73.196,32.795,126.59,5,35.534,100.6,92.947,0,16,0.28932,0.0059754,0.032744,14.775,1.1252
46.044,33.085,225.3,5,60.258,104.5,64.743,0,22,0.20517,0.045007,0.28063,27.63,1.641
38.557,27.562,20.323,5,61.971,100.4,110.18,0,17,0.23942,0.0040339,0.22422,23.467,1.159
21.869,27.165,44.942,5,64.218,103.89,100.17,0,19,0.28435,0.0389,0.113,17.908,1.2167
31.586,10.998,128.78,5,58.827,101.99,77.815,0,20,0.17654,0.019892,0.13539,15.177,1.1003
44.573,24.289,238.88,5,65.632,103.77,77.334,0,26,0.31264,0.037709,0.14073,20.469,1.7127
78.692,11.124,-52.79,5,79.255,-3.1705,250.42,0,3,0.58509,1.0317,1.7824,192.96,0.16061
58.654,36.941,242.81,5,45.822,101.22,56.623,0,19,0.083568,0.012238,0.37086,33.66,1.4925
40.971,31.012,-64.258,5,49.112,103.49,119.3,0,21,0.017752,0.034947,0.32556,29.52,1.5091
46.935,39.553,221.07,5,53.01,100.96,54.464,0,19,0.060193,0.0096045,0.39484,35.676,1.5696
31.386,24.066,-55.321,5,55.995,100.83,116.52,0,21,0.11989,0.00832,0.29467,27.202,1.343
87.098,34.595,259.67,5,36.178,101.37,72.514,0,22,0.27644,0.013694,0.19429,22.331,1.4629
72.721,9.107,119.65,5,38.698,103.36,79.944,0,21,0.22605,0.03364,0.11173,15.497,1.1207
76.855,28.371,158.85,5,35.409,102.88,76.186,0,19,0.29183,0.028841,0.15349,20.298,1.2419
86.678,43.705,-40.142,5,35.924,100.29,73.055,0,24,0.28152,0.0029004,0.18828,22.031,1.786
66.201,48.4,51.297,5,57.098,103.34,120.49,0,12,0.14196,0.033438,0.33878,31.483,1.1094
45.715,10.211,138.77,5,50.524,102.16,70.856,0,20,0.010477,0.021607,0.21271,19.273,1.1125
7.839,14.103,144.14,5,66.423,103.34,96.421,0,25,0.32845,0.033442,0.071344,17.947,1.3064
76.157,36.304,176.75,5,34.297,104.82,77.709,0,18,0.31405,0.048173,0.13657,20.515,1.307
12.979,22.715,134.34,5,66.671,100.72,84.781,0,21,0.33342,0.0071992,0.057989,17.484,1.2253
42.145,30.764,246.88,5,-0.29958,43.173,114.69,0,10,1.006,0.56827,0.27433,79.806,0.71756
18.057,23,18.738,5,62.507,102.38,107.39,0,21,0.25014,0.023809,0.19322,21.552,1.2596
71.557,19.438,230.47,5,43.746,101.48,65.732,0,22,0.12508,0.014757,0.26964,25.105,1.319
43.79,19.24,56.549,5,58.372,100.64,99.629,0,17,0.16743,0.006447,0.10699,12.776,1.0494
64.377,21.631,-6.7111,5,34.087,104.42,103.53,0,24,0.31827,0.04423,0.15033,21.35,1.5061
19.826,31.47,-73.589,5,60.319,104.61,112.08,0,22,0.20638,0.046116,0.24533,24.804,1.469
77.811,29.646,248.85,5,38.369,100.66,67.873,0,21,0.23261,0.0065881,0.24586,25.006,1.388
54.6,14.11,47.35,5,51.001,103.13,109.45,0,19,0.020024,0.031317,0.21611,19.726,1.1045
92.182,15.393,124.24,5,37.931,103.23,71.552,0,24,0.24139,0.032297,0.20498,22.281,1.2693
71.346,8.398,-20.479,5,91.681,-3.1989,-66.848,0,5,0.83363,1.032,1.7428,192.32,0.2658
54.606,10.469,-2.1428,5,38.807,102.23,106.35,0,23,0.22385,0.022336,0.18167,19.939,1.2828
12.657,43.375,246.28,5,64.659,100.3,105.22,0,22,0.29318,0.0029854,0.16911,21.133,1.6217
32.81,19.159,261.81,5,18.883,-1.3128,246.74,0,5,0.62234,1.0131,1.7416,189.21,0.30249
56.575,33.346,-22.579,5,42.543,101.87,120.3,0,20,0.14913,0.018658,0.33667,31.26,1.493
45.137,10.785,-9.8308,5,44.406,104.68,110.39,0,23,0.11189,0.046811,0.22656,21.655,1.2871
74.893,49.484,186.12,5,32.064,103.3,90.574,0,15,0.35873,0.032969,0.0063778,18.246,1.3318
41.671,47.299,126.62,5,38.13,104.46,70.149,0,12,0.2374,0.044563,0.22057,23.555,1.1246
90.231,16.573,26.286,5,32.473,102.32,91.075,0,25,0.35055,0.02324,0.011944,17.713,1.3496
60.006,27.706,-78.863,5,82.36,-0.18057,189.35,0,12,0.6472,1.0018,1.1039,144.75,0.82211
28.409,24.259,206.79,5,53.143,101.19,110.55,0,33,0.062866,0.011883,0.22833,20.823,2.095
12.938,29.475,137.2,5,66.065,101.58,77.821,0,20,0.32129,0.015816,0.13532,20.221,1.2552
66.191,44.524,-65.228,5,42.113,102.28,68.191,0,31,0.15774,0.022759,0.24232,23.303,2.6821
22.737,27.769,168.03,5,65.56,103.01,73.209,0,24,0.31121,0.03015,0.18657,23.089,1.5543
10.255,21.265,155.55,5,66.962,100.35,82.169,0,24,0.33924,0.0034859,0.087011,18.686,1.3606
59.484,15.163,-19.498,5,34.028,104.31,99.222,0,25,0.31944,0.04314,0.10247,18.94,1.4643
59.882,32.37,228.3,5,44.806,100.97,58.656,0,19,0.10389,0.009744,0.34827,31.786,1.39
70.102,27.282,92.499,5,42.588,102.04,101.7,0,16,0.14824,0.020437,0.13,14,1.0604
7.3075,30.76,194.74,5,58.314,100.78,110.83,0,30,0.16628,0.007796,0.23144,22.441,1.844
74.304,23.272,44.043,5,37.289,102.99,105.46,0,19,0.25423,0.029864,0.17178,20.237,1.1803
22.151,29.309,-15.888,5,62.656,104.47,108.45,0,20,0.25312,0.04471,0.205,22.816,1.3162
71.258,7.3475,112.89,5,39.25,103.97,82.896,0,21,0.21501,0.039707,0.078933,13.483,1.1046
27.737,35.29,-38.194,5,64.172,101.07,109.89,0,18,0.28343,0.010717,0.221,24.446,1.3152
18.03,16.438,7.0609,5,59.042,104.29,110.47,0,23,0.18084,0.042863,0.22744,22.786,1.2854
88.996,13.839,-59.25,5,45.753,100.04,69.672,0,29,0.084948,0.00039467,0.22587,20.767,1.5332
16.925,15.923,257.27,5,53.617,101.07,111.53,0,27,0.072337,0.010694,0.23922,21.858,1.4942
79.496,47.696,219.01,5,32.389,104.5,84.057,0,17,0.35223,0.044987,0.066033,19.124,1.4155
35.117,41.777,-55.957,5,63.196,100.77,118.86,0,17,0.26392,0.0076909,0.32067,31.743,1.4144
88.412,30.521,109.29,5,33.429,104.43,84.151,0,20,0.33141,0.044263,0.064989,18.123,1.2596
15.613,32.325,118.29,5,64.96,101.57,77.021,0,18,0.2992,0.015654,0.14421,19.868,1.1856
53.82,42.904,33.334,5,63.034,100.83,116.48,0,13,0.26068,0.0083253,0.29422,29.526,1.1359
42.754,24.466,138.71,5,47.34,101.86,65.963,0,17,0.053192,0.018555,0.26708,24.255,1.1202
31.946,39.147,64.904,5,58.976,103.07,81.385,0,14,0.17952,0.03072,0.095722,12.815,1.1028
83.565,41.091,99.554,5,34.788,101.44,103.36,0,16,0.30424,0.014443,0.14844,20.297,1.1799
43.513,44.799,126.22,5,37.531,102.11,73.069,0,12,0.24938,0.02112,0.18812,21.133,1.0795
54.409,19.167,-20.53,5,39.411,100.08,111.84,0,22,0.21177,0.00077861,0.24267,24.272,1.3588
31.349,44.811,260.32,5,54.422,102.61,112.56,0,31,0.088443,0.02606,0.25067,23.137,2.6607
84.336,9.5857,117.26,5,38.286,101.49,72.655,0,23,0.23428,0.014875,0.19272,20.983,1.1891
77.194,11.817,216.34,5,44.402,103.52,68.388,0,24,0.11196,0.03518,0.24013,22.601,1.3004
88.347,26.097,131.35,5,34.749,102.57,77.499,0,21,0.30503,0.025728,0.1389,19.887,1.2611
38.093,22.988,189.22,5,64.263,104.03,73.901,0,23,0.28525,0.040318,0.17888,21.883,1.4757
26.619,25.316,-86.845,5,55.017,102.55,115.1,0,23,0.10033,0.025456,0.27889,25.723,1.4695
43.863,9.4679,159.21,5,57.965,103.54,73.559,0,22,0.15931,0.035443,0.18268,18.609,1.2123
73.515,29.789,-2.7249,5,103.28,29.482,-15.372,0,6,1.0655,0.70518,1.1708,137.53,0.40516
19.938,35.118,-76.594,5,62.235,102.94,110.83,0,21,0.2447,0.029419,0.23144,24.336,1.4684
53.369,40.299,232.87,5,46.697,100.05,52.847,0,18,0.066052,0.00051152,0.41281,37.3,1.5051
65.632,10.918,175.78,5,45.384,103.28,68.081,0,22,0.092324,0.032778,0.24354,22.639,1.2162
16.953,13.777,-25.492,5,57.481,102.95,111.23,0,24,0.14963,0.029456,0.23589,22.702,1.2996
85.502,21.438,244.38,5,40.67,102.54,68.816,0,24,0.18659,0.025357,0.23538,23.287,1.3919
42.498,44.8,240.92,5,59.519,103.52,57.778,0,24,0.19039,0.035176,0.35802,33.783,2.1541
24.437,32.607,99.392,5,59.283,103.37,75.497,0,16,0.18567,0.033735,0.16114,17.546,1.1099
65.187,39.675,5.3578,5,43.999,101.95,124.54,0,18,0.12003,0.019463,0.38378,35.112,1.4468
64.958,24.273,223.58,5,45.731,103.79,63.625,0,21,0.085373,0.0379,0.29306,26.986,1.3603
16.797,44.625,183.16,5,61.977,103.87,108.58,0,29,0.23954,0.038691,0.20644,22.442,2.2457
48.732,35.294,-5.9234,5,55.155,101.93,123.58,0,17,0.1031,0.019271,0.37311,34.028,1.3134
76.653,46.681,-34.291,5,38.244,102.32,69.328,0,26,0.23512,0.023161,0.22969,23.894,2.1809
73.539,41.881,-37.386,5,40.599,101.22,68.181,0,28,0.18803,0.012191,0.24243,23.789,2.2327
49.529,11.763,218.02,5,61.581,100.06,74.42,0,24,0.23162,0.0005597,0.17311,19.413,1.36
50.368,49.489,72.83,5,56.655,103.86,92.019,0,11,0.13311,0.038572,0.022433,7.9539,1.0888
65.7,16.935,94.969,5,43.356,103.87,95.998,0,18,0.13288,0.038692,0.066644,9.7517,1.0646
29.061,17.296,119.93,5,58.695,104.28,78.027,0,19,0.17391,0.04275,0.13303,15.404,1.1135
39.325,12.12,-56.068,5,44.382,101.26,111.28,0,24,0.11236,0.012632,0.23644,22.045,1.3555
77.03,35.779,100.5,5,37.05,103.61,100.8,0,16,0.259,0.03607,0.12,17.245,1.1481
47.424,41.962,224.89,5,52.688,102.51,53.963,0,19,0.05376,0.02507,0.40041,36.224,1.6352
86.089,18.739,227.42,5,40.632,102.75,69.13,0,24,0.18736,0.027489,0.23189,23.041,1.3496
12.013,8.7266,70.623,5,60.669,102.31,108.55,0,24,0.21338,0.023131,0.20611,21.524,1.2138
38.694,19.291,208.94,5,66.217,100.94,78.508,0,26,0.32434,0.0094259,0.12769,19.898,1.5952
81.974,39.349,121.23,5,33.457,103.95,93.317,0,17,0.33086,0.039503,0.036856,17.328,1.2397
63.342,19.251,212.25,5,46.463,101.05,64.135,0,21,0.070745,0.01047,0.28739,26.127,1.2829
34.966,23.971,28.395,5,61.648,102.17,106.54,0,18,0.23297,0.021653,0.18378,20.346,1.1613
12.69,42.962,234.2,5,63.796,101.38,106.82,0,23,0.27592,0.013772,0.18689,21.798,1.6873
71.415,10.886,178.71,5,42.641,100.9,68.567,0,22,0.14719,0.0090327,0.23814,22.679,1.2002
69.553,39.931,267.51,5,40.272,104.28,61.966,0,20,0.19456,0.042838,0.31149,29.981,1.583
17.443,48.649,232.51,5,64.847,100.32,105.89,0,22,0.29693,0.0031513,0.17656,21.749,1.8092
43.854,17.5,79.638,5,53.118,101.81,90.259,0,17,0.062356,0.018145,0.0028778,3.6146,1.0275
78.567,23.388,4.3412,5,103.46,25.108,-2.9215,0,5,1.0691,0.74892,1.0325,130.77,0.30576
15.689,21.308,223.51,5,53.609,102.59,111.02,0,29,0.07218,0.025927,0.23356,21.484,1.6891
80.204,31.101,184.09,5,34.534,100.82,76.994,0,19,0.30933,0.0081624,0.14451,20.224,1.2628
40.013,49.406,73.142,5,53.838,102.56,81.332,0,11,0.076764,0.025567,0.096311,9.8193,1.0665
52.651,37.408,-26.598,5,49.495,100.19,126.26,0,18,0.0101,0.0019191,0.40289,36.264,1.4366
17.476,15.149,249.85,5,52.201,102.25,110.86,0,28,0.044014,0.02251,0.23178,21.096,1.5407
62.434,37.225,-78.519,5,45.153,103.41,69.349,0,35,0.096931,0.034123,0.22946,21.485,2.7346
25.473,12.601,-78.874,5,51.584,100.8,112.5,0,25,0.031673,0.0079937,0.25,22.57,1.377
82.675,39.835,180.78,5,33.009,102.82,83.753,0,18,0.33982,0.028171,0.069411,18.321,1.3145
62.803,23.817,186.39,5,41.519,101.16,64.535,0,19,0.16961,0.011563,0.28294,26.865,1.2298
37.462,43.031,93.082,5,47.289,102.05,77.481,0,12,0.05423,0.020525,0.1391,12.972,1.0286
40.457,28.913,181.66,5,58.638,102.89,64.185,0,20,0.17275,0.02887,0.28683,27.375,1.3942
69.045,13.684,227.62,5,47.214,101.35,66.617,0,23,0.055729,0.013535,0.25981,23.587,1.301
49.18,21.716,166.3,5,49.761,101.25,63.509,0,19,0.0047716,0.012514,0.29434,26.522,1.2135
41.01,36.12,-46.272,5,56.901,100.51,123.41,0,18,0.13802,0.0050966,0.37122,34.119,1.3951
20.798,9.3495,46.402,5,59.022,104.41,108.31,0,23,0.18045,0.044129,0.20344,20.883,1.2075
62.515,28.834,23.27,5,44.546,102.18,117.49,0,18,0.10907,0.021811,0.30544,28.11,1.2455
69.75,18.221,-14.643,5,101.11,9.3153,-62.628,0,7,1.0223,0.90685,1.6959,184.75,0.41602
89.003,44.401,223.69,5,32.724,102.72,85.129,0,19,0.34553,0.027235,0.054122,18.154,1.3988
21.996,36.025,179.38,5,-0.81555,29.584,229.09,0,5,1.0163,0.70416,1.5454,163.97,0.35798
33.743,45.018,227,5,59.278,103.33,111.07,0,31,0.18555,0.033339,0.23411,23.262,2.7034
9.5289,15.979,152.46,5,67.04,102,90.858,0,25,0.3408,0.019989,0.0095333,17.178,1.3403
53.121,30.821,100.77,5,45.513,100.29,90.65,0,14,0.089732,0.0029124,0.0072222,4.5431,1.0108
75.44,19.918,26.462,5,33.757,104.72,98.657,0,22,0.32485,0.047204,0.096189,19.002,1.3091
78.64,11.452,25.288,5,33.018,102.48,89.651,0,24,0.33964,0.024776,0.0038778,17.166,1.2894
78.342,38.728,31.184,5,40.266,100.13,119.75,0,17,0.19467,0.0012775,0.33056,31.302,1.2591
52.059,32.001,265.67,5,59.104,101.03,64.935,0,23,0.18208,0.010294,0.2785,26.687,1.6904
36.569,31.765,16.625,5,62.731,103.5,109.24,0,17,0.25462,0.03498,0.21378,23.335,1.2222
79.591,21.226,180.68,5,37.714,101.2,71.316,0,21,0.24573,0.011968,0.2076,22.394,1.2478
38.533,16.312,236.33,5,4.1496,-3.418,-53.131,0,10,0.91701,1.0342,1.5903,182.44,0.59192
80.553,46.419,-8.4449,5,37.261,104.62,71.675,0,28,0.25478,0.046196,0.20361,22.791,2.2698
14.681,17.025,167.51,5,-3.6361,24.707,147.04,0,4,1.0727,0.75293,0.63378,108.63,0.22178
73.038,33.065,-53.755,5,46.209,103.17,68.573,0,30,0.075813,0.031709,0.23808,21.989,2.119
65.621,7.2021,140.71,5,41.537,101.62,73.603,0,21,0.16925,0.016217,0.18219,18.523,1.1158
27.327,47.515,266.69,5,51.863,104.05,112.76,0,31,0.037262,0.040528,0.25289,23.192,2.7111
91.758,12.237,55.458,5,34.054,102.48,79.939,0,24,0.31892,0.024765,0.11179,19.017,1.2347
21.431,7.1182,75.347,5,61.429,102.8,101.54,0,22,0.22859,0.028041,0.12822,16.481,1.132
43.917,16.961,115.05,5,45.654,100.05,76.144,0,17,0.086913,0.00054274,0.15396,14.522,1.0209
68.536,43.476,-20.107,5,37.711,102.43,71.376,0,33,0.24579,0.024324,0.20693,22.445,2.7738
25.086,35.082,-11.42,5,64.858,103.08,104.9,0,18,0.29715,0.03082,0.16556,21.266,1.2943
70.808,30.31,-46.625,5,46.888,103.34,69.584,0,32,0.062235,0.033356,0.22684,20.92,2.1999
25.755,13.143,120.88,5,61.734,102.46,82.867,0,20,0.23469,0.024601,0.079256,13.951,1.1089
49.776,38.725,224.25,5,51.699,102.23,55.526,0,19,0.033987,0.022278,0.38304,34.588,1.5504
18.906,36.455,-36.97,5,65.214,102.11,103.78,0,19,0.30429,0.021113,0.15311,20.635,1.3429
30.758,31.493,171.13,5,62.952,103.63,67.394,0,21,0.25903,0.036264,0.25118,26.305,1.4756
48.395,16.975,265.16,5,65.938,103.56,85.791,0,28,0.31876,0.0356,0.046767,16.864,1.6859
8.0436,31.427,123.56,5,66.626,101.6,80.756,0,20,0.33252,0.015996,0.10271,19.09,1.2439
30.562,11.182,30.535,5,58.638,102.08,108.11,0,21,0.17277,0.020792,0.20122,20.172,1.1549
29.507,47.033,144.09,5,50.106,103.68,54.275,0,14,0.0021159,0.036796,0.39694,35.914,1.2325
60.99,24.339,155.83,5,39.363,102.56,69.289,0,18,0.21274,0.025617,0.23012,23.423,1.1772
28.395,11.512,20.011,5,57.35,103.93,110.08,0,22,0.147,0.039301,0.22311,21.741,1.2076
17.433,43.015,-42.171,5,66.689,101.92,97.967,0,18,0.33379,0.019213,0.088522,18.593,1.3712
7.8219,7.1483,83.251,5,60.818,102.19,108.93,0,25,0.21637,0.021922,0.21033,21.913,1.2257
90.037,9.4659,223.69,5,42.711,100.29,69.171,0,26,0.14578,0.0028858,0.23143,22.069,1.3132
29.997,37.836,105.06,5,51.398,103.36,70.176,0,14,0.02796,0.033555,0.22027,20.155,1.0719
35.612,38.953,265.32,5,53.217,102.83,111.07,0,34,0.064345,0.028335,0.23411,21.501,2.7105
73.016,27.579,141.08,5,35.435,102.94,81.035,0,18,0.29131,0.029383,0.099611,17.354,1.1844
14.291,10.472,165,5,-2.4535,20.741,132.12,0,4,1.0491,0.79259,0.468,103.96,0.2075
18.942,25.363,35.426,5,63.835,102.61,104.01,0,20,0.27671,0.026127,0.15567,19.862,1.237
89.334,49.541,-62.911,5,34.13,104.17,77.415,0,22,0.31741,0.041746,0.13983,20.679,1.7193
75.098,33.402,-50.037,5,45.224,102.55,68.067,0,29,0.095514,0.025499,0.2437,22.591,2.0374
41.97,47.909,114.44,5,39.111,101.85,77.853,0,11,0.21778,0.018453,0.13497,16.418,1.0435
52.674,25.231,-0.24544,5,47.515,100.1,119.12,0,19,0.049701,0.00098587,0.32356,29.226,1.2698
26.356,33.857,-50.659,5,62.911,101.44,111.77,0,19,0.25822,0.014438,0.24189,25.352,1.3525
80.067,22.51,35.649,5,33.664,103.61,98.979,0,21,0.32671,0.036087,0.099767,18.987,1.2633
57.212,30.286,189.16,5,42.988,102.34,60.631,0,18,0.14025,0.023411,0.32632,30.285,1.2841
47.447,28.031,-31.972,5,47.496,101.64,119.62,0,20,0.050078,0.016414,0.32911,29.771,1.3886
41.889,15.399,156.36,5,55.926,100.25,68.69,0,20,0.11852,0.0024554,0.23678,22.12,1.1766
83.543,26.141,161.16,5,36.343,104.23,73.598,0,21,0.27314,0.04229,0.18224,21.758,1.2944
26.493,27.625,130.7,5,58.781,100.31,69.615,0,17,0.17561,0.0030556,0.2265,22.198,1.117
18.821,40.951,93.331,5,61.971,100.35,71.736,0,15,0.23941,0.0035487,0.20293,21.84,1.1232
22.239,17.931,118.73,5,63.55,104.41,85.435,0,20,0.27099,0.044111,0.050722,14.963,1.1542
59.664,23.175,55.907,5,51.458,103.96,109.7,0,17,0.029153,0.039625,0.21889,20.147,1.0978
24.978,49.513,117.67,5,49.902,101.03,58.263,0,12,0.0019567,0.010296,0.35263,31.754,1.0648
54.207,34.67,144.48,5,36.965,102.16,71.667,0,15,0.2607,0.021567,0.2037,22.598,1.1456
7.0387,13.804,121.65,5,65.316,103.06,100.96,0,24,0.30632,0.030582,0.12178,19.08,1.246
37.409,35.736,-68.148,5,54.164,104.19,120.88,0,20,0.083284,0.041949,0.34311,31.44,1.527
8.7701,26.065,-42.483,5,62.286,101.84,108.25,0,23,0.24572,0.018363,0.20278,22.077,1.3585
76.772,19.225,240.28,5,42.885,101.92,67.005,0,23,0.14229,0.01918,0.2555,24.147,1.3514
68.419,13.408,210.07,5,47.055,104.61,67.425,0,23,0.058894,0.046134,0.25083,23.228,1.299
32.621,46.565,101.44,5,46.821,104.15,70.284,0,12,0.063577,0.041474,0.21907,20.397,1.0678
49.27,7.8091,-2.9228,5,42.098,101.97,108.66,0,23,0.15804,0.019653,0.20733,20.36,1.2474
65.854,31.029,21.406,5,42.581,101.42,118.07,0,18,0.14837,0.01417,0.31189,29.069,1.2717
65.518,12.173,127.66,5,40.062,104.65,79.337,0,20,0.19875,0.046465,0.11848,15.3,1.1212
32.161,8.2771,-56.412,5,47.545,103.16,110.81,0,25,0.049105,0.031646,0.23122,21.191,1.3377
38.926,8.4542,104.5,5,50.998,101.84,80.08,0,19,0.019962,0.01844,0.11022,10.138,1.0302
24.738,45.667,-4.5544,5,67.016,104.31,95.244,0,16,0.34031,0.043128,0.058267,18.32,1.3351
80.17,9.037,93.535,5,36.8,103.68,79.905,0,22,0.26399,0.036848,0.11217,17.02,1.1478
50.772,39.775,227.83,5,51.119,103.04,55.396,0,19,0.022381,0.030399,0.38449,34.755,1.5773
31.588,9.4664,219.8,5,12.26,-4.573,247.65,0,5,0.75479,1.0457,1.7517,192.91,0.2706
8.1101,47.871,105.09,5,63.108,100.07,66.1,0,16,0.26215,0.00071202,0.26556,27.259,1.1963
17.245,44.711,104.24,5,61.527,102.38,68.246,0,15,0.23054,0.023838,0.24171,24.734,1.1671
67.246,38.169,120.94,5,38.772,101.2,97.839,0,14,0.22455,0.01197,0.0871,13.746,1.0905
14.187,27.439,171.87,5,-0.72682,28.943,177.08,0,3,1.0145,0.71057,0.96756,123.31,0.18537
39.659,11.845,245.85,5,1.0813,-3.6819,253.44,0,9,0.97837,1.0368,1.816,199.64,0.50699
15.439,7.3858,32.488,5,56.702,104.52,110.53,0,25,0.13404,0.045169,0.22811,22.064,1.2645
22.524,36.745,134.63,5,59.08,100.14,64.19,0,16,0.18159,0.0013951,0.28678,27.361,1.16
57.188,45.101,23.157,5,58.512,103.78,125.39,0,14,0.17025,0.037842,0.39322,36.595,1.2643
42.895,21.135,105.26,5,46.369,100.34,79.573,0,16,0.072614,0.0033849,0.11586,11.046,1.0103
11.012,32.519,81.366,5,66.64,101.71,89.562,0,19,0.33279,0.017137,0.0048667,16.733,1.219
17.732,32.202,-23.407,5,64.066,103.4,105.78,0,20,0.28133,0.033978,0.17533,21.411,1.3318
69.472,44.341,227.73,5,32.627,100.01,72.825,0,16,0.34745,8.5837e-05,0.19083,24.43,1.3567
84.572,7.2209,68.417,5,35.388,101.66,79.234,0,23,0.29225,0.016591,0.11962,18.226,1.1615
75.038,46.689,138.91,5,34.509,100.78,100.44,0,14,0.30982,0.0077726,0.116,18.697,1.1885
8.4171,14.479,185.27,5,-0.25808,9.8768,218.82,0,2,1.0052,0.90123,1.4313,165.05,0.10516
39.067,42.703,257.54,5,58.583,100.52,111.01,0,34,0.17166,0.0051838,0.23344,22.702,2.9144
73.866,13.823,204.83,5,43.956,104.22,67.987,0,23,0.12089,0.042174,0.24459,23.214,1.2861
39.159,17.024,-21.8,5,51.754,100.49,115.94,0,21,0.035083,0.0048932,0.28822,26.004,1.2548
46.164,38.747,-58.414,5,50.633,101.07,125.31,0,19,0.01267,0.010678,0.39233,35.332,1.5479
91.897,37.954,244.53,5,35.062,104.51,75.487,0,22,0.29877,0.045093,0.16126,21.31,1.4693
42.527,11.6,127.68,5,49.614,101.52,72.439,0,19,0.0077259,0.015197,0.19512,17.631,1.0708
45.471,35.175,12.742,5,60.499,102.29,118.03,0,16,0.20998,0.02287,0.31144,30.019,1.2311
7.9554,23.106,75.276,5,64.878,103.3,102.26,0,22,0.29756,0.03304,0.13622,19.559,1.2552
26.666,33.932,150.11,5,60.526,103.24,65.718,0,18,0.21051,0.032389,0.2698,26.663,1.2845
26.975,37.624,96.376,5,54.933,101.12,71.255,0,14,0.098663,0.011213,0.20828,19.416,1.0528
27.3,47.583,155.92,5,51.968,101.15,50.133,0,15,0.039367,0.01151,0.44297,39.932,1.313
66.823,48.556,86.038,5,52.491,101.33,109.2,0,11,0.049819,0.013278,0.21333,19.407,1.0162
15.978,46.76,133.86,5,60.389,103.95,61.779,0,16,0.20778,0.039538,0.31357,30.331,1.2662
9.3879,26.671,164.94,5,-4.1518,32.952,147.64,0,3,1.083,0.67048,0.64044,103.68,0.17895
11.161,15.443,242.75,5,53.16,103.14,110.53,0,29,0.063195,0.031432,0.22811,21.008,1.5583
72.873,11.29,77.205,5,39.085,103.79,95.26,0,20,0.21831,0.037906,0.058444,12.695,1.0916
48.188,25.196,-75.231,5,38.472,101.97,110.8,0,24,0.23057,0.019735,0.23111,23.862,1.6037
78.413,19.824,139.82,5,36.165,100.28,76.271,0,20,0.2767,0.0028469,0.15254,19.493,1.1756
87.137,29.147,117.47,5,33.774,103.54,82.244,0,20,0.32452,0.035381,0.086178,18.329,1.2501
13.736,32.116,159.86,5,64.198,100.04,68.096,0,22,0.28396,0.00041411,0.24338,26.103,1.4293
43.168,16.972,260.11,5,-0.26431,24.731,126.47,0,10,1.0053,0.75269,0.40522,97.581,0.60018
75.85,26.205,-30.093,5,46.251,102.31,69.466,0,31,0.074979,0.02311,0.22816,21.001,1.9823
75.263,9.4183,-10.899,5,92.792,-3.9344,-86.603,0,5,0.85583,1.0393,1.9623,209.34,0.26585
51.178,36.644,31.056,5,59.948,103.18,116.48,0,15,0.19897,0.031787,0.29422,28.465,1.1836
87.599,31.402,56.614,5,33.735,101.3,102.53,0,19,0.3253,0.012992,0.13922,20.573,1.2144
59.297,34.499,-82.767,5,43.535,100.87,69.321,0,38,0.1293,0.0087109,0.22977,21.683,2.8719
64.245,21.173,191.78,5,42.957,102.12,65,0,20,0.14086,0.021155,0.27778,26.06,1.2484
87.363,32.869,78.882,5,33.205,104.68,95.122,0,19,0.3359,0.046777,0.056911,18.172,1.2365
92.916,21.197,160.38,5,36.554,100.38,73.031,0,23,0.26892,0.0038193,0.18854,21.654,1.2816
31.853,26.161,18.662,5,62.729,101.33,106.89,0,18,0.25458,0.013296,0.18767,21.191,1.1836
42.373,16.254,23.288,5,54.431,103.99,112.68,0,20,0.088629,0.03986,0.252,23.451,1.1892
88.125,17.07,-31.128,5,46.851,104.34,70.449,0,31,0.062977,0.043381,0.21723,20.273,1.6982
42.718,23.916,130.93,5,46.599,103.54,68.83,0,17,0.068021,0.035395,0.23522,21.732,1.1121
11.032,28.701,261.7,5,60.93,100.07,110.13,0,24,0.21861,0.00068342,0.22367,22.906,1.4769
26.926,35.098,199.78,5,57.376,101.18,111.4,0,31,0.14753,0.011807,0.23778,22.666,2.2502
68.868,12.926,209.55,5,46.769,104.15,67.456,0,23,0.06461,0.04147,0.25049,23.149,1.2908
86.604,8.3783,136.39,5,39.954,100.26,70.323,0,24,0.20092,0.0025511,0.21863,22.095,1.2163
64.11,8.5749,-82.793,5,74.733,-1.5543,-30.69,0,3,0.49465,1.0155,1.341,159.66,0.16215
15.738,43.117,60.664,5,66.003,100.5,80.731,0,16,0.32006,0.0050147,0.10299,18.5,1.2047
48.334,32.098,28.732,5,59.34,102.77,115.28,0,16,0.18679,0.027672,0.28089,27.092,1.1778
69.115,8.2469,-31.706,5,89.633,-3.9659,-62.541,0,5,0.79265,1.0397,1.6949,188.81,0.26674
12.902,35.095,221.65,5,59.907,101.88,110.8,0,26,0.19814,0.018795,0.23111,23.115,1.7389
81.041,27.333,-81.398,5,43.025,104.42,67.454,0,25,0.13951,0.044194,0.25051,24.011,1.5819
75.715,32.958,6.3484,5,101.01,47.016,56.465,0,6,1.0203,0.52984,0.37261,80.833,0.4178
11.355,28.791,-19.281,5,62.972,104.57,107.23,0,22,0.25945,0.045707,0.19144,22.046,1.3577
64.062,22.414,78.327,5,48.69,100.22,104.01,0,16,0.026208,0.0022006,0.15567,14.073,1.0146
13.37,23.019,234.44,5,56.526,100.2,111.63,0,27,0.13051,0.0020109,0.24033,22.594,1.5835
47.91,43.046,215.24,5,49.971,103.62,52.769,0,18,0.00057975,0.036161,0.41368,37.407,1.5791
13.728,44.101,238.23,5,63.275,104.13,107.93,0,23,0.2655,0.041284,0.19922,22.688,1.7258
12.097,28.392,212.75,5,55.907,104.41,111.25,0,29,0.11814,0.044083,0.23611,22.492,1.7897
87.474,35.195,128.46,5,33.053,103.05,85.889,0,19,0.33894,0.030462,0.045678,17.703,1.269
22.993,40.976,-30.335,5,66.708,100.67,99.567,0,17,0.33417,0.0066542,0.1063,19.265,1.3095
22.184,37.568,-12.759,5,65.579,103.49,102.17,0,18,0.31158,0.034868,0.13522,20.075,1.3168
60.228,22.9,28.369,5,44.514,104,113.59,0,19,0.10972,0.039976,0.26211,24.548,1.2215
66.427,49.4,165.73,5,31.994,100.16,92.097,0,13,0.36012,0.0015774,0.0233,18.128,1.2218
32.621,46.346,151.12,5,47.845,102.11,51.711,0,14,0.043096,0.021104,0.42543,38.408,1.2412
23.487,10.227,196.33,5,10.671,-2.71,262.81,0,4,0.78658,1.0271,1.9201,204.84,0.21366
14.386,26.208,139.87,5,66.536,103.8,82.571,0,21,0.33071,0.037972,0.082544,18.522,1.2815
91.999,45.91,52.548,5,37.749,101.27,117.24,0,17,0.24502,0.012682,0.30267,29.895,1.2412
19.085,45.065,28.017,5,66.851,101.86,87.155,0,16,0.33702,0.018595,0.031611,17.19,1.2691
64.989,19.702,236.45,5,48.165,100.74,64.391,0,22,0.036702,0.0074129,0.28454,25.685,1.3466
51.707,46.423,68.125,5,58.762,100.48,94.07,0,11,0.17524,0.0047542,0.045222,9.6731,1.026
44.219,16.468,177.92,5,59.704,104.3,71.871,0,22,0.19409,0.04297,0.20143,21.008,1.3137
76.518,47.872,145.78,5,33.367,104.55,95.752,0,15,0.33266,0.045545,0.063911,18.178,1.2824
48.223,8.1284,-54.688,5,36.39,102.06,100.76,0,26,0.27219,0.020637,0.11956,17.471,1.4148
16.942,14.447,-10.232,5,59.347,100.26,110.56,0,23,0.18693,0.0025881,0.22844,22.586,1.2538
24.066,36.484,171.93,5,-0.091894,51.976,117.05,0,6,1.0018,0.48024,0.30056,74.48,0.43728
45.309,41.348,-33.234,5,56.902,103.07,125.91,0,17,0.13803,0.030654,0.399,36.696,1.4446
11.472,8.0043,137.08,5,64.912,103.45,101.9,0,25,0.29825,0.03454,0.13222,19.388,1.2533
62.049,41.052,139.38,5,35.09,102.92,87.476,0,14,0.29819,0.0292,0.028044,15.401,1.1634
60.187,8.0653,189.71,5,51.315,103.14,69.039,0,23,0.026307,0.031401,0.2329,21.236,1.2433
42.632,14.961,258.53,5,-2.9223,19.567,142.67,0,10,1.0584,0.80433,0.58522,109.75,0.58577
56.182,37.25,-25.207,5,45.3,100.87,124.46,0,19,0.09399,0.0087272,0.38289,34.79,1.5066
7.5787,30.504,242,5,59.826,102.01,110.52,0,26,0.19651,0.02014,0.228,22.84,1.5967
21.206,29.843,-45.67,5,63.029,100.42,109.11,0,20,0.26059,0.0042473,0.21233,23.133,1.3186
46.155,10.87,229.91,5,65.55,104.51,86.7,0,27,0.311,0.045119,0.036667,16.524,1.5132
27.571,40.999,159.73,5,56.625,100.61,55.925,0,17,0.1325,0.0060665,0.37861,34.718,1.3466
52.856,31.999,195.85,5,46.415,101.39,57.91,0,18,0.071696,0.013873,0.35656,32.32,1.3223
75.206,35.711,173.66,5,33.427,100.3,81.274,0,17,0.33146,0.0029835,0.096956,18.732,1.2309
23.196,30.4,45.473,5,64.703,103.64,96.695,0,18,0.29407,0.036371,0.074389,16.561,1.2067
60.201,17.144,244.56,5,55.606,104.06,69.319,0,24,0.11212,0.04064,0.22979,21.809,1.4374
56.917,40.358,25.462,5,55.977,104.01,123.03,0,15,0.11954,0.040129,0.367,33.805,1.2491
71.162,29.806,66.991,5,44.292,103.02,109.16,0,16,0.11416,0.030156,0.21289,20.219,1.0912
63.067,46.349,10.879,5,52.595,101.43,131.81,0,15,0.051906,0.014271,0.46456,41.915,1.3582
47.668,11.332,142.32,5,49.732,102.44,69.891,0,20,0.0053512,0.02443,0.22343,20.258,1.1274
78.215,15.673,36.589,5,33.705,103.88,93.442,0,22,0.3259,0.038847,0.038244,17.101,1.237
66.425,18.96,64.133,5,45.306,103.97,105.89,0,18,0.093875,0.039745,0.17656,17.038,1.0884
59.449,14.248,-24.866,5,33.966,100.22,101.04,0,25,0.32067,0.0021635,0.12267,19.468,1.4489
14.131,41.997,98.794,5,64.023,100.76,72.275,0,16,0.28046,0.0076454,0.19694,22.614,1.1731
13.504,40.411,-50.729,5,65.375,104.52,102.63,0,20,0.30751,0.045193,0.14033,20.404,1.4311
44.346,8.9937,21.726,5,51.177,100.93,112.17,0,21,0.023537,0.0093274,0.24633,22.221,1.1515
21.783,48.758,2.7545,5,67.247,100.73,85.803,0,15,0.34494,0.0073093,0.046633,17.765,1.2821
47.855,20.199,50.253,5,57.827,100.79,105.74,0,17,0.15655,0.0079097,0.17489,17.596,1.0648
57.955,34.709,160.83,5,37.13,103.05,67.575,0,16,0.25739,0.030505,0.24917,26.035,1.2163
74.657,14.304,181.8,5,41.33,102.26,68.918,0,22,0.1734,0.022598,0.23424,22.907,1.2336
26.257,36.923,221.8,5,56.007,102.45,112.33,0,29,0.12014,0.024534,0.24811,23.253,2.1514
35.27,18.872,227.32,5,11.07,-2.2131,-56.532,0,8,0.77861,1.0221,1.6281,182.85,0.48512
7.6507,15.786,268.91,5,56.375,101.68,111.16,0,27,0.1275,0.016783,0.23511,22.163,1.4322
67.291,14.749,-56.431,5,84.973,-1.9214,-68.573,0,5,0.69946,1.0192,1.7619,191.72,0.2874
60.01,13.306,202.24,5,50.367,101.29,66.454,0,22,0.0073427,0.012898,0.26162,23.584,1.2605
91.095,31.507,84.795,5,32.776,104.15,90.672,0,20,0.34448,0.041549,0.0074667,17.73,1.2519
35.776,28.023,10.957,5,61.192,103.28,111.52,0,18,0.22384,0.032766,0.23911,24.477,1.2267
86.713,44.965,114.09,5,33.809,100.29,103.1,0,16,0.32382,0.0028501,0.14556,20.829,1.2092
74.971,34.95,154.51,5,33.759,101.76,83.234,0,17,0.32482,0.017628,0.075178,17.682,1.2199
59.649,24.632,58.314,5,53.131,101.2,109.65,0,16,0.062625,0.012036,0.21833,19.934,1.0529
22.424,9.959,195.8,5,10.856,-3.695,-89.926,0,4,0.78288,1.0369,1.9992,211.33,0.21238
63.19,42.158,-3.2788,5,45.397,102.15,126.91,0,18,0.092068,0.02152,0.41011,37.258,1.517
20.496,17.339,103.17,5,63.798,103.51,89.88,0,20,0.27596,0.035072,0.0013333,14.238,1.1394
74.218,14.226,124.77,5,37.255,101.3,80.035,0,20,0.25489,0.012974,0.11072,16.23,1.122
78.266,48.053,172.62,5,32.455,100.39,95.444,0,15,0.3509,0.0038542,0.060489,18.374,1.2682
69.361,33.763,229.11,5,38.645,102.93,64.594,0,19,0.2271,0.029272,0.28229,27.982,1.3766
45.131,32.551,258.36,5,64.355,101.28,70.005,0,26,0.2871,0.012785,0.22217,24.648,1.9224
30.963,27.837,-83.892,5,54.243,101.93,117.07,0,22,0.084868,0.019274,0.30078,27.468,1.4739
69.757,20.754,-34.257,5,82.556,-2.0821,222.84,0,7,0.65112,1.0208,1.476,170.67,0.42855
88.606,14.792,220.54,5,41.49,102.57,69.178,0,25,0.1702,0.025737,0.23136,22.64,1.3362
50.741,7.0573,88.234,5,49.319,102.03,91.45,1,19,0.01362,0.020334,0.016111,2.586,1.0221
82.803,31.962,267.32,5,39.352,104.44,68.454,0,23,0.21295,0.044399,0.2394,24.44,1.5225
31.567,10.638,48.892,5,59.917,101.21,101.63,0,20,0.19835,0.012127,0.12922,15.332,1.096
10.823,41.283,25.223,5,66.659,104.72,95.061,0,19,0.33319,0.047171,0.056233,18.039,1.3459
59.827,32.01,175.79,5,38.577,102.13,64.542,0,17,0.22847,0.021273,0.28287,27.984,1.2373
28.741,31.243,85.96,5,56.531,100.55,77.132,0,15,0.13063,0.0054785,0.14298,14.441,1.0421
70.21,39.153,259.1,5,37.836,101.18,63.358,0,19,0.24328,0.011816,0.29602,29.311,1.4817
69.042,28.547,-2.9828,5,35.678,101.09,112.29,0,24,0.28644,0.010932,0.24767,26.517,1.6228
81.227,38.612,-5.8152,5,39.724,103.66,69.749,0,30,0.20552,0.036603,0.22501,23.002,2.1779
31.214,14.031,223.11,5,13.634,-1.8476,256.08,0,5,0.72732,1.0185,1.8453,198.19,0.2841
71.766,44.719,-25.934,5,38.87,102.92,69.755,0,29,0.2226,0.029249,0.22494,23.287,2.4406
69.697,49.467,143.44,5,34.76,101.93,99.508,0,13,0.3048,0.01933,0.10564,18.066,1.1985
80.715,41.103,96.706,5,36.84,100.18,106.94,0,15,0.2632,0.0017951,0.18822,21.452,1.1291
13.636,11.934,-61.795,5,55.335,102.21,111.29,0,26,0.1067,0.022081,0.23656,22.059,1.3644
12.267,12.727,-28.025,5,57.461,102.57,111.04,0,25,0.14922,0.025693,0.23378,22.471,1.3147
73.723,22.458,17.443,5,34.246,101.73,104.75,0,22,0.31507,0.017254,0.16389,21.65,1.3565
92.408,26.152,55.012,5,32.663,100.76,95.843,0,21,0.34675,0.007594,0.064922,18.311,1.233
87.727,28.562,16.392,5,100.54,36.079,40.684,0,3,1.0109,0.63921,0.54796,95.248,0.18567
33.823,33.593,189.13,5,62.897,103.17,65.317,0,23,0.25793,0.031657,0.27426,28.029,1.6825
31.628,32.752,203.34,5,56.09,104.01,111.04,0,35,0.12181,0.040117,0.23378,22.268,2.5103
37.673,20.946,-5.6105,5,55.591,102.89,115.4,0,20,0.11181,0.028948,0.28222,26.168,1.2499
28.107,7.8707,42.156,5,58.403,104.31,106.37,0,22,0.16805,0.043059,0.18189,18.899,1.1616
15.242,29.947,136.64,5,66.015,104.59,79.455,0,20,0.32031,0.045939,0.11717,19.717,1.2787
64.054,39.272,-73.705,5,43.584,100.2,68.614,0,33,0.12833,0.0020222,0.23762,22.329,2.6471
59.59,29.977,257.67,5,52.346,103.61,62.955,0,22,0.046929,0.036081,0.3005,27.386,1.5564
24.446,10.534,-55.483,5,52.1,103.98,111.7,0,25,0.04201,0.039821,0.24111,22.162,1.3434
26.86,28.812,193.24,5,55.92,101.08,111.11,0,33,0.1184,0.010759,0.23456,21.951,2.2043
43.819,17.878,75.755,5,54.162,101.88,91.693,0,17,0.083239,0.018828,0.018811,4.8706,1.0321
90.289,25.092,196.13,5,37.454,104.64,71.709,0,23,0.25092,0.046449,0.20323,22.66,1.3521
44.965,44.419,127.92,5,36.85,101.46,74.389,0,12,0.26301,0.014612,0.17346,20.464,1.0751
8.7117,13.973,22.625,5,58.855,103.96,110.53,0,25,0.17709,0.039632,0.22811,22.706,1.31
12.029,42.438,113.1,5,64.451,103.28,71.765,0,17,0.28903,0.032837,0.20261,23.497,1.2326
60.546,28.714,244.89,5,49.395,101.93,61.424,0,21,0.012109,0.019277,0.31751,28.647,1.4571
50.056,41.583,-82.815,5,42.117,103.59,120.61,0,22,0.15766,0.035908,0.34011,31.812,1.883
38.454,19.156,-23.352,5,52.175,102.41,115.97,0,21,0.043506,0.024069,0.28856,26.172,1.2857
37.494,12.75,-71.444,5,43.664,102.96,109.91,0,25,0.12671,0.029584,0.22122,21.102,1.4182
73.456,25.725,99.955,5,38.582,102.19,97.282,0,17,0.22835,0.021871,0.080911,13.718,1.0913
52.113,7.6185,-68.759,5,33.719,100.28,92.353,0,28,0.32563,0.0027705,0.026144,16.453,1.5151
53.965,15.142,221.92,5,57.539,100.73,69.331,0,23,0.15078,0.0073445,0.22966,22.013,1.3537
61.964,36.871,83.584,5,51.822,100.77,103.34,0,13,0.036445,0.0077025,0.14822,13.486,1.0116
72.088,30.868,52.329,5,43.573,100.57,113.66,0,16,0.12853,0.0056507,0.26289,24.524,1.1023
13.71,43.347,63.526,5,66.507,103.8,84.012,0,17,0.33014,0.038027,0.066533,17.966,1.2634
35.533,44.972,238.17,5,58.466,103.18,111.34,0,32,0.16931,0.031753,0.23711,23.177,2.812
21.286,45.636,-86.804,5,65.553,102.2,106.56,0,19,0.31106,0.022041,0.184,22.825,1.5452
64.39,11.152,51.628,5,43.196,103.73,105.1,0,20,0.13609,0.037306,0.16778,16.977,1.111
86.785,34.913,189.51,5,34.151,103.59,78.43,0,20,0.31698,0.035912,0.12856,19.949,1.3376
25.515,32.401,233.58,5,54.08,100.53,112.4,0,29,0.081595,0.0052672,0.24889,22.775,2.0168
15.187,46.7,121.61,5,60.001,100.85,61.767,0,15,0.20003,0.008477,0.3137,29.964,1.1781
33.341,20.501,45.399,5,61.513,101.51,99.5,0,18,0.23027,0.015106,0.10556,15.003,1.108
87.573,18.806,29.158,5,32.546,104.17,91.364,0,24,0.34908,0.0417,0.015156,17.997,1.3413
23.537,10.448,177.19,5,-1.3514,12.103,183.39,0,5,1.027,0.87897,1.0377,138.15,0.26772
11.56,10.641,214.84,5,12.488,-2.861,-55.931,0,3,0.75024,1.0286,1.6215,182.44,0.1542
72.677,12.062,9.7035,5,32.727,103.94,90.835,0,26,0.34545,0.039405,0.0092778,17.736,1.4315
41.232,35.579,268.77,5,54.897,102.91,110.77,0,39,0.097943,0.029075,0.23078,21.537,2.9993
18.8,24.861,8.6305,5,62.214,104.08,108.04,0,21,0.24429,0.04076,0.20044,22.165,1.2906
45.572,16.807,-57.558,5,40.106,102.26,109.45,0,24,0.19789,0.022631,0.21611,21.939,1.4404
15.609,13.846,249.78,5,52.833,100.87,110.9,0,28,0.056652,0.0087405,0.23222,21.109,1.5092
52.634,18.947,-23.302,5,40.291,100.52,112.27,0,22,0.19418,0.0051767,0.24744,24.3,1.3564
82.838,39.055,76.669,5,36.56,101.28,108.29,0,16,0.2688,0.012754,0.20322,22.733,1.1556
22.253,34.86,211.11,5,57.463,100.8,112.03,0,28,0.14925,0.0080081,0.24478,23.274,1.9773
68.666,22.736,83.367,5,43.951,103.52,102.03,0,17,0.12097,0.035159,0.13367,13.918,1.0694
51.117,45.902,156.89,5,33.983,101.64,66.461,0,13,0.32033,0.016367,0.26154,28.519,1.2013
64.185,8.707,-37.149,5,101.77,0.51388,-49.072,0,8,1.0355,0.99486,1.5452,178.66,0.43295
22.762,37.918,15.461,5,66.258,101.75,96.703,0,17,0.32516,0.017501,0.074478,17.672,1.2538
22.59,17.073,146.74,5,65.822,104.3,85.919,0,22,0.31644,0.04302,0.045344,16.896,1.2594
61.079,47.871,63.659,5,60.13,101.4,108.02,0,11,0.2026,0.013985,0.20022,20.719,1.032
62.259,16.687,71.858,5,48.206,104.29,103.34,0,18,0.035878,0.042925,0.14822,14.127,1.0688
44.803,34.099,-61.042,5,48.856,100.86,122.31,0,20,0.022883,0.0086474,0.359,32.342,1.5127
31.148,10.431,186.28,5,66.948,104.22,92.304,0,30,0.33895,0.042189,0.0256,17.617,1.6388
65.221,26.269,172.28,5,37.865,100.74,68.839,0,18,0.24269,0.0074143,0.23512,24.405,1.1954
24.404,30.586,54.709,5,64.3,101.64,90.727,0,17,0.286,0.016393,0.0080778,14.412,1.1489
89.347,43.544,66.046,5,35.543,102.92,110.53,0,17,0.28914,0.029219,0.22811,25.279,1.2352
50.891,12.746,-89.13,5,33.685,104.18,90.54,0,29,0.32631,0.041843,0.006,16.851,1.6617
89.381,12.335,-3.9013,5,100.93,4.2139,-61.157,0,3,1.0187,0.95786,1.6795,186.06,0.15608
72.538,14.352,146.37,5,39.449,103.63,72.759,0,21,0.21102,0.036317,0.19157,20.537,1.1856
15.917,36.905,-20.459,5,65.82,102.07,100.58,0,19,0.3164,0.020723,0.11756,19.144,1.3247
64.117,27.479,-50.818,5,45.895,102.81,69.952,0,36,0.082106,0.028135,0.22276,20.656,2.4363
15.49,45.284,79.696,5,65.044,104.56,77.322,0,16,0.30087,0.04558,0.14087,20.195,1.2367
29.327,49.928,-23.334,5,67.896,104.27,97.854,0,15,0.35792,0.042697,0.087267,20.005,1.3845
81.849,21.573,-21.04,5,46.03,102.54,69.824,0,31,0.079407,0.025444,0.22418,20.719,1.8311
25.808,46.649,179.9,5,-4.0332,48.871,184.11,0,6,1.0807,0.51129,1.0457,119.96,0.51213
67.359,37.635,-71.73,5,45.517,100.93,68.605,0,32,0.08967,0.0092652,0.23772,21.879,2.4716
43.888,20.27,92.21,5,49.364,100.03,85.217,0,16,0.012722,0.00032087,0.053144,4.8252,1.0005
23.297,44.827,70.654,5,61.421,102.38,74.759,0,14,0.22843,0.023814,0.16934,19.194,1.142
28.747,45.643,19.115,5,66.565,104.52,92.466,0,15,0.3313,0.04519,0.0274,17.347,1.285
62.581,17.423,160.58,5,42.474,103.71,68.24,0,20,0.15051,0.037082,0.24178,23.322,1.1972
61.903,49.121,263.05,5,37.503,100.98,55.012,0,17,0.24994,0.0097845,0.38876,37.166,1.6267
83.847,17.129,-23.683,5,80.676,-1.6171,205.35,0,5,0.61352,1.0162,1.2817,156.76,0.27928
28.057,30.769,-32.63,5,62.165,102.22,111.92,0,19,0.24329,0.022239,0.24356,25.167,1.3081
31.476,43.893,244.11,5,56.768,101.13,112.56,0,30,0.13535,0.011346,0.25067,23.58,2.5387
48.71,10.189,241.94,5,65.069,102.76,85.006,0,27,0.30137,0.027568,0.055489,16.113,1.503
70.228,25.621,143.44,5,36.147,102.58,79.213,0,18,0.27706,0.025797,0.11986,17.746,1.1676
27.924,38.959,56.918,5,62.542,103.66,83.809,0,15,0.25083,0.036639,0.068789,14.458,1.1554
77.948,39.057,64.855,5,41.113,101.31,113.7,0,15,0.17774,0.013113,0.26333,25.345,1.1186
53.875,26.399,114.36,5,41.868,104.42,84.397,0,16,0.16264,0.044243,0.062256,10.819,1.0854
8.5747,23.423,-49.781,5,60.727,102.6,109.79,0,24,0.21455,0.02599,0.21989,22.66,1.3783
56.25,30.586,269.38,5,56.588,103.02,65.101,0,23,0.13176,0.030185,0.27666,25.932,1.65
28.78,40.268,94.812,5,52.268,100.39,70.413,0,13,0.04536,0.0038562,0.21763,19.722,1.0254
62.819,15.677,13.798,5,36.929,103.23,105.26,0,22,0.26142,0.032292,0.16956,20.351,1.2897
51.51,23.279,188.37,5,51.774,102.66,63.347,0,20,0.03549,0.026575,0.29614,26.844,1.3032
26.451,19.634,97.123,5,59.512,102.2,81.861,0,18,0.19024,0.021955,0.090433,12.711,1.0747
32.128,34.655,123.67,5,50.625,103.43,66.26,0,15,0.012499,0.034328,0.26378,23.995,1.1071
53.009,36.333,239.24,5,52.339,102.14,57.892,0,20,0.046786,0.021404,0.35676,32.264,1.5689
57.714,45.552,-71.184,5,101.3,55.278,57.293,0,10,1.0259,0.44722,0.36341,75.508,0.90922
26.32,20.704,126.71,5,61.166,104.09,77.825,0,19,0.22332,0.040861,0.13528,17.019,1.148
51.655,30.26,8.2388,5,51.126,103.52,120.18,0,18,0.022517,0.035246,0.33533,30.405,1.2901
60.963,38.19,-85.371,5,44.818,104.46,69.411,0,36,0.10363,0.044598,0.22877,21.695,2.8674
22.66,34.607,-10.173,5,65.457,101.09,102.5,0,18,0.30915,0.010946,0.13889,19.909,1.2698
61.098,45.405,56.666,5,59.654,102.75,112.21,0,12,0.19309,0.027491,0.24678,24.373,1.077
36.279,43.092,173.36,5,53.139,103.43,53.45,0,17,0.062777,0.034329,0.40611,36.845,1.452
57.999,23.595,266.24,5,57.29,102.96,68.478,0,24,0.14581,0.029574,0.23913,22.915,1.562
36.39,37.642,-4.3476,5,64.674,101.52,110.86,0,16,0.29348,0.015214,0.23178,25.549,1.2534
31.149,41.173,213.74,5,58.548,102.6,111.28,0,31,0.17095,0.025966,0.23644,23.08,2.5092
11.163,16.558,56.802,5,62.023,102.91,107.69,0,23,0.24046,0.029106,0.19656,21.586,1.2495
56.151,24.141,-72.223,5,33.486,100.22,103.39,0,28,0.33027,0.002185,0.14878,21.262,1.8395
11.626,39.034,163.77,5,-1.439,46.167,142.13,0,3,1.0288,0.53833,0.57922,90.893,0.20823
49.076,42.39,90.903,5,48.901,102.39,89.659,1,12,0.021989,0.023882,0.0037889,2.6526,1.0413
11.498,17.303,42.282,5,61.596,102.33,108.43,0,23,0.23193,0.023279,0.20478,21.899,1.2607
86.475,23.638,86.977,5,33.487,101.33,87.608,0,20,0.33026,0.01326,0.026578,16.738,1.1817
30.278,17.177,170.16,5,66.276,104.05,82.841,0,24,0.32552,0.040502,0.079544,18.236,1.4095
85.104,18.743,-4.6055,5,90.628,-1.0049,215.54,0,6,0.81257,1.01,1.3949,166.17,0.33892
92.446,9.1907,34.285,5,33.654,102.67,80.906,0,26,0.32692,0.026721,0.10104,18.895,1.2969
10.135,8.3888,215.01,5,8.5796,-0.99925,-81.505,0,2,0.82841,1.01,1.9056,203.3,0.10009
92.385,20.112,91.485,5,33.965,101.05,80.413,0,22,0.3207,0.010534,0.10652,18.712,1.2163
72.152,18.627,85.298,5,40.382,101.97,98.877,0,18,0.19235,0.019725,0.098633,13.236,1.0672
29.706,34.851,68.371,5,59.575,102.85,81.943,0,15,0.19151,0.028542,0.089522,12.834,1.0991
17.771,15.522,155.97,5,66.942,101.64,88.052,0,24,0.33885,0.016427,0.021644,17.132,1.3272
20.608,48.277,-13.213,5,67.357,103.09,90.567,0,16,0.34715,0.0309,0.0063,17.639,1.3447
15.682,35.077,127.68,5,64.511,102.8,73.581,0,18,0.29021,0.027971,0.18243,22.091,1.2256
29.953,14.725,200.08,5,8.4817,-2.6011,-62.138,0,7,0.83037,1.026,1.6904,188.14,0.39955
62.478,15.612,168.94,5,43.01,100.35,66.863,0,20,0.1398,0.003474,0.25708,24.172,1.1723
44.181,38.365,-1.7922,5,60.932,102.8,120.14,0,16,0.21863,0.028024,0.33489,32.183,1.2922
59.664,37.422,-75.063,5,43.179,104.62,69.291,0,38,0.13643,0.046161,0.2301,22.288,3.0007
7.7281,28.184,49.395,5,65.564,100.67,100.51,0,21,0.31129,0.0067244,0.11678,18.792,1.26
33.947,42.612,112.65,5,44.022,100.1,67.638,0,12,0.11956,0.00097616,0.24847,23.147,1.0069
54.983,36.524,-13.593,5,48.193,101.5,124.77,0,18,0.036134,0.014961,0.38633,34.849,1.4135
21.876,9.1254,127.45,5,64.269,103.32,91.729,0,22,0.28538,0.033188,0.019211,14.752,1.1563
62.081,15.791,-26.655,5,32.869,101.83,97.646,0,27,0.34262,0.018267,0.084956,18.849,1.5869
91.46,19.637,54.762,5,32.705,100.17,89.676,0,22,0.3459,0.0017053,0.0036,17.299,1.2164
60.023,32.876,222.15,5,44.571,103.02,59.353,0,19,0.10859,0.030166,0.34052,31.27,1.3998
71.715,13.816,79.134,5,40.361,102.34,98.109,0,19,0.19278,0.023376,0.0901,12.812,1.0689
34.622,39.225,160.6,5,51.976,100.25,54.584,0,16,0.039521,0.002505,0.39351,35.472,1.2761
14.615,19.979,188.4,5,53.118,102.3,110.16,0,33,0.062367,0.023015,0.224,20.529,1.8858
28.353,48.507,29.69,5,65.923,103.68,85.346,0,14,0.31846,0.036776,0.051711,16.992,1.2532
57.775,29.495,238.14,5,51.387,103.34,61.757,0,21,0.027743,0.033361,0.31381,28.474,1.4803
21.773,21.14,217.27,5,50.962,103.92,109.86,0,31,0.019234,0.039168,0.22067,20.266,1.8505
71.386,24.817,-88.633,5,76.1,-4.6323,267.24,0,6,0.522,1.0463,1.9693,207.47,0.3838
68.713,48.812,105.93,5,44.564,103.62,106.83,0,12,0.10872,0.036191,0.187,18.053,1.1009
55.357,11.679,58.692,5,51.297,103.38,105.62,0,19,0.025938,0.033785,0.17356,16.034,1.0737
14.679,34.571,46.687,5,66.006,104.01,96.985,0,19,0.32012,0.040134,0.077611,17.918,1.2777
47.038,48.019,92.508,5,47.658,103,87.581,1,11,0.046837,0.029997,0.026878,4.5096,1.0564
85.196,41.492,-8.8483,5,37.398,100.28,71.596,0,28,0.25204,0.0028389,0.20449,22.307,2.0504
91.179,13.877,-34.41,5,85.366,-1.9517,209.09,0,4,0.70732,1.0195,1.3232,160.71,0.20951
43.646,8.0745,-53.606,5,40.049,100.79,106.64,0,25,0.19902,0.0079022,0.18489,19.405,1.3566
75.918,33.883,-68.08,5,44.521,101.27,66.857,0,27,0.10958,0.012704,0.25714,23.817,1.901
59.664,28.04,-10.315,5,39.146,102.47,114.86,0,21,0.21708,0.024744,0.27622,27.238,1.4462
83.433,15.699,-6.9984,5,91.925,-1.6173,236.96,0,5,0.8385,1.0162,1.6329,183.52,0.27567
20.188,26.787,220.34,5,53.716,103.45,111.47,0,29,0.074328,0.034543,0.23856,22.061,1.8343
35.815,33.988,154.94,5,53.897,102.7,60.475,0,17,0.077938,0.027028,0.32806,29.903,1.2589
81.478,38.954,235.45,5,33.938,101.24,76.727,0,19,0.32123,0.012368,0.14748,20.873,1.3832
61.263,45.63,141.79,5,34.356,102.32,89.844,0,13,0.31288,0.023185,0.0017333,15.816,1.1706
38.176,28.43,66.664,5,57.669,100.21,87.941,0,15,0.15337,0.0020902,0.022878,7.9434,1.0339
59.578,27.117,104.91,5,43.83,100.23,93.868,0,15,0.1234,0.0023273,0.042978,7.2858,1.0203
62.299,21.189,-9.0215,5,35.381,101.68,107.28,0,23,0.29237,0.016794,0.192,22.697,1.4417
57.736,33.639,127.71,5,37.967,103.89,84.012,0,15,0.24065,0.038883,0.066533,13.992,1.1226
64.344,46.293,58.257,5,57.686,103.12,115.23,0,12,0.15373,0.031177,0.28033,26.559,1.0793
11.082,11.611,-63.296,5,54.606,104.26,110.92,0,27,0.09211,0.042632,0.23244,21.841,1.3978
52.839,20.63,266.06,5,61.969,100.01,72.993,0,25,0.23938,0.00010835,0.18897,20.797,1.5739
21.714,38.6,-81.687,5,63.518,101.49,110.29,0,20,0.27035,0.014895,0.22544,24.426,1.4792
82.976,14,252.6,5,45.254,104.22,68.87,0,26,0.094914,0.042199,0.23478,22.064,1.4114
16.658,36.25,121.59,5,63.44,101.33,71.552,0,17,0.2688,0.013339,0.20498,22.863,1.1815
90.704,10.792,266.81,5,45.048,100.83,69.508,0,28,0.099042,0.0083349,0.22769,21.098,1.4278
40.454,14.344,0.84481,5,52.055,101.91,114.32,0,21,0.041093,0.019091,0.27022,24.481,1.2183
52.855,16.144,-51.761,5,35.33,100.5,103.9,0,25,0.2934,0.004976,0.15444,20.216,1.4898
13.225,38.159,23.808,5,66.282,103.8,97.31,0,19,0.32564,0.038033,0.081222,18.248,1.3204
68.153,26.43,111.42,5,39.829,100.44,95.454,0,16,0.20341,0.0044332,0.0606,11.549,1.0557
51.197,45.308,51.183,5,63.211,102.1,100.53,0,12,0.26423,0.02101,0.117,17.024,1.0968
63.805,27.992,-15.6,5,34.985,104.32,109.01,0,24,0.30029,0.04316,0.21122,24.607,1.6367
60.109,9.3327,242.86,5,57.151,101.46,72.302,0,25,0.14302,0.014614,0.19664,19.144,1.3702
81.608,36.78,-42.201,5,40.418,102.34,68.326,0,26,0.19165,0.023421,0.24082,23.813,1.8392
70.615,14.441,232.76,5,46.34,100.76,66.442,0,23,0.07319,0.0076273,0.26176,23.853,1.3067
58.395,9.5074,161.38,5,46.81,100.67,67.935,0,21,0.063801,0.0066705,0.24517,22.304,1.1554
40.145,45.853,-14.45,5,65.353,104.05,115.56,0,15,0.30706,0.040471,0.284,30.09,1.3627
56.508,8.153,-15.508,5,35.201,103.41,98.527,0,25,0.29599,0.034078,0.094744,17.417,1.3576
51.34,18.771,99.422,5,46.397,103.45,87.755,0,17,0.072051,0.034506,0.024944,5.4703,1.0463
34.914,29.833,268.53,5,19.976,-2.1504,-55.186,0,8,0.60049,1.0215,1.6132,180.04,0.55733
90.166,48.067,128.68,5,32.879,103.17,99.298,0,17,0.34241,0.031745,0.10331,19.739,1.2947
77.583,32.186,2.5578,5,102.41,32.035,-12.526,0,5,1.0483,0.67965,1.1392,133.71,0.34149
11.417,14.735,48.644,5,61.745,100.39,108.16,0,23,0.2349,0.0039435,0.20178,21.631,1.2288
75.038,35.012,198.55,5,34.518,102.25,75.14,0,18,0.30964,0.022473,0.16511,21.577,1.2923
31.787,28.584,65.502,5,59.714,102.48,86.435,0,16,0.19428,0.024762,0.039611,10.641,1.0855
9.4688,8.319,-76.205,5,53.785,101.33,110.61,0,28,0.075697,0.013291,0.229,20.997,1.3966
62.818,29.513,8.3454,5,41.857,100.3,118.37,0,19,0.16286,0.0029814,0.31522,29.517,1.326
46.695,44.549,269.44,5,58.571,100.28,57.523,0,23,0.17141,0.0027758,0.36086,33.59,2.0702
54.63,13.579,197.77,5,53.999,101.15,67.55,0,22,0.079971,0.011479,0.24944,22.832,1.271
54.836,36.745,-14.228,5,48.273,101.64,124.83,0,18,0.03454,0.016359,0.387,34.911,1.4187
67.707,7.2627,92.648,5,41.9,103.32,93.258,0,20,0.162,0.03324,0.0362,9.3406,1.0592
51.728,35.117,-85.334,5,37.947,101.71,114.61,0,24,0.24105,0.017113,0.27344,27.456,1.8488
44.247,40.06,182.17,5,49.278,104,54.618,0,17,0.014449,0.039953,0.39313,35.615,1.4116
22.347,10.94,140.66,5,65.381,100.98,88.343,0,22,0.30762,0.0097842,0.018411,15.501,1.1796
77.001,23.537,6.1031,5,100.53,31.443,29.97,0,5,1.0106,0.68557,0.667,104.2,0.3083
87.49,47.598,244.64,5,32.708,103.25,83.992,0,19,0.34584,0.032479,0.066756,18.592,1.4744
64.306,47.63,11.357,5,52.164,101.9,132.42,0,15,0.04329,0.01895,0.47133,42.518,1.3815
42.203,41.005,-35.891,5,58.943,103.29,123.9,0,17,0.17886,0.032894,0.37667,35.214,1.4284
53.094,45.872,110.94,5,41.799,104.45,90.903,0,12,0.16402,0.044495,0.010033,9.3741,1.1067
55.577,21.569,22.999,5,47.249,102.44,115.34,0,19,0.055012,0.024413,0.28156,25.605,1.2082
23.391,8.0738,88.878,5,61.785,102.38,94.391,0,21,0.23571,0.023839,0.048789,12.8,1.0972
87.782,43.017,-54.464,5,35.528,101.56,73.767,0,23,0.28944,0.015625,0.18037,21.803,1.682
47.985,30.558,131.39,5,40.024,101.21,71.578,0,15,0.19952,0.012101,0.20469,20.985,1.0796
78.194,46.033,155.47,5,32.794,104.99,90.903,0,16,0.34411,0.049892,0.010033,17.938,1.3139
50.515,40.841,139.96,5,35.279,100.13,73.933,0,13,0.29442,0.0012877,0.17852,21.792,1.0987
90.738,29.997,-28.217,5,40.585,101.26,69.385,0,28,0.18831,0.01263,0.22906,22.698,1.7285
78.839,43.531,-39.251,5,39.729,104.56,68.335,0,26,0.20541,0.045615,0.24072,24.406,2.0503
16.917,13.863,81.657,5,62.895,104.75,102.68,0,22,0.2579,0.047495,0.14089,18.698,1.1921
64.787,37.804,-54.983,5,42.591,101.09,68.791,0,33,0.14818,0.010864,0.23566,22.492,2.581
83.704,45.274,44.293,5,39.887,102.39,119.59,0,16,0.20226,0.023937,0.32878,31.362,1.2447
24.845,34.487,105.88,5,57.168,100.61,70.717,0,15,0.14335,0.0060985,0.21426,20.581,1.0687
68.246,17.397,266.13,5,49.924,100.14,66.514,0,24,0.0015159,0.001386,0.26096,23.487,1.4185
73.271,22.619,71.495,5,40.037,104.43,102.21,0,18,0.19926,0.0443,0.13567,16.37,1.1138
34.352,12.179,-76.134,5,45.794,101.82,111.08,0,25,0.084117,0.018238,0.23422,21.572,1.4013
21.769,21.72,203.96,5,51.49,104.4,109.78,0,32,0.029793,0.044002,0.21978,20.318,1.9227
57.351,40.072,152.96,5,34.044,100.63,75.33,0,14,0.31913,0.0063397,0.163,21.684,1.1594
58.284,31.157,236.33,5,48.621,101.35,59.43,0,20,0.027571,0.013479,0.33967,30.631,1.4422
40.248,22.198,165.37,5,57.967,102.73,67.571,0,20,0.15935,0.027282,0.24921,23.958,1.2753
33.721,27.71,-76.306,5,52.175,103.63,117.21,0,22,0.043496,0.03633,0.30233,27.537,1.4845
91.528,21.106,121.7,5,35.056,100.31,76.454,0,22,0.29887,0.0030921,0.15051,20.172,1.2338
77.445,30.091,233.93,5,38.71,104.59,68.164,0,21,0.22581,0.045859,0.24262,25.007,1.3981
63.286,19.073,65.875,5,49.019,100.75,106.92,0,17,0.019612,0.0075261,0.188,16.965,1.0365
21.848,9.914,134.01,5,64.895,102.1,90.393,0,22,0.2979,0.020954,0.0043667,15.047,1.1655
71.722,47.128,178.15,5,32.258,103.7,86.837,0,15,0.35485,0.037048,0.035144,18.398,1.3121
48.849,27.878,-54.331,5,41.729,102.2,115.81,0,22,0.16543,0.021996,0.28678,27.192,1.525
61.444,22.187,-48.906,5,100.83,22.122,2.0649,0,8,1.0165,0.77878,0.97706,127.99,0.50858
35.736,46.296,-69.76,5,63.125,101.92,121.05,0,17,0.2625,0.019189,0.345,33.765,1.5297
14.23,17.487,17.778,5,60.43,102.78,109.66,0,23,0.20861,0.027786,0.21844,22.428,1.2787
76.035,19.69,-32.827,5,79.832,-0.59092,227.59,0,5,0.59663,1.0059,1.5288,173.03,0.29612
22.19,18.818,250.58,5,49.871,104.51,110.15,0,29,0.0025884,0.045084,0.22389,20.649,1.6897
34.733,34.877,2.4803,5,63.408,103.98,110.26,0,17,0.26817,0.039778,0.22511,24.619,1.2708
71.114,18.352,-25.814,5,87.422,-0.19238,246.28,0,6,0.74844,1.0019,1.7364,189.37,0.35573
88.834,45.953,-67.673,5,34.504,102.77,76.192,0,22,0.30993,0.027672,0.15342,20.939,1.6528
85.621,10.045,64.458,5,34.888,102.97,79.865,0,23,0.30224,0.029683,0.11261,18.437,1.1886
21.514,46.119,238.1,5,62.608,100.99,110.8,0,23,0.25216,0.0099224,0.23111,24.343,1.8869
89.243,8.604,115.09,5,38.511,100.33,71.418,0,24,0.22978,0.0033442,0.20647,21.849,1.2065
75.847,41.592,151.65,5,33.162,103.07,89.187,0,16,0.33676,0.030745,0.0090333,17.135,1.2525
49.165,24.528,-29.354,5,44.168,102.25,116.45,0,21,0.11663,0.022524,0.29389,27.179,1.3912
25.536,7.9281,222.84,5,17.678,-4.409,254.49,0,3,0.64644,1.0441,1.8277,197.49,0.15745
84.093,34.729,118.77,5,33.226,102.32,89.893,0,18,0.33549,0.023154,0.0011889,16.934,1.2222
20.036,28.749,123.42,5,63.519,102.09,76.275,0,18,0.27039,0.020888,0.1525,19.378,1.1644
83.108,46.076,-62.289,5,35.338,101.89,72.822,0,22,0.29325,0.01891,0.19087,22.663,1.7384
35.277,22.239,-81.344,5,48.945,101.02,115.69,0,23,0.021095,0.01025,0.28544,25.732,1.4531
50.495,19.601,-4.8165,5,44.525,103.35,114.16,0,21,0.10949,0.033526,0.26844,24.998,1.306
78.564,21.992,166.44,5,37.954,103.88,71.513,0,21,0.24092,0.038848,0.20541,22.404,1.2639
29.07,37.344,156.39,5,57.036,100.46,58.737,0,17,0.14072,0.0045607,0.34737,32.048,1.2867
77.197,31.087,-54.109,5,45.139,102.92,67.913,0,28,0.09722,0.029154,0.24541,22.803,1.8897
19.261,8.5476,157.38,5,66.008,104.77,97.584,0,26,0.32015,0.047686,0.084267,18.345,1.3474
49.004,45.859,143.34,5,35.472,104.53,69.652,0,13,0.29056,0.045287,0.22609,25.409,1.2004
81.537,24.02,12.603,5,101.42,37.666,59.787,0,5,1.0283,0.62334,0.3357,86.269,0.30389
92.511,38.118,52.019,5,34.469,102.27,108.14,0,19,0.31062,0.022697,0.20156,23.988,1.2654
31.832,19.514,-89.325,5,49.546,101.18,114.28,0,24,0.0090793,0.011846,0.26978,24.313,1.4543
20.801,37.279,218.7,5,57.759,103.28,112.25,0,27,0.15518,0.03278,0.24722,23.791,1.9513
37.458,37.523,-30.865,5,61.91,101.7,118.47,0,17,0.2382,0.017038,0.31633,30.908,1.3339
25.343,42.648,-57.975,5,65.207,103.65,108.32,0,18,0.30414,0.036526,0.20356,24.087,1.4417
71,18.266,193.31,5,41.324,102.09,67.55,0,21,0.17353,0.020949,0.24944,24.159,1.2442
15.51,8.1961,-86.638,5,51.631,103,110.11,0,28,0.032614,0.030002,0.22344,20.398,1.4276
89.115,33.422,156.81,5,33.628,101.9,80.88,0,20,0.32745,0.018954,0.10133,18.837,1.295
16.991,21.859,-84.614,5,56.242,104.22,112.21,0,25,0.12483,0.042243,0.24678,23.453,1.4736
20.892,13.592,21.583,5,59.964,100.48,109.49,0,22,0.19928,0.0047984,0.21656,21.895,1.2064
32.51,9.359,-58.495,5,47.27,103.74,110.81,0,25,0.054593,0.037427,0.23122,21.319,1.3541
44.627,12.414,-39.202,5,41.432,103.98,108.8,0,24,0.17137,0.03981,0.20889,21.04,1.3675
60.073,45.33,123.07,5,38.972,100.81,96.411,0,12,0.22056,0.0081212,0.071233,12.782,1.0793
22.862,47.084,243.95,5,60.957,102.24,112.86,0,24,0.21915,0.022443,0.254,25.449,2.0179
44.455,44.78,-67.316,5,54.775,101.62,128.24,0,18,0.095504,0.016178,0.42489,38.571,1.6217
71.481,37.39,-50.673,5,44.376,102.44,68.076,0,30,0.11247,0.024417,0.2436,22.765,2.2661
69.856,14.834,8.2158,5,33.337,100.25,99.413,0,24,0.33326,0.002522,0.10459,19.14,1.3722
66.787,29.574,136.76,5,36.49,104.87,82.661,0,17,0.2702,0.048707,0.081544,16.128,1.1741
32.111,11.86,158.56,5,64.636,104.66,83.552,0,23,0.29271,0.046592,0.071644,16.658,1.2787
46.192,27.89,250.51,5,64.127,100.67,71.351,0,25,0.28253,0.0066515,0.20721,23.405,1.7311
7.6288,46.978,246.84,5,65.695,101.47,101.29,0,22,0.31391,0.014738,0.12544,19.39,1.6207
48.728,19.37,-37.855,5,40.372,104.05,110.68,0,23,0.19255,0.040505,0.22978,23.168,1.4261
79.886,19.162,180.21,5,39.316,103.64,70.047,0,22,0.21368,0.036394,0.2217,22.924,1.2763
50.271,44.472,76.016,5,55.124,104.05,92.734,0,12,0.10248,0.040501,0.030378,7.0804,1.0805
44.003,43.729,197.35,5,49.202,102.47,50.814,0,17,0.015963,0.024723,0.4354,39.272,1.502
61.12,35.754,144.5,5,35.193,101.9,80.56,0,15,0.29614,0.018959,0.10489,17.663,1.1503
31.91,33.019,28.928,5,64.871,100.26,98.086,0,16,0.29743,0.0026248,0.089844,16.929,1.1531
55.9,23.484,46.117,5,53.5,102.58,112.29,0,17,0.070004,0.025774,0.24767,22.71,1.1076
51.611,27.396,85.532,5,50.755,102.33,93.233,1,15,0.01511,0.023343,0.035922,4.056,1.0328
43.105,16.417,-71.066,5,39.93,104.1,107.77,0,25,0.20141,0.040963,0.19744,20.832,1.4905
67.208,8.7098,162.23,5,43.867,102.8,69.478,0,22,0.12267,0.027998,0.22802,21.601,1.1841
69.319,36.054,244.61,5,38.621,101.77,63.316,0,19,0.22759,0.017664,0.29649,29.063,1.4221
66.091,25.201,168.4,5,39.241,104.65,68.883,0,19,0.21518,0.046547,0.23463,24.152,1.2417
32.328,46.908,267.89,5,53.949,103.34,112.28,0,32,0.078972,0.033385,0.24756,22.872,2.8594
55.073,18.275,-8.8707,5,39.537,102.7,110.38,0,22,0.20925,0.026998,0.22644,23.067,1.3434
31.345,37.814,264.22,5,50.852,103.75,110.6,0,33,0.017038,0.037501,0.22889,20.956,2.5415
17.686,12.815,239.72,5,22.514,-0.18155,-41.749,0,3,0.54972,1.0018,1.4639,167.78,0.16132
26.265,36.594,144.49,5,58.994,103.85,64.332,0,17,0.17989,0.038476,0.2852,27.469,1.2555
80.747,34.072,-32.985,5,42.714,104.29,68.347,0,28,0.14572,0.042898,0.24059,23.245,1.9245
43.591,25.141,46.871,5,59.539,104.6,104,0,17,0.19077,0.046044,0.15556,17.554,1.1313
43.23,14.774,9.1944,5,50.762,103.79,113.69,0,21,0.015232,0.037922,0.26322,24.003,1.2282
56.093,46.971,-46.122,5,47.754,100.98,131.01,0,19,0.044929,0.009813,0.45567,41.083,1.7798
17.325,25.599,194.52,5,54.653,102.98,110.92,0,31,0.093067,0.029794,0.23244,21.637,1.9075
79.249,22.717,251.94,5,41.494,101.43,67.277,0,23,0.17012,0.01433,0.25248,24.305,1.3917
46.241,22.167,156.96,5,50.984,103.64,65.155,0,19,0.019681,0.036378,0.27606,25.13,1.2191
59.741,47.47,200.63,5,32.08,100.24,67.164,0,14,0.35839,0.002413,0.25373,29.029,1.3102
90.13,18.988,135.4,5,37.18,102.88,72.417,0,23,0.2564,0.028803,0.19537,21.95,1.272
9.2905,16.716,257.57,5,54.552,104.45,110.94,0,28,0.09105,0.044466,0.23267,21.886,1.5102
81.581,47.116,70.854,5,41.005,101.28,117.34,0,14,0.1799,0.012784,0.30378,28.81,1.1364
51.878,49.525,-40.3,5,56.638,100.78,135.03,0,16,0.13276,0.007815,0.50033,45.523,1.5838
37.553,25.265,79.346,5,54.415,103.31,85.259,0,16,0.088301,0.033117,0.052678,7.275,1.0559
40.557,16.551,62.755,5,57.373,103.34,96.022,0,18,0.14746,0.033411,0.066911,10.089,1.0717
23.035,45.8,140.67,5,56.002,103.11,57.595,0,15,0.12003,0.031068,0.36006,33.103,1.2389
70.91,22.6,4.4199,5,34.034,100.95,106,0,24,0.31932,0.0095346,0.17778,22.623,1.4967
8.1119,25.964,-65.376,5,61.152,101.73,109.53,0,24,0.22303,0.017342,0.217,22.556,1.4107
12.068,32.359,223.14,5,58.102,104.47,111.34,0,27,0.16204,0.044718,0.23711,23.26,1.7408
57.55,16.505,12.812,5,41.137,102.17,110.75,0,21,0.17726,0.021658,0.23056,22.668,1.2525
13.033,47.896,-22.292,5,67.296,100.46,87.267,0,17,0.34592,0.004608,0.030367,17.517,1.3305
16.38,43.663,-16.5,5,66.659,104.64,96.372,0,18,0.33317,0.046398,0.0708,18.43,1.3718
32.542,17.631,254.98,5,18.241,-2.4603,251.07,0,5,0.63518,1.0246,1.7897,193.52,0.29692
7.1842,15.029,-87.922,5,55.081,102.98,110.95,0,28,0.10162,0.029803,0.23278,21.762,1.4714
30.001,17.179,9.393,5,58.134,104.2,111.19,0,21,0.16268,0.042029,0.23544,23.083,1.2324
77.952,27.829,178.43,5,36.623,104.48,72.674,0,20,0.26754,0.044772,0.19251,22.343,1.2921
28.744,39.2,190.05,5,-0.45719,28.367,259.05,0,7,1.0091,0.71633,1.8783,190.41,0.54341
79.367,13.682,9.4775,5,101.5,24.315,43.764,0,5,1.03,0.75685,0.51373,102.56,0.27419
20.113,18.579,238.87,5,51.215,103.03,110.54,0,29,0.024298,0.030294,0.22822,20.798,1.6718
79.492,41.094,-50.3,5,39.421,101.86,68.021,0,25,0.21157,0.018609,0.24421,24.463,1.8975
22.066,49.739,90.489,5,57.52,103.35,66.719,0,13,0.1504,0.033526,0.25868,24.694,1.1304
71.119,31.945,93.107,5,42.828,101.05,104.19,0,15,0.14344,0.010546,0.15767,15.934,1.0525
59.989,48.3,261.95,5,41.674,103.8,53.686,0,18,0.16651,0.037993,0.40349,37.45,1.7092
56.655,40.328,262.45,5,49.536,101.92,56.366,0,20,0.0092775,0.019213,0.37371,33.692,1.6655
60.334,48.792,241.65,5,36.271,101.63,55.572,0,16,0.27459,0.016341,0.38253,37.1,1.5314
20.445,44.203,247.75,5,61.589,103.47,111.87,0,23,0.23178,0.034717,0.243,24.993,1.8213
27.728,27.346,261.47,5,26.823,-1.3462,-55.753,0,6,0.46353,1.0135,1.6195,179.03,0.39478
77.161,33.237,-7.9713,5,42.375,103.05,69.096,0,32,0.15249,0.030486,0.23227,22.459,2.2199
52.306,33.492,-50.791,5,42.369,100.42,120.12,0,21,0.15262,0.0042407,0.33467,31.074,1.5778
36.914,37.53,61.883,5,59.016,103.18,86.029,0,14,0.18033,0.031834,0.044122,10.352,1.0967
16.164,23.094,176.89,5,-2.2502,17.676,222.17,0,4,1.045,0.82324,1.4686,164.24,0.23804
17.631,36.12,186.58,5,59.272,100.56,110.66,0,30,0.18544,0.0055671,0.22956,22.652,2.0946
