38.1,36.26,9.2201,5,53.482,100.23,97.389,0,14,0.069633,0.0023239,Inf,97.452,1.0796
41.335,13.156,30.91,5,51.599,100.04,94.953,0,18,0.031973,0.00035316,Inf,94.966,1.0312
19.148,8.2432,-6.5796,5,51.491,100.69,94.671,0,23,0.029829,0.006885,Inf,94.685,1.188
30.648,20.047,231.74,5,51.279,100.78,74.781,0,22,0.025584,0.0077912,Inf,74.796,1.3372
48.547,37.388,133.75,5,52.732,100.67,81.226,0,13,0.054632,0.0066726,Inf,81.275,1.0379
90.623,46.089,112.18,5,46.659,102.16,96.213,0,15,0.066813,0.021588,Inf,96.295,1.1111
92.388,44.538,248.41,5,54.439,103.64,92.143,0,29,0.088777,0.036377,Inf,92.322,2.0772
64.126,47.783,57.215,5,48.087,104.12,98.265,0,12,0.038254,0.041199,Inf,98.37,1.1092
43.393,15.553,34.595,5,51.134,102.97,94.226,0,18,0.022684,0.029693,Inf,94.28,1.0625
39.579,26.961,26.153,5,52.895,103.24,96.226,0,16,0.057897,0.032379,Inf,96.324,1.0843
49.849,36.019,222.51,5,53.261,104.04,79.036,0,18,0.065221,0.040358,Inf,79.206,1.4067
73.139,14.457,-81.014,5,47.103,104.39,84.24,0,28,0.057947,0.043935,Inf,84.405,1.5798
21.512,14.991,157.2,5,53.551,103.58,79.863,0,20,0.071027,0.035834,Inf,80.022,1.1154
58.649,46.419,156.33,5,48.606,101.48,79.189,0,12,0.027886,0.014832,Inf,79.215,1.1055
59.671,45.21,107.74,5,47.959,103.12,86.847,0,12,0.040814,0.031165,Inf,86.927,1.0784
68.397,20.44,-3.2522,5,47.212,101.7,93.069,0,19,0.055766,0.016992,Inf,93.127,1.1634
63.019,35.898,32.092,5,47.753,100.88,96.566,0,14,0.044937,0.0087641,Inf,96.596,1.0702
64.012,26.035,197.43,5,54.571,104.93,87.714,0,19,0.091428,0.049267,Inf,87.971,1.262
90.998,16.846,190.51,5,54.091,101.51,86.638,0,25,0.081819,0.015121,Inf,86.748,1.3483
31.914,25.409,16.065,5,53.832,103.59,95.259,0,17,0.076639,0.035867,Inf,95.404,1.1075
81.387,23.158,76.815,5,47.208,102.11,88.352,0,18,0.05583,0.021066,Inf,88.422,1.0843
37.417,29.986,213.2,5,50.526,101.27,73.43,0,18,0.010514,0.012748,Inf,73.443,1.2652
42.107,37.416,-1.2634,5,49.67,104.31,96.482,0,15,0.0066009,0.043127,Inf,96.579,1.189
38.99,30.464,269.87,5,51.774,103.16,75.714,0,23,0.035483,0.03157,Inf,75.8,1.6335
42.574,43.308,254.02,5,48.756,104.09,70.361,0,19,0.024882,0.040948,Inf,70.491,1.6615
64.315,36.387,222.86,5,54.501,101.06,83.988,0,18,0.090025,0.010644,Inf,84.115,1.3803
21.283,24.696,151.65,5,52.015,104.1,76.19,0,18,0.040307,0.041005,Inf,76.327,1.1167
80.362,16.289,105.59,5,48.443,100.06,83.646,0,19,0.031138,0.00063259,Inf,83.66,1.0668
82.317,49.827,-40.268,5,56.97,100.25,145.2,0,17,0.1394,0.002537,Inf,145.37,1.4243
70.657,12.454,33.653,5,47.884,104.62,85.672,0,20,0.042318,0.046189,Inf,85.822,1.1117
86.009,19.484,62.387,5,47.142,104.79,86.779,0,20,0.057157,0.047916,Inf,86.959,1.1338
70.359,14.034,-83.154,5,46.871,100.02,86.075,0,27,0.062587,0.00024129,Inf,86.132,1.5281
42.055,13.071,83.066,5,52.381,101.21,95.345,0,18,0.047628,0.012112,Inf,95.382,1.031
31.45,49.174,224.99,5,39.48,100.49,59.765,0,15,0.21041,0.0049498,Inf,60.686,1.3862
38.712,49.597,35.414,5,54.793,101.32,86.455,0,11,0.095858,0.013218,Inf,86.598,1.0648
40.223,34.856,127.53,5,54.826,102.11,87.297,0,14,0.096511,0.021122,Inf,87.455,1.0626
70.865,30.027,110.97,5,48.065,103.76,85.138,0,16,0.038707,0.037639,Inf,85.243,1.0956
59.752,28.041,115.91,5,49.512,100.62,83.382,0,15,0.0097511,0.006227,Inf,83.386,1.0328
29.581,9.9981,-29.465,5,49.322,102.18,88.091,0,23,0.013567,0.021789,Inf,88.121,1.2461
48.029,40.615,28.506,5,50.77,102.83,97.91,0,13,0.015408,0.028334,Inf,97.954,1.094
43.909,47.929,198.12,5,48.952,100.56,70.704,0,13,0.020958,0.0056383,Inf,70.714,1.2398
74.563,41.406,244.95,5,54.823,103.79,89.258,0,23,0.09646,0.037895,Inf,89.468,1.8101
62.08,32.329,93.346,5,48.559,104.76,84.77,0,15,0.028817,0.04758,Inf,84.916,1.0911
36.019,33.998,227.59,5,49.52,104.29,71.689,0,19,0.0095985,0.042862,Inf,71.819,1.4081
74.198,7.2136,111.39,5,50.565,104.18,82.925,0,21,0.011302,0.041778,Inf,83.032,1.095
50.862,17.06,-88.051,5,47.872,101.25,85.62,0,26,0.042558,0.012548,Inf,85.656,1.5673
54.329,26.577,116.72,5,50.814,100.51,83.416,0,15,0.016286,0.0051169,Inf,83.421,1.0197
84.001,33.048,-5.7215,5,47.729,103.21,102.93,0,19,0.04543,0.032079,Inf,103,1.2651
44.821,29.242,-3.7188,5,48.218,100.52,93.036,0,16,0.035634,0.0051506,Inf,93.054,1.1276
71.758,36.494,219.42,5,54.241,100.81,83.674,0,19,0.084818,0.0080727,Inf,83.785,1.4152
71.664,12.626,148.02,5,51.583,102.01,82.729,0,20,0.031664,0.020068,Inf,82.769,1.1109
55.133,44.711,192.67,5,53.23,102.91,79.059,0,14,0.064604,0.029066,Inf,79.178,1.2607
25.32,33.28,252.6,5,46.74,103.48,66.656,0,22,0.065191,0.034776,Inf,66.826,1.5463
33.456,30.26,20.719,5,54.173,104.56,94.461,0,16,0.08346,0.045643,Inf,94.664,1.1161
23.368,13.516,-49.11,5,49.756,104.83,84.853,0,27,0.004876,0.048287,Inf,84.991,1.4918
89.146,23.736,265.09,5,77.801,-3.7064,236.14,0,6,0.55603,1.0371,Inf,259.4,0.34996
77.932,25.572,192.56,5,53.817,102.68,84.335,0,21,0.076343,0.026849,Inf,84.464,1.3208
92.204,26.661,155.14,5,50.701,100.94,79.48,0,21,0.014013,0.0093535,Inf,79.488,1.2409
34.87,18.767,71.313,5,53.373,104.73,95.792,0,18,0.067464,0.047261,Inf,95.968,1.0892
29.009,32.558,116.32,5,53.753,102.05,80.503,0,15,0.075057,0.020479,Inf,80.617,1.0618
41.948,46.849,-22.648,5,49.239,101.45,101.41,0,14,0.015211,0.01455,Inf,101.43,1.3021
37.218,11.766,-36.579,5,48.998,104.34,84.422,0,23,0.020049,0.04337,Inf,84.539,1.2899
32.712,21.8,142.86,5,54.627,101.19,84.756,0,17,0.09254,0.011861,Inf,84.89,1.0613
35.01,10.728,156.86,5,54.67,104.5,92.017,0,20,0.093401,0.045001,Inf,92.245,1.1047
23.395,21.195,97.771,5,54.781,104.04,86.383,0,18,0.095627,0.040382,Inf,86.609,1.0821
14.611,39.442,169.4,5,41.56,100.34,60.369,0,15,0.16881,0.0033588,Inf,60.957,1.0693
13.213,26.714,89.803,5,52.834,100.37,77.96,0,17,0.056674,0.0036834,Inf,78.012,1.0366
26.908,41.04,227.68,5,43.381,103.2,61.391,0,18,0.13238,0.032025,Inf,61.829,1.4213
82.251,9.132,17.325,5,47.109,101.62,86.489,0,22,0.057822,0.016249,Inf,86.552,1.1408
18.068,16.554,158.73,5,52.769,103.57,77.808,0,20,0.055384,0.035724,Inf,77.939,1.1192
85.77,19.362,-8.6378,5,46.25,102.2,93.363,0,22,0.074993,0.022014,Inf,93.464,1.2469
92.146,40.028,176.61,5,50.7,102.05,78.256,0,20,0.014001,0.020459,Inf,78.286,1.3642
76.817,8.0634,16.22,5,47.6,103.93,85.628,0,22,0.048003,0.039323,Inf,85.752,1.1486
33.398,37.127,96.878,5,54.721,103,85.638,0,14,0.094429,0.030043,Inf,85.821,1.0765
40.633,14.968,-14.074,5,48.614,102.65,87.328,0,20,0.027723,0.026457,Inf,87.379,1.169
80.82,17.894,26.447,5,46.918,103.11,89.815,0,20,0.061636,0.031147,Inf,89.921,1.1403
14.403,33.41,177.71,5,44.431,101.79,62.532,0,17,0.11137,0.017864,Inf,62.805,1.1257
32.277,20.514,167.36,5,53.808,101.93,80.692,0,18,0.076167,0.01926,Inf,80.805,1.1051
73.988,7.3883,178.13,5,54.145,101.9,88.835,0,23,0.082907,0.018995,Inf,88.952,1.2021
9.5146,20.047,88.747,5,53.722,101.99,80.401,0,19,0.074439,0.019853,Inf,80.511,1.06
15.474,37.411,85.418,5,51.558,102.12,75.299,0,15,0.031157,0.02117,Inf,75.345,1.0492
81.482,11.571,226.57,5,60.202,-0.53568,189.84,0,5,0.20404,1.0054,Inf,215.06,0.26634
71.194,10.785,-48.761,5,47.034,102.44,86.281,0,25,0.059315,0.024408,Inf,86.366,1.3632
29.922,49.306,124.6,5,50.535,104.21,73.446,0,12,0.010694,0.042064,Inf,73.568,1.1004
22.215,18.392,201.07,5,50.795,102.08,73.906,0,21,0.015899,0.020795,Inf,73.939,1.218
66.968,44.404,200.02,5,51.805,101.12,77.88,0,15,0.036092,0.011169,Inf,77.909,1.2903
7.1554,41.107,62.048,5,49.55,101.78,71.741,0,15,0.0089998,0.017768,Inf,71.764,1.0298
16.129,14.976,46.578,5,54.741,103.16,91.353,0,20,0.094814,0.031612,Inf,91.531,1.0926
46.187,27.271,246.76,5,52.866,100.01,78.037,0,21,0.057324,0.00010581,Inf,78.089,1.4417
49.164,32.776,28.869,5,49.363,104.96,93.8,0,15,0.012749,0.049596,Inf,93.934,1.1156
68.075,35.14,-36.602,5,48.072,104.64,101.09,0,19,0.038565,0.046408,Inf,101.22,1.4109
64.789,13.174,159.66,5,53.125,104.54,84.724,0,20,0.062505,0.045442,Inf,84.903,1.1354
85.17,23.598,243.7,5,53.199,101.9,95.528,0,30,0.063975,0.01897,Inf,95.6,1.7834
23.16,41.704,144.74,5,47.81,103.27,68.668,0,14,0.0438,0.032676,Inf,68.781,1.0907
84.721,32.045,186.72,5,52.88,103.83,81.669,0,21,0.057591,0.038316,Inf,81.81,1.3759
73.96,45.933,266.51,5,54.499,104.85,93.105,0,27,0.089972,0.048533,Inf,93.34,2.2828
38.989,15.159,123.54,5,53.846,102.18,95.228,0,18,0.076919,0.021832,Inf,95.331,1.052
80.48,24.416,-8.4774,5,46.933,100.98,97.543,0,20,0.061333,0.0097717,Inf,97.596,1.227
7.7625,37.311,86.298,5,50.144,103.84,72.766,0,16,0.0028859,0.038389,Inf,72.867,1.0583
39.632,29.243,-40.217,5,47.491,100.68,91.257,0,19,0.050187,0.0068439,Inf,91.294,1.3284
16.425,27.689,-89.469,5,24.414,-0.99553,-64.321,0,6,0.51173,1.01,Inf,122.44,0.37629
39.971,49.31,82.006,5,54.735,101.88,85.924,0,11,0.094699,0.018767,Inf,86.075,1.0644
14.769,44.047,86.93,5,49.941,103.68,72.415,0,14,0.0011835,0.03684,Inf,72.508,1.0587
55.934,45.29,-35.781,5,50.569,100.81,107.68,0,15,0.011387,0.0081302,Inf,107.69,1.3629
59.799,22.093,223.34,5,54.736,102.88,91.409,0,21,0.094712,0.028844,Inf,91.577,1.3372
92.614,8.642,145.99,5,52.244,100.96,82.282,0,24,0.044873,0.0095846,Inf,82.319,1.1904
16.171,38.112,216.12,5,39.012,101.87,59.772,0,18,0.21976,0.018685,Inf,60.802,1.276
35.138,40.183,-79.333,5,47.395,103.15,91.212,0,22,0.052091,0.031458,Inf,91.303,1.7847
36.85,43.307,-36.926,5,48.553,100.71,98.545,0,16,0.028946,0.0071499,Inf,98.558,1.3746
35.731,36.231,53.253,5,54.804,102.46,90.52,0,14,0.096081,0.024619,Inf,90.681,1.0712
40.036,42.968,248.23,5,46.819,101.46,66.806,0,18,0.063621,0.014632,Inf,66.898,1.5545
40.862,37.149,108.22,5,54.789,100.06,87.62,0,13,0.095786,0.00060343,Inf,87.751,1.0234
46.564,23.391,260.25,5,54.314,104.05,82.781,0,24,0.086287,0.040458,Inf,82.992,1.5648
82.496,39.445,164.16,5,50.082,104.36,78.579,0,18,0.0016389,0.043554,Inf,78.7,1.3096
76.177,25.771,98.847,5,47.719,102.42,86.089,0,17,0.04562,0.024155,Inf,86.153,1.0799
10.814,8.4042,20.047,5,53.412,104.01,95.766,0,23,0.068231,0.04014,Inf,95.911,1.1543
11.357,11.526,121.95,5,54.159,103.88,82.047,0,21,0.083172,0.038763,Inf,82.243,1.0876
10.871,47.145,208.5,5,-2.0453,52.445,131.15,0,3,1.0409,0.47555,Inf,148.9,0.22809
7.1534,21.47,139.09,5,49.871,101.5,72.294,0,19,0.0025809,0.014973,Inf,72.31,1.0619
42.649,15.554,119.93,5,53.558,103.59,95.256,0,18,0.07115,0.035937,Inf,95.391,1.0618
62.634,49.995,-33.4,5,53.616,100.28,119.16,0,14,0.072311,0.0028067,Inf,119.22,1.3572
77.313,18.582,-72.131,5,46.413,104.86,86.628,0,27,0.07174,0.048603,Inf,86.838,1.572
19.263,45.158,45.283,5,52.912,104.76,78.146,0,14,0.058232,0.04757,Inf,78.345,1.1134
64,22.261,244.86,5,54.616,100.75,92.432,0,23,0.09231,0.0075319,Inf,92.551,1.4559
7.7077,40.085,130.51,5,44.043,102.06,62.044,0,15,0.11913,0.020587,Inf,62.363,1.0227
35.255,20.41,103.93,5,54.372,101.78,93.747,0,17,0.08743,0.01776,Inf,93.866,1.0501
11.779,26.981,161.23,5,47.746,101.77,68.551,0,18,0.045077,0.017651,Inf,68.61,1.092
28.591,26.356,14.272,5,54.171,102.17,94.471,0,17,0.083414,0.021677,Inf,94.588,1.1083
15.538,25.677,170.51,5,48.069,100.28,69.14,0,18,0.038625,0.0028376,Inf,69.167,1.0986
87.014,43.773,-4.9487,5,51.117,102.6,119.27,0,17,0.022341,0.02603,Inf,119.31,1.2627
73.724,24.653,-22.589,5,47.164,100.68,97.271,0,20,0.056721,0.0067512,Inf,97.315,1.2659
48.638,27.102,4.8626,5,47.882,100.32,91.588,0,16,0.042369,0.0032241,Inf,91.613,1.0972
69.376,20.656,-24.462,5,46.975,104.12,92.225,0,21,0.060491,0.041197,Inf,92.366,1.2856
29.259,15.809,255.52,5,52.219,100.46,76.606,0,25,0.044385,0.0046302,Inf,76.639,1.4416
79.265,33.291,268.38,5,64.665,-2.872,223.11,0,8,0.29329,1.0287,Inf,246.12,0.54911
19.77,32.984,129.23,5,51.05,103.93,74.363,0,16,0.021002,0.039293,Inf,74.475,1.0882
22.772,13.443,233.26,5,51.061,100.33,74.384,0,24,0.021229,0.003316,Inf,74.392,1.3225
78.594,9.3065,173.04,5,53.99,100.24,86.866,0,23,0.079797,0.0024021,Inf,86.958,1.2093
77.67,13.462,-64.373,5,46.607,103.17,85.658,0,27,0.067857,0.031719,Inf,85.783,1.4859
78.277,20.925,25.251,5,47.002,102.63,91.978,0,19,0.05997,0.026277,Inf,92.065,1.1312
84.583,9.3786,85.41,5,48.538,101.13,83.18,0,21,0.029237,0.011264,Inf,83.2,1.0825
43.825,9.3654,77.815,5,51.812,102.94,94.277,0,19,0.036244,0.029382,Inf,94.34,1.0457
8.3807,21.265,67.119,5,54.031,102.09,81.517,0,19,0.080629,0.020945,Inf,81.643,1.0667
36.541,13.002,116.79,5,53.579,104.51,95.614,0,19,0.07157,0.045083,Inf,95.787,1.0791
10.087,20.407,101.94,5,53.284,102.71,79.098,0,19,0.065681,0.027133,Inf,79.213,1.0669
48.243,49.755,145.65,5,51.824,102.22,77.805,0,11,0.036484,0.02223,Inf,77.858,1.094
78.152,40.315,-37.67,5,49.514,102.3,110.18,0,19,0.0097255,0.022998,Inf,110.21,1.4396
67.722,31.988,263.57,5,54.72,100.87,91.57,0,24,0.094395,0.0086904,Inf,91.696,1.7074
70.574,21.413,-73.76,5,46.465,101.75,90.325,0,25,0.070702,0.017465,Inf,90.411,1.5387
65.061,41.215,159.76,5,48.926,102.73,79.925,0,14,0.021482,0.027329,Inf,79.979,1.1535
91.361,17.757,124.47,5,48.936,101.8,81.271,0,21,0.021271,0.017979,Inf,81.298,1.1406
14.318,25.77,-7.6359,5,53.029,104.13,96.199,0,21,0.060587,0.041313,Inf,96.335,1.2749
13.696,10.801,155.93,5,52.915,101.45,78.155,0,21,0.058309,0.014498,Inf,78.223,1.0903
59.106,14.629,71.678,5,49.667,102.96,84.305,0,18,0.0066552,0.029631,Inf,84.358,1.0483
34.413,26.265,-0.0086576,5,52.275,102.52,96.648,0,17,0.045508,0.025181,Inf,96.707,1.1279
15.592,39.282,-41.354,5,49.681,102.39,94.715,0,22,0.0063704,0.023895,Inf,94.746,1.5762
80.965,21.895,60.051,5,47.057,100.54,90.54,0,18,0.058867,0.0054155,Inf,90.589,1.0712
86.173,9.5388,259.82,5,81.075,-4.533,245.49,0,3,0.6215,1.0453,Inf,268.62,0.15396
60.723,49.145,47.561,5,48.718,101.17,100.47,0,11,0.025646,0.011739,Inf,100.48,1.0582
31.932,8.761,197.3,5,54.272,102.58,82.572,0,22,0.085449,0.025752,Inf,82.723,1.1827
19.727,13.849,-61.118,5,32.516,-1.3913,-41.352,0,4,0.34968,1.0139,Inf,110.89,0.21902
86.475,22.201,130.66,5,49.088,103.95,81.447,0,20,0.018249,0.039535,Inf,81.548,1.1638
50.621,29.049,20.527,5,48.303,100.05,92.543,0,15,0.033948,0.00051093,Inf,92.559,1.057
90.839,28.885,37.544,5,46.634,103.66,96.266,0,19,0.067312,0.036601,Inf,96.394,1.1584
76.357,37.203,11.965,5,48.895,102.55,103.91,0,16,0.022094,0.025549,Inf,103.94,1.1747
27.462,39.762,180.91,5,46.184,102.23,65.582,0,15,0.076318,0.022349,Inf,65.731,1.1661
68.372,13.143,151.98,5,52.117,104.11,83.355,0,20,0.04234,0.041088,Inf,83.483,1.1264
24.218,30.151,197.19,5,47.541,101.33,68.17,0,18,0.049183,0.013284,Inf,68.227,1.2088
27.056,21.23,266.42,5,50.69,100.29,73.72,0,25,0.013802,0.0029483,Inf,73.724,1.5236
31.765,13.945,77.502,5,53.532,104.12,95.662,0,19,0.070648,0.041169,Inf,95.816,1.08
57.891,33.512,-43.959,5,48.26,100.64,100.11,0,18,0.034794,0.006441,Inf,100.12,1.3442
37.7,8.1278,41.09,5,51.809,104.63,94.898,0,20,0.036187,0.046263,Inf,95.028,1.0788
70.982,28.611,255.36,5,54.332,101.59,93.884,0,25,0.086639,0.015944,Inf,93.997,1.6799
72.405,12.607,212,5,54,104.33,93.811,0,24,0.080003,0.04326,Inf,93.996,1.3301
70.372,40.032,140.93,5,47.557,101.88,85.334,0,14,0.048857,0.018803,Inf,85.39,1.1053
89.971,37.928,195.61,5,52.174,102.22,80.032,0,21,0.043486,0.022214,Inf,80.092,1.4222
47.876,32.965,207.86,5,53.444,101.73,79.545,0,17,0.068876,0.017262,Inf,79.638,1.2674
34.565,45.921,51.371,5,54.501,101.83,83.843,0,12,0.090013,0.018289,Inf,83.984,1.0669
14.515,12.225,153.19,5,53.293,103.53,79.122,0,21,0.06586,0.035303,Inf,79.27,1.109
62.583,22.501,220.38,5,54.616,103.83,92.367,0,21,0.092317,0.038293,Inf,92.561,1.3373
41.753,45.539,-41.597,5,48.652,101.88,100.61,0,16,0.02697,0.018771,Inf,100.64,1.4524
86.868,27.907,25.743,5,46.777,103.85,96.089,0,19,0.064455,0.038533,Inf,96.22,1.1732
52.798,15.39,27.598,5,48.661,102.11,86.404,0,18,0.026778,0.021091,Inf,86.44,1.0631
66.291,42.898,70.628,5,47.522,103.85,94.642,0,13,0.049564,0.03854,Inf,94.753,1.0946
7.868,29.226,15.938,5,54.854,102.06,88.07,0,19,0.09708,0.020634,Inf,88.228,1.1534
36.662,26.19,174.56,5,53.833,102.82,80.776,0,17,0.076651,0.028244,Inf,80.916,1.1333
15.905,23.446,-45.113,5,49.212,103.48,88.356,0,26,0.015756,0.034782,Inf,88.428,1.5513
11.931,9.2857,58.982,5,54.829,101.36,90.047,0,21,0.096573,0.013551,Inf,90.187,1.0673
32.503,36.534,-55.457,5,47.617,102.16,91.828,0,20,0.047664,0.021647,Inf,91.884,1.519
91.662,14.985,177.53,5,53.976,102.01,86.121,0,25,0.079522,0.020137,Inf,86.236,1.3203
28.092,15.582,120.28,5,54.845,104.64,89.614,0,19,0.096893,0.046397,Inf,89.865,1.0893
7.1,39.571,59.942,5,49.584,100.15,71.8,0,15,0.0083124,0.0015222,Inf,71.801,1.012
54.78,36.328,20.437,5,47.788,101.76,94.689,0,14,0.044235,0.01763,Inf,94.731,1.0963
44.28,36.391,254.93,5,50.542,101.02,73.458,0,20,0.010832,0.010246,Inf,73.467,1.5658
87.055,15.425,-71.932,5,104.41,12.047,27.213,0,4,1.0881,0.87953,Inf,106.94,0.2166
92.358,48.51,-16.066,5,101.36,52.206,35.738,0,2,1.0271,0.47794,Inf,78.734,0.14998
85.379,37.757,199.03,5,52.259,100.21,79.892,0,20,0.045179,0.0020927,Inf,79.924,1.3967
87.259,30.326,188.32,5,53.221,104.17,82.505,0,22,0.064416,0.041678,Inf,82.673,1.3922
13.421,26.589,157.64,5,48.955,102.39,70.709,0,18,0.020895,0.023927,Inf,70.757,1.0973
86.261,21.198,183.94,5,53.747,102,84.565,0,23,0.074943,0.019984,Inf,84.671,1.3257
62.768,45.104,-53.425,5,50.781,101.41,109.78,0,17,0.015626,0.014146,Inf,109.79,1.5081
78.584,21.382,159.79,5,51.904,101.42,81.399,0,20,0.038085,0.014165,Inf,81.433,1.1954
75.658,15.205,150.19,5,51.43,100.78,81.977,0,20,0.028609,0.0077871,Inf,81.993,1.1288
34.23,34.763,94.107,5,54.815,100.85,86.935,0,14,0.096293,0.008548,Inf,87.072,1.043
22.309,40.946,40.162,5,53.733,101.47,80.439,0,14,0.074667,0.014674,Inf,80.538,1.0732
81.369,9.7058,166.96,5,53.964,104.51,87.229,0,24,0.079276,0.045146,Inf,87.435,1.2554
84.675,23.658,96.238,5,47.251,100.09,86.661,0,18,0.054989,0.0009006,Inf,86.704,1.0734
62.04,18.27,170.02,5,53.885,103.83,85.796,0,19,0.077703,0.038303,Inf,85.969,1.15
62.495,8.1379,144.65,5,52.544,102.99,84.586,0,20,0.050886,0.029886,Inf,84.677,1.0787
72.552,38.122,266.62,5,54.235,103.64,94.239,0,27,0.084704,0.036421,Inf,94.405,2.0498
42.955,9.3312,206.6,5,54.842,103.75,89.707,0,22,0.096835,0.037539,Inf,89.916,1.2096
29.724,9.35,12.845,5,52.504,100.67,95.735,0,20,0.050074,0.0067187,Inf,95.77,1.0765
47.425,17.211,30.766,5,49.681,104.6,90.965,0,18,0.0063735,0.045956,Inf,91.082,1.0866
43.798,11.117,197.73,5,54.797,103.24,90.63,0,21,0.095943,0.032434,Inf,90.815,1.1785
36.339,38.045,-30.052,5,48.302,103.59,94.856,0,17,0.033958,0.035925,Inf,94.939,1.3398
75.498,43.267,18.079,5,50.801,100.75,109.62,0,14,0.016013,0.0075369,Inf,109.63,1.1254
72.261,40.583,-16.762,5,50.642,100.16,110.25,0,16,0.012843,0.0015859,Inf,110.25,1.2608
71.7,42.855,130,5,47.165,100.23,89.981,0,13,0.056709,0.0022601,Inf,90.026,1.0634
63.986,45.031,75.42,5,47.601,101.88,94.651,0,12,0.047989,0.01879,Inf,94.7,1.0578
81.516,25.985,70.412,5,47.11,104.69,89.343,0,18,0.057801,0.046909,Inf,89.513,1.1188
16.958,36.621,70.778,5,52.583,101.43,77.385,0,15,0.051656,0.014283,Inf,77.441,1.0493
31.893,49.6,195.08,5,41.428,101.3,60.328,0,13,0.17144,0.012974,Inf,60.947,1.2137
72.609,21.693,38.515,5,47.256,103.47,90.006,0,18,0.054877,0.034675,Inf,90.114,1.1042
48.852,33.824,84.404,5,53.018,103.62,91.38,0,14,0.060365,0.036167,Inf,91.502,1.0576
30.12,30.813,-6.8438,5,52.814,102.99,97.003,0,17,0.05627,0.02992,Inf,97.09,1.1808
32.714,16.911,14.102,5,53.123,100.17,95.918,0,18,0.06247,0.001698,Inf,95.969,1.0605
50.021,19.05,49.241,5,49.869,102.65,91.563,0,17,0.0026239,0.026454,Inf,91.601,1.05
27.428,45.179,143.35,5,48.462,103.41,69.843,0,13,0.030762,0.034123,Inf,69.943,1.0964
48.66,27.251,-46.818,5,47.316,102.47,92.105,0,20,0.053672,0.02466,Inf,92.177,1.3744
46.839,36.623,-81.736,5,47.328,103.36,93.249,0,22,0.053436,0.033622,Inf,93.348,1.7335
19.236,11.872,143.68,5,53.871,101.14,80.912,0,20,0.077419,0.011404,Inf,81.013,1.0713
52.346,23.122,105.98,5,51.799,102.64,85.31,0,16,0.035975,0.026443,Inf,85.37,1.0401
58.963,30.901,156.77,5,51.181,100.54,80.532,0,15,0.023629,0.0054388,Inf,80.542,1.0764
85.372,36.125,-76.544,5,102.4,31.244,21.822,0,4,1.048,0.68756,Inf,89.158,0.27392
51.009,8.4014,155.54,5,53.876,104.71,93.674,0,20,0.07752,0.047108,Inf,93.872,1.0917
32.332,47.746,11.655,5,54.717,100.59,85.439,0,12,0.094331,0.0058775,Inf,85.571,1.0877
68.401,31.478,58.562,5,47.331,101.33,92.483,0,15,0.053376,0.01333,Inf,92.531,1.0571
67.64,13.505,-15.428,5,47.159,101.43,89.722,0,21,0.056818,0.014282,Inf,89.778,1.1895
76.775,12.316,26.867,5,47.209,100.24,88.456,0,20,0.05582,0.0024183,Inf,88.5,1.0907
33.752,26.26,-52.555,5,47.965,104.34,86.932,0,22,0.040699,0.04344,Inf,87.064,1.4568
44.272,26.369,242.07,5,52.883,101.79,78.076,0,21,0.057653,0.017886,Inf,78.15,1.4217
10.538,24.143,-25.121,5,51.603,100.65,95.79,0,23,0.032067,0.006488,Inf,95.805,1.3449
43.345,14.871,42.732,5,51.475,102.69,94.565,0,18,0.029503,0.026886,Inf,94.615,1.054
56.071,8.5901,123.14,5,52.436,101.94,85.213,0,19,0.048728,0.019376,Inf,85.27,1.037
70.495,31.992,41.107,5,47.693,100,96.837,0,15,0.046141,4.9179e-05,Inf,96.865,1.0559
23.79,23.578,40.336,5,54.685,104.8,91.893,0,18,0.093696,0.048038,Inf,92.137,1.114
58.972,16.992,-55.085,5,47.298,104.14,88.399,0,23,0.054035,0.041377,Inf,88.537,1.3774
47.179,10.116,15.134,5,49.091,100.54,87.926,0,19,0.01818,0.0053869,Inf,87.932,1.0564
62.79,45.233,269.53,5,54.515,103.83,83.934,0,22,0.09029,0.038319,Inf,84.143,1.9559
74.546,33.088,61.619,5,47.511,100.47,95.776,0,15,0.049787,0.0046614,Inf,95.81,1.0523
16.188,29.796,94.727,5,53.29,104.79,79.113,0,17,0.065794,0.047912,Inf,79.327,1.0908
38.278,10.14,66.35,5,52.195,101.94,95.443,0,19,0.043895,0.019405,Inf,95.488,1.0483
39.077,19.317,118.55,5,54.177,101.5,94.436,0,17,0.08354,0.014994,Inf,94.54,1.044
87.89,24.176,262.34,5,75.504,-2.8475,234.55,0,6,0.51008,1.0285,Inf,257.38,0.35393
21.53,49.462,255.78,5,-0.28026,53.12,106.58,0,6,1.0056,0.4688,Inf,126.83,0.51719
42.07,26.792,232.26,5,52.292,101.77,76.757,0,20,0.045835,0.017702,Inf,76.811,1.358
14.096,16.727,-32.532,5,49.948,100.73,91.728,0,25,0.0010462,0.0072686,Inf,91.731,1.3784
70.623,8.8436,227.31,5,53.437,100.86,95.505,0,25,0.068739,0.0085901,Inf,95.571,1.3375
53.561,15.379,94.86,5,51.624,100.27,88.221,0,17,0.032482,0.0027033,Inf,88.237,1.0036
81.184,11.797,-88.916,5,100.83,5.8536,34.17,0,5,1.0167,0.94146,Inf,112.32,0.26723
14.671,38.859,118.05,5,48.794,103.42,70.427,0,15,0.024123,0.034168,Inf,70.521,1.0621
7.2318,41.813,-18.972,5,54.179,104.63,95.237,0,20,0.083579,0.046256,Inf,95.441,1.3848
54.845,26.965,117.09,5,50.667,100.82,83.416,0,15,0.013345,0.0081753,Inf,83.423,1.0247
49.92,12.648,96.837,5,52.796,102.51,89.044,0,18,0.055918,0.025075,Inf,89.123,1.0303
86.464,15.169,-65.507,5,104.05,13.892,34.561,0,4,1.081,0.86108,Inf,107.38,0.2166
17.881,17.184,-36.638,5,49.451,101.49,89.592,0,25,0.010988,0.014902,Inf,89.606,1.4072
58.013,48.482,22.253,5,48.904,103.79,101.43,0,12,0.021913,0.037921,Inf,101.51,1.1508
74.759,21.248,216.26,5,54.475,102.9,91.402,0,23,0.089509,0.02903,Inf,91.558,1.3931
16.577,28.474,-87.987,5,25.225,-0.021565,-62.996,0,6,0.49551,1.0002,Inf,120.77,0.37999
58.265,8.3375,226.67,5,53.771,102.96,95.358,0,24,0.075428,0.029615,Inf,95.478,1.3039
79.163,37.59,126.16,5,47.038,100.55,88.305,0,15,0.059236,0.0054831,Inf,88.356,1.0887
78.575,14.951,268.6,5,74.646,-4.5955,252.47,0,4,0.49291,1.046,Inf,274.39,0.22291
61.864,24.272,208.64,5,54.813,100.48,89.056,0,19,0.096262,0.0048494,Inf,89.188,1.2394
49.231,42.584,-39.747,5,49.043,101,102.6,0,16,0.019137,0.010045,Inf,102.61,1.3932
69.219,43.386,-8.0272,5,50.576,103.01,108.6,0,15,0.011525,0.030093,Inf,108.64,1.2544
10.592,48.868,78.49,5,47.139,101.9,67.416,0,13,0.057214,0.019007,Inf,67.504,1.0069
79.704,32.312,28.129,5,47.585,103.58,98.493,0,17,0.048307,0.03579,Inf,98.588,1.1499
30.99,34.295,130.94,5,53.677,103.94,80.256,0,15,0.073547,0.039435,Inf,80.437,1.0965
91.619,39.508,89.476,5,46.857,101.21,97.249,0,16,0.062852,0.012142,Inf,97.307,1.0895
15.895,23.709,-68.918,5,38.313,-2.0764,-25.18,0,7,0.23374,1.0208,Inf,105.78,0.41883
51.019,16.786,140.24,5,54.003,104.69,87.974,0,18,0.080055,0.046861,Inf,88.189,1.0815
8.0149,15.944,-75.625,5,17.179,-1.7194,-54.926,0,4,0.65642,1.0172,Inf,120.17,0.21286
9.2065,12.088,4.0358,5,53.084,101.29,95.915,0,23,0.061672,0.012851,Inf,95.974,1.1866
57.128,33.143,54.965,5,48.123,101.46,90.649,0,14,0.037541,0.014625,Inf,90.681,1.0411
55.885,37.135,164.55,5,52.125,101.68,79.888,0,14,0.0425,0.016839,Inf,79.934,1.1087
14.88,38.986,-84.738,5,40.595,-1.2901,-21.894,0,10,0.18811,1.0129,Inf,104.06,0.71023
78.972,32.123,134.29,5,48.093,103.93,83.218,0,17,0.038136,0.039269,Inf,83.332,1.1517
43.399,40.965,8.4781,5,51.388,100.27,99.624,0,13,0.027769,0.0026998,Inf,99.634,1.0942
17.366,27.244,132.42,5,51.325,101.94,74.865,0,17,0.026503,0.019449,Inf,74.902,1.066
50.125,48.748,187.8,5,52.251,103.7,76.673,0,13,0.045027,0.037034,Inf,76.796,1.2682
83.596,28.335,228.43,5,54.329,104.39,92.709,0,26,0.086584,0.043855,Inf,92.913,1.6425
48.242,17.474,191.83,5,54.83,101.18,90.022,0,19,0.096596,0.011809,Inf,90.159,1.1509
50.606,22.353,243.43,5,54.478,100.62,83.7,0,22,0.089559,0.0062301,Inf,83.822,1.4166
86.679,40.328,-79.988,5,103.39,34.378,17.928,0,4,1.0677,0.65622,Inf,86.474,0.28554
14.685,30.265,202.24,5,43.782,102.07,61.76,0,19,0.12436,0.020748,Inf,62.107,1.2153
41.987,30.509,87.499,5,53.958,103.79,94.421,0,15,0.079161,0.037885,Inf,94.58,1.0722
43.56,35.26,262.5,5,50.994,101.47,74.262,0,21,0.019883,0.014732,Inf,74.284,1.6139
57.193,35.673,142.65,5,49.954,102.81,81.377,0,14,0.00092113,0.028093,Inf,81.426,1.0814
26.09,14.299,180.46,5,52.805,100.29,77.893,0,20,0.05611,0.0028895,Inf,77.944,1.1239
69.208,49.486,7.2436,5,51.896,103.48,112.19,0,13,0.037929,0.034758,Inf,112.26,1.2028
65.489,44.56,107.32,5,47.352,100.51,90.439,0,12,0.052954,0.0050765,Inf,90.479,1.0423
53.459,14.597,73.493,5,50.215,104.08,89.053,0,18,0.0043027,0.040758,Inf,89.146,1.053
65.93,38.004,14.796,5,48.202,104.59,99.53,0,15,0.035956,0.045942,Inf,99.652,1.1717
61.239,43.309,85.288,5,47.648,101.16,90.811,0,12,0.047042,0.011622,Inf,90.849,1.0382
88.207,41.891,152.44,5,47.421,101.1,79.866,0,17,0.051586,0.010981,Inf,79.915,1.2222
64.4,22.692,-73.659,5,46.832,102.94,90.54,0,24,0.063358,0.029449,Inf,90.644,1.526
32.188,42.73,70.395,5,54.52,103,83.973,0,13,0.090409,0.030006,Inf,84.148,1.0838
27.739,16.686,179.72,5,53.25,103.55,79.006,0,20,0.065,0.035523,Inf,79.153,1.1596
18.72,45.85,259.63,5,-1.5544,43.398,135.3,0,5,1.0311,0.56602,Inf,155.46,0.39978
81.184,12.75,33.87,5,47.313,103.84,86.535,0,21,0.053734,0.038381,Inf,86.661,1.1332
28.685,31.229,36.581,5,54.811,104.58,90.398,0,16,0.096222,0.045819,Inf,90.642,1.1111
15.678,40.436,116.61,5,47.676,100.67,68.421,0,14,0.046484,0.0066981,Inf,68.463,1.0183
46.553,33.462,-87.897,5,47.272,101.48,91.52,0,23,0.054562,0.014833,Inf,91.572,1.726
30.917,10.937,-13.503,5,50.278,101.39,92.729,0,21,0.0055642,0.013851,Inf,92.74,1.1528
62.725,18.041,129.59,5,50.92,104.15,83.141,0,18,0.01839,0.041465,Inf,83.25,1.0851
25.495,43.852,154.12,5,45.871,100.64,64.979,0,13,0.08257,0.0064115,Inf,65.113,1.061
52.144,46.883,-78.206,5,49.041,102.15,103.12,0,19,0.019175,0.021527,Inf,103.15,1.787
58.206,24.501,-9.666,5,47.314,103.16,92.072,0,18,0.053712,0.031591,Inf,92.165,1.1851
79.059,9.4973,150.47,5,52.43,101.95,83.211,0,22,0.048597,0.019514,Inf,83.269,1.1572
70.668,16.317,30.656,5,47.446,103.15,87.885,0,19,0.051077,0.03145,Inf,87.978,1.1021
49.837,16.848,263.94,5,54.854,104.2,89.203,0,26,0.097086,0.041983,Inf,89.433,1.5634
24.662,33.517,-3.9189,5,53.926,101.92,95.693,0,17,0.078515,0.019184,Inf,95.793,1.1947
22.886,7.5042,259.84,5,10.985,-0.13065,188.62,0,3,0.78029,1.0013,Inf,217.09,0.15562
30.516,33.716,106.72,5,54.468,103.77,83.636,0,15,0.089352,0.037685,Inf,83.84,1.0856
81.129,28.638,151.47,5,50.257,104.03,80.259,0,19,0.005147,0.04028,Inf,80.361,1.2202
7.8888,19.965,-44.463,5,49.733,103.41,89.623,0,28,0.0053398,0.034074,Inf,89.688,1.548
62.459,16.162,-9.9604,5,47.356,103.49,88.863,0,20,0.05288,0.034949,Inf,88.971,1.1798
74.025,33.208,146.99,5,48.453,101.19,81.901,0,16,0.030931,0.011937,Inf,81.925,1.127
32.367,31.172,266.44,5,49.901,102.72,72.346,0,23,0.0019754,0.027178,Inf,72.398,1.6186
9.5214,41.331,246.2,5,-3.9007,37.067,172.83,0,3,1.078,0.62933,Inf,191.67,0.21044
19.865,8.7729,94.828,5,54.847,100.24,89.541,0,20,0.096935,0.0024326,Inf,89.672,1.0408
39.573,32.043,29.457,5,53.572,103.6,95.845,0,15,0.07144,0.035969,Inf,95.979,1.0909
87.337,14.222,79.505,5,47.993,104.06,83.684,0,21,0.040145,0.040624,Inf,83.807,1.1224
71.104,26.153,156.2,5,50.889,104.14,81.2,0,18,0.017772,0.04144,Inf,81.311,1.1718
32.419,15.745,113.41,5,54.61,101.22,92.472,0,18,0.092195,0.012242,Inf,92.595,1.0457
57.956,19.054,-51.425,5,47.226,103.02,89.907,0,22,0.055483,0.030203,Inf,90,1.3524
78.863,38.051,165.82,5,49.782,101.08,78.499,0,17,0.0043551,0.010815,Inf,78.507,1.2437
15.699,12.71,147.37,5,53.028,100.2,78.433,0,20,0.060568,0.0019847,Inf,78.492,1.0662
49.987,47.04,-13.865,5,49.885,100.08,104.83,0,13,0.0022943,0.00083947,Inf,104.83,1.2273
82.854,23.288,-54.536,5,100.28,25.494,46.468,0,4,1.0057,0.74506,Inf,101.19,0.23966
19.868,38.629,255.45,5,-0.49577,37.708,130.78,0,5,1.0099,0.62292,Inf,153.4,0.36566
73.196,32.795,126.59,5,48.019,104.56,84.821,0,16,0.039618,0.045597,Inf,84.966,1.1252
46.044,33.085,225.3,5,51.979,100.63,76.117,0,18,0.039581,0.0062743,Inf,76.145,1.3427
38.557,27.562,20.323,5,52.933,103.11,96.332,0,16,0.05866,0.031106,Inf,96.427,1.0909
21.869,27.165,44.942,5,54.842,102.85,87.588,0,17,0.096842,0.028516,Inf,87.768,1.0886
31.586,10.998,128.78,5,54.687,100.86,91.877,0,19,0.093732,0.0085762,Inf,92,1.0453
44.573,24.289,238.88,5,53.188,101.06,78.841,0,21,0.063754,0.010554,Inf,78.912,1.3833
78.692,11.124,-52.79,5,46.469,100.6,86.695,0,26,0.070611,0.0059914,Inf,86.769,1.392
58.654,36.941,242.81,5,54.382,103.46,83.141,0,20,0.087649,0.034627,Inf,83.328,1.5711
40.971,31.012,-64.258,5,47.347,100.64,91.426,0,21,0.053051,0.006351,Inf,91.467,1.5091
46.935,39.553,221.07,5,51.676,103.72,75.524,0,17,0.033513,0.037248,Inf,75.634,1.4044
31.386,24.066,-55.321,5,48.242,103.72,86.117,0,23,0.035168,0.037167,Inf,86.215,1.4709
87.098,34.595,259.67,5,61.787,-0.77143,204.31,0,9,0.23574,1.0077,Inf,228.11,0.59846
72.721,9.107,119.65,5,50.323,101.45,82.851,0,20,0.0064685,0.014451,Inf,82.864,1.0674
76.855,28.371,158.85,5,50.478,100.42,79.967,0,18,0.0095621,0.0042449,Inf,79.97,1.1765
86.678,43.705,-40.142,5,100.46,46.103,36.11,0,3,1.0093,0.53897,Inf,82.192,0.22325
66.201,48.4,51.297,5,48.668,103.83,101.14,0,12,0.026649,0.03829,Inf,101.22,1.1094
45.715,10.211,138.77,5,53.619,102.77,94.975,0,19,0.072378,0.027685,Inf,95.084,1.0568
7.839,14.103,144.14,5,52.161,103.68,76.486,0,21,0.043224,0.036801,Inf,76.605,1.0973
76.157,36.304,176.75,5,51.698,103.96,79.72,0,18,0.033965,0.039563,Inf,79.837,1.307
12.979,22.715,134.34,5,51.091,100.43,74.436,0,18,0.021811,0.004344,Inf,74.446,1.0502
42.145,30.764,246.88,5,52.024,104.38,76.208,0,21,0.040484,0.043802,Inf,76.36,1.5069
18.057,23,18.738,5,54.415,102.33,93.558,0,19,0.088296,0.023338,Inf,93.691,1.1396
71.557,19.438,230.47,5,54.055,103.32,94.49,0,24,0.081105,0.033199,Inf,94.635,1.4389
43.79,19.24,56.549,5,52.041,102.44,95.294,0,17,0.040817,0.024386,Inf,95.348,1.0494
64.377,21.631,-6.7111,5,47.241,104.04,91.681,0,19,0.055175,0.040373,Inf,91.811,1.1923
19.826,31.47,-73.589,5,49.483,103.46,84.04,0,30,0.010335,0.034631,Inf,84.113,2.0032
77.811,29.646,248.85,5,53.568,104.83,95.511,0,28,0.071364,0.048331,Inf,95.7,1.8506
54.6,14.11,47.35,5,49.174,102.39,86.364,0,18,0.016515,0.023915,Inf,86.401,1.0464
92.182,15.393,124.24,5,49.579,103.81,81.089,0,22,0.0084237,0.038098,Inf,81.179,1.1635
71.346,8.398,-20.479,5,47.236,101.89,86.916,0,23,0.055288,0.018931,Inf,86.98,1.2227
54.606,10.469,-2.1428,5,48.118,101.34,85.413,0,20,0.037643,0.013391,Inf,85.444,1.1155
12.657,43.375,246.28,5,-0.75605,39.082,172.95,0,3,1.0151,0.60918,Inf,190.26,0.22114
32.81,19.159,261.81,5,52.741,102.62,77.744,0,25,0.054829,0.026244,Inf,77.837,1.5124
56.575,33.346,-22.579,5,47.812,103.28,97.398,0,17,0.043755,0.032801,Inf,97.478,1.2691
45.137,10.785,-9.8308,5,48.487,100.15,85.747,0,20,0.030254,0.0014671,Inf,85.76,1.1192
74.893,49.484,186.12,5,49.278,101.82,76.573,0,15,0.014447,0.018223,Inf,76.598,1.3318
41.671,47.299,126.62,5,53.594,100,80.209,0,11,0.071875,2.7455e-05,Inf,80.289,1.0308
90.231,16.573,26.286,5,46.345,100.12,90.801,0,21,0.0731,0.0012062,Inf,90.875,1.1337
60.006,27.706,-78.863,5,47.033,103.38,92.68,0,23,0.059335,0.033759,Inf,92.789,1.5757
28.409,24.259,206.79,5,50.762,103.55,73.847,0,20,0.015238,0.035467,Inf,73.936,1.2697
12.938,29.475,137.2,5,49.441,102.19,71.553,0,17,0.011175,0.021912,Inf,71.588,1.0669
66.191,44.524,-65.228,5,49.629,102.62,107.65,0,19,0.007424,0.026207,Inf,107.69,1.6439
22.737,27.769,168.03,5,49.486,100.49,71.63,0,17,0.010282,0.0048576,Inf,71.633,1.101
10.255,21.265,155.55,5,49.422,100.96,71.519,0,19,0.011561,0.0095505,Inf,71.528,1.0771
59.484,15.163,-19.498,5,47.332,100.73,89.337,0,20,0.053354,0.0073433,Inf,89.38,1.1714
59.882,32.37,228.3,5,54.634,100.89,84.813,0,19,0.092682,0.0089142,Inf,84.944,1.39
70.102,27.282,92.499,5,47.808,101.88,86.177,0,16,0.043841,0.018791,Inf,86.225,1.0604
7.3075,30.76,194.74,5,-1.5994,34.671,142.89,0,2,1.032,0.65329,Inf,165.38,0.12293
74.304,23.272,44.043,5,47.239,104.73,89.941,0,18,0.055211,0.047282,Inf,90.108,1.1182
22.151,29.309,-15.888,5,52.275,100.78,97.036,0,19,0.045495,0.0077998,Inf,97.065,1.2503
71.258,7.3475,112.89,5,50.382,100.7,82.937,0,20,0.0076397,0.0070094,Inf,82.941,1.052
27.737,35.29,-38.194,5,48.909,100.57,94.534,0,19,0.021819,0.0056829,Inf,94.542,1.3882
18.03,16.438,7.0609,5,53.11,102.48,95.923,0,21,0.062192,0.024793,Inf,96.005,1.1736
88.996,13.839,-59.25,5,102.84,11.33,14.784,0,3,1.0568,0.8867,Inf,104.27,0.15861
16.925,15.923,257.27,5,-0.030292,10.757,159.24,0,4,1.0006,0.89243,Inf,189.28,0.22136
79.496,47.696,219.01,5,52.943,101.17,79.819,0,19,0.058865,0.011739,Inf,79.882,1.5821
35.117,41.777,-55.957,5,47.644,103.61,94.307,0,19,0.047123,0.036122,Inf,94.406,1.5808
88.412,30.521,109.29,5,47.042,103.41,86.003,0,18,0.059158,0.034127,Inf,86.122,1.1336
15.613,32.325,118.29,5,50.548,102.03,73.47,0,16,0.010964,0.020315,Inf,73.5,1.0539
53.82,42.904,33.334,5,48.951,100.2,97.863,0,12,0.020983,0.0020428,Inf,97.869,1.0485
42.754,24.466,138.71,5,54.688,101.65,91.626,0,16,0.093768,0.016511,Inf,91.76,1.0543
31.946,39.147,64.904,5,54.797,104.3,86.619,0,14,0.095934,0.043023,Inf,86.858,1.1028
83.565,41.091,99.554,5,47.013,103.13,94.005,0,15,0.059732,0.031307,Inf,94.104,1.1062
43.513,44.799,126.22,5,54.03,102.85,82.486,0,12,0.080599,0.028542,Inf,82.634,1.0795
54.409,19.167,-20.53,5,47.483,104.75,88.181,0,20,0.05033,0.047535,Inf,88.345,1.2353
31.349,44.811,260.32,5,42.599,100.03,60.851,0,19,0.14803,0.00030079,Inf,61.3,1.6307
84.336,9.5857,117.26,5,50.299,104.56,82.117,0,22,0.0059709,0.045586,Inf,82.244,1.1374
77.194,11.817,216.34,5,53.648,104.97,94.623,0,26,0.072961,0.049701,Inf,94.824,1.4087
88.347,26.097,131.35,5,48.101,101.38,81.968,0,19,0.037983,0.013815,Inf,82.001,1.141
38.093,22.988,189.22,5,53.66,101.73,80.199,0,18,0.073196,0.017343,Inf,80.302,1.1549
26.619,25.316,-86.845,5,45.254,-1.3751,-18.163,0,7,0.094929,1.0138,Inf,103.1,0.44724
43.863,9.4679,159.21,5,53.587,104.71,95.601,0,20,0.071733,0.047091,Inf,95.785,1.1021
73.515,29.789,-2.7249,5,47.705,102.94,98.949,0,18,0.045901,0.029398,Inf,99.019,1.2155
19.938,35.118,-76.594,5,49.231,102.62,84.206,0,30,0.015387,0.026227,Inf,84.25,2.0977
53.369,40.299,232.87,5,52.98,103.29,78.312,0,18,0.059591,0.032941,Inf,78.437,1.5051
65.632,10.918,175.78,5,54.128,103.37,88.218,0,21,0.082561,0.033665,Inf,88.378,1.161
16.953,13.777,-25.492,5,50.272,100.16,92.659,0,24,0.0054354,0.0016329,Inf,92.66,1.2996
85.502,21.438,244.38,5,65.457,-0.36909,211.4,0,6,0.30914,1.0037,Inf,234.52,0.34798
42.498,44.8,240.92,5,47.075,101.78,67.294,0,17,0.058504,0.017826,Inf,67.381,1.5258
24.437,32.607,99.392,5,53.33,100.9,79.225,0,15,0.066606,0.0090408,Inf,79.3,1.0405
65.187,39.675,5.3578,5,48.61,104.77,101.31,0,15,0.0278,0.047681,Inf,101.43,1.2056
64.958,24.273,223.58,5,54.681,103.35,91.732,0,21,0.093626,0.033543,Inf,91.912,1.3603
16.797,44.625,183.16,5,39.927,103.73,59.866,0,15,0.20147,0.037343,Inf,60.823,1.1616
48.732,35.294,-5.9234,5,47.884,100.67,95.835,0,15,0.042321,0.0066995,Inf,95.86,1.1589
76.653,46.681,-34.291,5,52.29,101.62,123.32,0,17,0.045793,0.016165,Inf,123.36,1.426
73.539,41.881,-37.386,5,50.022,102.19,110.21,0,18,0.00044704,0.021893,Inf,110.24,1.4353
49.529,11.763,218.02,5,54.792,101.52,90.705,0,22,0.095844,0.015232,Inf,90.845,1.2466
50.368,49.489,72.83,5,53.165,103.98,95.999,0,11,0.063291,0.039844,Inf,96.134,1.0888
65.7,16.935,94.969,5,49.644,103.01,83.188,0,18,0.0071131,0.030107,Inf,83.243,1.0646
29.061,17.296,119.93,5,54.853,101.66,87.999,0,18,0.097055,0.016636,Inf,88.148,1.0549
39.325,12.12,-56.068,5,48.509,100.41,84.483,0,24,0.029815,0.0040675,Inf,84.497,1.3555
77.03,35.779,100.5,5,47.181,101.91,90.717,0,15,0.056371,0.01905,Inf,90.781,1.0764
47.424,41.962,224.89,5,51.282,104.56,74.785,0,17,0.025634,0.045602,Inf,74.935,1.4631
86.089,18.739,227.42,5,53.778,102.91,94.37,0,28,0.075566,0.029135,Inf,94.491,1.5745
12.013,8.7266,70.623,5,54.85,101.19,89.416,0,21,0.096999,0.011928,Inf,89.556,1.0621
38.694,19.291,208.94,5,53.579,102.27,79.947,0,20,0.071578,0.02268,Inf,80.059,1.227
81.974,39.349,121.23,5,46.842,100.84,90.063,0,15,0.063159,0.0084216,Inf,90.122,1.0939
63.342,19.251,212.25,5,54.461,103.65,93.029,0,21,0.089213,0.036459,Inf,93.207,1.2829
34.966,23.971,28.395,5,53.58,104.29,95.61,0,17,0.071603,0.042914,Inf,95.774,1.0968
12.69,42.962,234.2,5,-1.3082,41.75,159.59,0,3,1.0262,0.5825,Inf,177.47,0.22008
71.415,10.886,178.71,5,54.132,102.82,88.006,0,22,0.082649,0.028166,Inf,88.148,1.2002
69.553,39.931,267.51,5,54.824,102.03,90.136,0,24,0.096476,0.020347,Inf,90.288,1.8996
17.443,48.649,232.51,5,-1.3039,56.296,106.52,0,5,1.0261,0.43704,Inf,126.05,0.41117
43.854,17.5,79.638,5,52.713,101.18,95.028,0,17,0.054255,0.011767,Inf,95.074,1.0275
78.567,23.388,4.3412,5,47.101,100.22,96.438,0,19,0.057972,0.0022153,Inf,96.482,1.1619
15.689,21.308,223.51,5,-0.83749,27.067,121.28,0,4,1.0167,0.72933,Inf,150.37,0.23297
80.204,31.101,184.09,5,52.806,102.94,81.507,0,20,0.056123,0.029361,Inf,81.608,1.3293
40.013,49.406,73.142,5,54.802,101.86,86.742,0,11,0.096047,0.018552,Inf,86.895,1.0665
52.651,37.408,-26.598,5,48.437,101,100.31,0,16,0.031254,0.0099618,Inf,100.32,1.277
17.476,15.149,249.85,5,-2.7756,16.484,124.11,0,5,1.0555,0.83516,Inf,158.63,0.27512
62.434,37.225,-78.519,5,47.882,101.64,100.34,0,21,0.042361,0.016382,Inf,100.37,1.6408
25.473,12.601,-78.874,5,30.975,-1.2916,-61.964,0,3,0.38049,1.0129,Inf,120.26,0.16524
82.675,39.835,180.78,5,50.683,100.04,78.102,0,18,0.013651,0.00037337,Inf,78.105,1.3145
62.803,23.817,186.39,5,54.203,100.79,85.272,0,18,0.084063,0.0079284,Inf,85.379,1.165
37.462,43.031,93.082,5,54.645,100.01,84.906,0,12,0.092897,0.000125,Inf,85.033,1.0286
40.457,28.913,181.66,5,53.608,100.08,80.038,0,16,0.072167,0.00076786,Inf,80.119,1.1154
69.045,13.684,227.62,5,53.756,102.86,95.168,0,24,0.075124,0.028551,Inf,95.285,1.3576
49.18,21.716,166.3,5,54.736,101.29,90.714,0,17,0.094722,0.012907,Inf,90.846,1.0857
41.01,36.12,-46.272,5,47.445,104.99,92.829,0,19,0.051099,0.049883,Inf,92.998,1.4726
20.798,9.3495,46.402,5,53.904,104.61,95.123,0,21,0.078072,0.046106,Inf,95.314,1.1025
62.515,28.834,23.27,5,47.355,102.95,92.376,0,16,0.05291,0.029457,Inf,92.461,1.1071
69.75,18.221,-14.643,5,47.053,104.97,90.478,0,21,0.05894,0.04974,Inf,90.663,1.2481
89.003,44.401,223.69,5,53.923,103.58,83.441,0,23,0.078468,0.035763,Inf,83.61,1.6933
21.996,36.025,179.38,5,45.916,101.62,65.064,0,16,0.081688,0.016211,Inf,65.212,1.1455
33.743,45.018,227,5,42.887,100.77,61.026,0,16,0.14225,0.0076654,Inf,61.444,1.3953
9.5289,15.979,152.46,5,50.851,100.55,74.006,0,20,0.017023,0.0054749,Inf,74.013,1.0723
53.121,30.821,100.77,5,50.966,100.57,86.453,0,14,0.019328,0.0056897,Inf,86.461,1.0108
75.44,19.918,26.462,5,47.127,103.6,90.582,0,19,0.057467,0.036045,Inf,90.699,1.1306
78.64,11.452,25.288,5,47.317,102.92,86.909,0,21,0.053662,0.029183,Inf,86.999,1.1283
78.342,38.728,31.184,5,49.003,101.45,104,0,15,0.019934,0.014472,Inf,104.02,1.111
52.059,32.001,265.67,5,54.13,102.69,81.922,0,23,0.082598,0.026877,Inf,82.07,1.6904
36.569,31.765,16.625,5,53.887,101.53,95.481,0,15,0.077747,0.015346,Inf,95.572,1.0784
79.591,21.226,180.68,5,53.819,104.38,85.095,0,22,0.076381,0.043846,Inf,85.293,1.3072
38.533,16.312,236.33,5,53.782,103.53,80.601,0,23,0.075635,0.035332,Inf,80.767,1.3614
80.553,46.419,-8.4449,5,51.628,103.57,117.94,0,16,0.032565,0.035684,Inf,118.01,1.297
14.681,17.025,167.51,5,51.029,101.42,74.326,0,20,0.020583,0.014225,Inf,74.346,1.1089
73.038,33.065,-53.755,5,47.599,101.09,101.89,0,21,0.048027,0.010911,Inf,101.93,1.4833
65.621,7.2021,140.71,5,51.889,101.29,83.771,0,20,0.03777,0.012922,Inf,83.802,1.0627
27.327,47.515,266.69,5,41.497,103.41,60.342,0,20,0.17006,0.034138,Inf,61.034,1.7491
91.758,12.237,55.458,5,47.24,103.03,84.558,0,22,0.0552,0.030325,Inf,84.658,1.1318
21.431,7.1182,75.347,5,54.193,103.8,94.396,0,21,0.083863,0.038044,Inf,94.566,1.0805
43.917,16.961,115.05,5,54.068,100.44,93.426,0,17,0.081358,0.004391,Inf,93.515,1.0209
68.536,43.476,-20.107,5,50.193,104.46,107.8,0,16,0.0038509,0.044553,Inf,107.89,1.3449
25.086,35.082,-11.42,5,53.356,101.28,97.204,0,17,0.06712,0.012804,Inf,97.27,1.2224
70.808,30.31,-46.625,5,47.177,103.28,98.247,0,21,0.056456,0.032801,Inf,98.343,1.4437
25.755,13.143,120.88,5,54.829,101.41,87.234,0,19,0.096577,0.014138,Inf,87.379,1.0535
49.776,38.725,224.25,5,52.063,101.15,76.286,0,17,0.041267,0.011452,Inf,76.323,1.3872
18.906,36.455,-36.97,5,49.791,101.55,95.023,0,21,0.0041825,0.015455,Inf,95.035,1.4842
30.758,31.493,171.13,5,50.865,101.9,74.031,0,16,0.017303,0.018961,Inf,74.06,1.1243
48.395,16.975,265.16,5,54.856,104.18,88.19,0,26,0.097119,0.041819,Inf,88.423,1.5655
8.0436,31.427,123.56,5,48.737,102.93,70.328,0,17,0.025259,0.029326,Inf,70.4,1.0573
30.562,11.182,30.535,5,52.84,104.97,95.892,0,20,0.056809,0.049671,Inf,96.062,1.0999
29.507,47.033,144.09,5,47.971,101.04,68.962,0,12,0.040588,0.010393,Inf,68.999,1.0565
60.99,24.339,155.83,5,51.982,103.23,82.126,0,17,0.039639,0.032338,Inf,82.214,1.1118
28.395,11.512,20.011,5,52.858,102.97,95.896,0,20,0.057157,0.029736,Inf,95.984,1.0979
17.433,43.015,-42.171,5,49.641,102.26,95.675,0,21,0.0071796,0.022608,Inf,95.702,1.5998
7.8219,7.1483,83.251,5,54.849,103.18,87.817,0,22,0.096973,0.031818,Inf,88.008,1.0786
90.037,9.4659,223.69,5,73.035,-0.93585,205.41,0,4,0.4607,1.0094,Inf,230.03,0.20204
29.997,37.836,105.06,5,53.841,102.79,80.804,0,14,0.076813,0.027921,Inf,80.944,1.0719
35.612,38.953,265.32,5,48.219,102.78,69.41,0,21,0.035629,0.027754,Inf,69.488,1.6741
73.016,27.579,141.08,5,49.045,102.51,82.324,0,17,0.019109,0.025101,Inf,82.368,1.1186
14.291,10.472,165,5,52.317,100.01,76.811,0,21,0.046349,0.00012178,Inf,76.846,1.0894
18.942,25.363,35.426,5,54.844,103.48,89.621,0,18,0.096889,0.034816,Inf,89.82,1.1133
89.334,49.541,-62.911,5,102.98,46.097,10.741,0,3,1.0597,0.53903,Inf,76.342,0.23445
75.098,33.402,-50.037,5,47.573,101.73,102.27,0,21,0.048535,0.017275,Inf,102.32,1.4753
41.97,47.909,114.44,5,53.878,101.02,81.573,0,11,0.077565,0.010236,Inf,81.672,1.0435
52.674,25.231,-0.24544,5,47.454,101.8,90.455,0,17,0.050912,0.017958,Inf,90.509,1.1361
26.356,33.857,-50.659,5,48.098,103.83,89.505,0,22,0.038047,0.038259,Inf,89.607,1.566
80.067,22.51,35.649,5,46.986,104.58,91.005,0,19,0.060283,0.045785,Inf,91.17,1.1429
57.212,30.286,189.16,5,54.691,103.87,86.572,0,17,0.093828,0.038659,Inf,86.785,1.2128
47.447,28.031,-31.972,5,47.367,104.44,90.918,0,19,0.052661,0.044422,Inf,91.064,1.3192
41.889,15.399,156.36,5,54.528,100.86,92.987,0,18,0.090553,0.0085597,Inf,93.101,1.059
83.543,26.141,161.16,5,51.463,101.03,80.309,0,20,0.029258,0.010304,Inf,80.329,1.2328
26.493,27.625,130.7,5,53.056,100.86,78.503,0,16,0.061129,0.0085642,Inf,78.567,1.0513
18.821,40.951,93.331,5,50.912,102.33,74.114,0,14,0.018232,0.023251,Inf,74.156,1.0483
22.239,17.931,118.73,5,54.126,100.01,81.904,0,18,0.082511,0.00011644,Inf,82.008,1.0388
59.664,23.175,55.907,5,48.131,100.86,86.472,0,16,0.037372,0.0086352,Inf,86.497,1.0332
24.978,49.513,117.67,5,48.456,103.32,69.833,0,12,0.030876,0.033174,Inf,69.929,1.0648
54.207,34.67,144.48,5,51.04,102.28,80.856,0,14,0.020801,0.022809,Inf,80.894,1.0693
7.0387,13.804,121.65,5,53.333,104.37,79.233,0,21,0.06667,0.043663,Inf,79.424,1.0902
37.409,35.736,-68.148,5,47.388,101.63,91.85,0,21,0.052231,0.016329,Inf,91.902,1.6034
8.7701,26.065,-42.483,5,49.789,102.22,91.794,0,26,0.004213,0.022153,Inf,91.821,1.5357
76.772,19.225,240.28,5,53.526,100.8,95.485,0,27,0.070527,0.0080084,Inf,95.553,1.5864
68.419,13.408,210.07,5,54.373,100.65,92.382,0,22,0.087451,0.0065236,Inf,92.488,1.2425
32.621,46.565,101.44,5,53.286,102.32,79.102,0,12,0.065711,0.023169,Inf,79.204,1.0678
49.27,7.8091,-2.9228,5,49.029,103.9,84.109,0,21,0.019414,0.039044,Inf,84.205,1.1389
65.854,31.029,21.406,5,47.469,103.69,94.849,0,16,0.050612,0.036899,Inf,94.955,1.1304
65.518,12.173,127.66,5,50.957,102.35,83.186,0,19,0.019148,0.023456,Inf,83.225,1.0652
32.161,8.2771,-56.412,5,49.731,102.97,83.588,0,26,0.0053718,0.029672,Inf,83.641,1.3912
38.926,8.4542,104.5,5,52.788,100.76,95.865,0,19,0.055758,0.0075675,Inf,95.908,1.0302
24.738,45.667,-4.5544,5,54.791,103.98,92.606,0,15,0.095828,0.03983,Inf,92.815,1.2517
80.17,9.037,93.535,5,49.33,103.47,82.838,0,21,0.013406,0.034724,Inf,82.913,1.0956
50.772,39.775,227.83,5,51.881,100.59,75.922,0,17,0.037615,0.00585,Inf,75.948,1.4113
31.588,9.4664,219.8,5,53.516,100.18,79.757,0,23,0.070325,0.0018358,Inf,79.835,1.2448
8.1101,47.871,105.09,5,42.977,101.05,61.086,0,13,0.14046,0.010536,Inf,61.498,0.97197
17.245,44.711,104.24,5,47.865,100.87,68.769,0,13,0.042694,0.0087484,Inf,68.808,1.0115
67.246,38.169,120.94,5,47.745,103.09,86.346,0,14,0.04511,0.030947,Inf,86.431,1.0905
14.187,27.439,171.87,5,47.273,101.39,67.668,0,18,0.054545,0.013876,Inf,67.737,1.1122
39.659,11.845,245.85,5,54.136,100.3,81.95,0,24,0.082726,0.0030069,Inf,82.055,1.352
15.439,7.3858,32.488,5,53.728,103.25,95.424,0,22,0.074562,0.032452,Inf,95.552,1.1128
22.524,36.745,134.63,5,50.205,103.57,72.872,0,15,0.0041085,0.035695,Inf,72.96,1.0875
57.188,45.101,23.157,5,48.78,100.67,100.74,0,12,0.024399,0.0067002,Inf,100.75,1.0837
42.895,21.135,105.26,5,53.76,104.69,94.357,0,17,0.075192,0.046875,Inf,94.548,1.0734
11.012,32.519,81.366,5,51.551,100.15,75.286,0,16,0.031016,0.0014526,Inf,75.302,1.0265
17.732,32.202,-23.407,5,51.851,100.56,97.101,0,20,0.037018,0.0055651,Inf,97.12,1.3318
69.472,44.341,227.73,5,54.028,102.95,81.944,0,18,0.080554,0.029541,Inf,82.096,1.5263
84.572,7.2209,68.417,5,48.529,103.72,83.149,0,22,0.029428,0.03722,Inf,83.245,1.111
75.038,46.689,138.91,5,46.787,100.65,89.564,0,13,0.064257,0.0064602,Inf,89.624,1.1036
8.4171,14.479,185.27,5,-1.1687,24.663,107.57,0,3,1.0234,0.75337,Inf,140.94,0.15774
39.067,42.703,257.54,5,47.014,101.67,67.178,0,19,0.05972,0.016735,Inf,67.266,1.6286
73.866,13.823,204.83,5,54.365,101.61,91.095,0,23,0.08731,0.016113,Inf,91.214,1.2861
39.159,17.024,-21.8,5,48.346,101.61,87.516,0,20,0.03308,0.016081,Inf,87.546,1.195
46.164,38.747,-58.414,5,47.764,103.09,96.971,0,19,0.04473,0.030907,Inf,97.046,1.5479
91.897,37.954,244.53,5,54.292,102.6,92.949,0,29,0.085831,0.026029,Inf,93.085,1.9368
42.527,11.6,127.68,5,53.183,104.32,95.696,0,19,0.063655,0.043202,Inf,95.846,1.0708
45.471,35.175,12.742,5,50.1,100.27,97.156,0,14,0.0019946,0.0026524,Inf,97.156,1.0772
7.9554,23.106,75.276,5,53.8,104.03,80.663,0,19,0.075997,0.04025,Inf,80.852,1.084
26.666,33.932,150.11,5,50.28,100.92,73.001,0,15,0.0055946,0.0092016,Inf,73.007,1.0704
26.975,37.624,96.376,5,53.365,101.75,79.322,0,14,0.067305,0.017451,Inf,79.412,1.0528
27.3,47.583,155.92,5,44.622,100.12,62.803,0,12,0.10756,0.0012318,Inf,63.033,1.0504
66.823,48.556,86.038,5,47.521,104.47,94.667,0,12,0.049583,0.044721,Inf,94.805,1.1085
15.978,46.76,133.86,5,43.928,102.1,61.915,0,13,0.12143,0.020964,Inf,62.247,1.0288
9.3879,26.671,164.94,5,45.952,100.18,65.133,0,18,0.080967,0.001831,Inf,65.259,1.0737
11.161,15.443,242.75,5,-2.498,12.043,169.07,0,3,1.05,0.87957,Inf,197.68,0.1612
72.873,11.29,77.205,5,49.038,104.76,83.412,0,20,0.019233,0.047582,Inf,83.553,1.0916
48.188,25.196,-75.231,5,47.317,100.97,89.56,0,23,0.053659,0.0097296,Inf,89.606,1.5369
78.413,19.824,139.82,5,49.792,100.81,81.59,0,19,0.0041531,0.0080544,Inf,81.594,1.1168
87.137,29.147,117.47,5,47.311,102.27,84.847,0,18,0.053785,0.022674,Inf,84.92,1.1251
13.736,32.116,159.86,5,47.125,103.03,67.389,0,17,0.057497,0.030333,Inf,67.519,1.1044
43.168,16.972,260.11,5,54.505,104.13,83.869,0,25,0.090092,0.041277,Inf,84.092,1.5004
75.85,26.205,-30.093,5,46.895,102.72,97.112,0,21,0.062098,0.027174,Inf,97.2,1.3429
75.263,9.4183,-10.899,5,47.182,103.61,86.551,0,23,0.056369,0.036121,Inf,86.673,1.2229
51.178,36.644,31.056,5,48.972,103.96,94.402,0,14,0.020563,0.039561,Inf,94.49,1.1047
87.599,31.402,56.614,5,47.113,100.33,97.486,0,17,0.057742,0.0033303,Inf,97.53,1.0866
59.297,34.499,-82.767,5,47.336,103.62,96.222,0,22,0.053274,0.036236,Inf,96.327,1.6627
64.245,21.173,191.78,5,54.419,101.31,87.003,0,19,0.088383,0.013073,Inf,87.125,1.186
87.363,32.869,78.882,5,46.806,102.74,93.307,0,17,0.063888,0.027412,Inf,93.402,1.1064
92.916,21.197,160.38,5,52.472,102.65,81.663,0,23,0.049444,0.026472,Inf,81.744,1.2816
31.853,26.161,18.662,5,53.91,104.6,95.11,0,17,0.078199,0.046037,Inf,95.301,1.1179
42.373,16.254,23.288,5,50.807,102.58,94.016,0,18,0.016147,0.025836,Inf,94.055,1.0702
88.125,17.07,-31.128,5,101.29,21.73,46.026,0,3,1.0258,0.7827,Inf,104.29,0.16434
42.718,23.916,130.93,5,54.561,101.58,92.37,0,16,0.091214,0.015795,Inf,92.496,1.0467
11.032,28.701,261.7,5,-0.68872,20.855,189.3,0,3,1.0138,0.79145,Inf,211.34,0.18461
26.926,35.098,199.78,5,46.501,101.77,66.195,0,17,0.069987,0.017705,Inf,66.311,1.234
68.868,12.926,209.55,5,54.075,104.92,93.661,0,23,0.08149,0.049158,Inf,93.879,1.2908
86.604,8.3783,136.39,5,51.534,103.62,82.23,0,23,0.030672,0.036204,Inf,82.324,1.1656
64.11,8.5749,-82.793,5,48.213,104.63,83.3,0,28,0.035746,0.046284,Inf,83.448,1.5134
15.738,43.117,60.664,5,51.409,102.17,75.02,0,14,0.028176,0.021726,Inf,75.065,1.0541
48.334,32.098,28.732,5,49.706,104.29,94.4,0,15,0.0058863,0.042889,Inf,94.498,1.1042
69.115,8.2469,-31.706,5,47.454,103.94,85.841,0,24,0.050917,0.039424,Inf,85.97,1.2804
12.902,35.095,221.65,5,-0.95257,37.117,145.56,0,3,1.0191,0.62883,Inf,166.55,0.20064
81.041,27.333,-81.398,5,101.24,24.192,42.695,0,5,1.0248,0.75808,Inf,100.97,0.31638
75.715,32.958,6.3484,5,48.19,102.29,101.31,0,17,0.036207,0.022887,Inf,101.35,1.1838
11.355,28.791,-19.281,5,52.377,104.53,96.375,0,22,0.047542,0.045336,Inf,96.51,1.3577
64.062,22.414,78.327,5,48.687,104.22,84.258,0,17,0.026251,0.042244,Inf,84.374,1.078
13.37,23.019,234.44,5,-0.6229,21.739,159.89,0,3,1.0125,0.78261,Inf,185.08,0.17595
47.91,43.046,215.24,5,51.597,104.33,75.374,0,16,0.031941,0.043317,Inf,75.515,1.4037
13.728,44.101,238.23,5,-0.15382,41.836,164.16,0,3,1.0031,0.58164,Inf,181.24,0.2251
12.097,28.392,212.75,5,-1.2142,32.646,135.84,0,3,1.0243,0.67354,Inf,160.03,0.18514
87.474,35.195,128.46,5,46.895,101.73,85.523,0,17,0.062102,0.017321,Inf,85.597,1.1355
22.993,40.976,-30.335,5,51.109,100.39,98.416,0,18,0.022172,0.0039065,Inf,98.423,1.3866
22.184,37.568,-12.759,5,53.769,100.52,96.856,0,17,0.075377,0.0052092,Inf,96.93,1.2436
60.228,22.9,28.369,5,47.632,103.35,87.729,0,17,0.047357,0.033523,Inf,87.825,1.0929
66.427,49.4,165.73,5,48.039,103.98,79.136,0,13,0.039227,0.039789,Inf,79.26,1.2218
32.621,46.346,151.12,5,49.112,100.59,70.982,0,12,0.017757,0.0059173,Inf,70.99,1.0639
23.487,10.227,196.33,5,52.752,100.65,77.768,0,22,0.05504,0.0064938,Inf,77.82,1.1751
14.386,26.208,139.87,5,51.064,104.09,74.388,0,18,0.021278,0.040903,Inf,74.508,1.0984
91.999,45.91,52.548,5,49.765,101.69,110.56,0,15,0.0047069,0.016924,Inf,110.57,1.0952
19.085,45.065,28.017,5,53.651,102.07,80.172,0,14,0.073027,0.020653,Inf,80.282,1.1105
64.989,19.702,236.45,5,54.325,102.42,93.929,0,23,0.086492,0.024213,Inf,94.06,1.4078
51.707,46.423,68.125,5,52.181,100.73,97.716,0,11,0.043624,0.0073479,Inf,97.743,1.026
44.219,16.468,177.92,5,54.704,103.61,91.719,0,19,0.094082,0.036094,Inf,91.911,1.1346
76.518,47.872,145.78,5,46.83,104.2,85.419,0,14,0.06341,0.04201,Inf,85.581,1.1969
48.223,8.1284,-54.688,5,48.726,104.6,83.86,0,25,0.02548,0.046021,Inf,83.995,1.3603
16.942,14.447,-10.232,5,51.577,103.77,94.961,0,23,0.031535,0.037679,Inf,95.049,1.2538
24.066,36.484,171.93,5,47.901,104.24,68.835,0,16,0.041974,0.042361,Inf,68.997,1.1661
45.309,41.348,-33.234,5,48.29,102.1,99.197,0,16,0.034206,0.021023,Inf,99.235,1.3596
11.472,8.0043,137.08,5,54.215,104.57,82.299,0,22,0.084295,0.045693,Inf,82.533,1.1029
62.049,41.052,139.38,5,48.166,101.91,83.773,0,13,0.036679,0.019059,Inf,83.815,1.0803
60.187,8.0653,189.71,5,54.139,100.58,93.574,0,21,0.082789,0.0058102,Inf,93.667,1.1352
42.632,14.961,258.53,5,54.508,102.99,83.894,0,25,0.090169,0.029891,Inf,84.068,1.4644
56.182,37.25,-25.207,5,48.602,101.35,101.14,0,16,0.027967,0.013507,Inf,101.16,1.2688
7.5787,30.504,242,5,-1.232,26.28,193.32,0,2,1.0246,0.7372,Inf,213.15,0.12282
21.206,29.843,-45.67,5,48.619,100.76,90.142,0,23,0.027624,0.00762,Inf,90.156,1.5164
46.155,10.87,229.91,5,54.833,101.24,87.323,0,23,0.09665,0.012359,Inf,87.465,1.289
27.571,40.999,159.73,5,47.926,102.44,68.881,0,14,0.041471,0.024439,Inf,68.956,1.109
52.856,31.999,195.85,5,54.715,104.38,85.57,0,17,0.094293,0.043823,Inf,85.812,1.2489
75.206,35.711,173.66,5,50.804,100.19,78.847,0,17,0.016086,0.0019331,Inf,78.852,1.2309
23.196,30.4,45.473,5,54.723,101.76,85.653,0,16,0.094457,0.017649,Inf,85.801,1.0726
60.201,17.144,244.56,5,54.419,102.19,93.541,0,24,0.088371,0.02189,Inf,93.671,1.4374
56.917,40.358,25.462,5,48.037,101.23,97.054,0,13,0.039269,0.012348,Inf,97.081,1.0826
71.162,29.806,66.991,5,47.304,103.86,90.15,0,16,0.053928,0.038576,Inf,90.273,1.0912
63.067,46.349,10.879,5,49.818,103.48,105.23,0,13,0.0036429,0.034779,Inf,105.29,1.1771
47.668,11.332,142.32,5,53.891,103.84,93.912,0,19,0.077811,0.038434,Inf,94.071,1.071
78.215,15.673,36.589,5,47.29,104.06,87.68,0,20,0.0542,0.040574,Inf,87.816,1.1246
66.425,18.96,64.133,5,48.304,104.66,84.79,0,18,0.033915,0.046554,Inf,84.935,1.0884
59.449,14.248,-24.866,5,47.443,103.1,88.007,0,21,0.051139,0.031005,Inf,88.099,1.2171
14.131,41.997,98.794,5,48.76,101.67,70.367,0,14,0.024809,0.016697,Inf,70.398,1.0264
13.504,40.411,-50.729,5,48.951,102.48,92.217,0,24,0.020982,0.024757,Inf,92.257,1.7173
44.346,8.9937,21.726,5,49.93,100.31,91.265,0,19,0.0014058,0.0031204,Inf,91.265,1.0419
21.783,48.758,2.7545,5,54.775,101.66,85.789,0,14,0.095506,0.016591,Inf,85.938,1.1966
47.855,20.199,50.253,5,50.612,103.76,93.348,0,17,0.012241,0.037575,Inf,93.425,1.0648
57.955,34.709,160.83,5,51.886,104.04,80.609,0,15,0.037718,0.040372,Inf,80.732,1.1403
74.657,14.304,181.8,5,54.09,102.37,87.003,0,22,0.081809,0.023737,Inf,87.132,1.2336
26.257,36.923,221.8,5,44.124,100.95,62.138,0,18,0.11752,0.0094951,Inf,62.423,1.3354
35.27,18.872,227.32,5,52.914,103.5,78.151,0,22,0.058279,0.034968,Inf,78.284,1.3341
7.6507,15.786,268.91,5,-2.9612,6.4755,196.91,0,3,1.0592,0.93525,Inf,224.34,0.15913
67.291,14.749,-56.431,5,46.865,100.92,88.835,0,24,0.062691,0.0091742,Inf,88.895,1.3795
60.01,13.306,202.24,5,54.197,102.31,94.157,0,21,0.083946,0.023098,Inf,94.279,1.2032
91.095,31.507,84.795,5,46.538,103.67,90.798,0,18,0.069245,0.036684,Inf,90.938,1.1268
35.776,28.023,10.957,5,53.274,101.81,96.304,0,16,0.065487,0.01811,Inf,96.377,1.0904
86.713,44.965,114.09,5,46.676,103.73,93.448,0,15,0.066488,0.037281,Inf,93.581,1.1337
74.971,34.95,154.51,5,48.693,100.2,80.378,0,16,0.026141,0.0020358,Inf,80.389,1.1481
59.649,24.632,58.314,5,48.195,102.41,86.331,0,16,0.036099,0.024088,Inf,86.383,1.0529
22.424,9.959,195.8,5,52.544,100.15,77.3,0,22,0.050887,0.0014778,Inf,77.342,1.1681
63.19,42.158,-3.2788,5,49.923,101.2,105.74,0,14,0.0015317,0.012026,Inf,105.74,1.1799
20.496,17.339,103.17,5,54.74,104.06,85.845,0,19,0.094797,0.04059,Inf,86.071,1.0824
74.218,14.226,124.77,5,49.639,100.43,82.756,0,19,0.0072269,0.0043016,Inf,82.758,1.0659
78.266,48.053,172.62,5,49.243,104.79,77.471,0,16,0.015134,0.04786,Inf,77.622,1.3527
69.361,33.763,229.11,5,54.762,101.8,87.088,0,20,0.095238,0.017997,Inf,87.237,1.4491
45.131,32.551,258.36,5,51.644,100.01,75.463,0,21,0.032875,7.2619e-05,Inf,75.48,1.5527
30.963,27.837,-83.892,5,48.458,102.83,84.817,0,26,0.030848,0.028342,Inf,84.878,1.7419
69.757,20.754,-34.257,5,46.843,104.9,91.527,0,22,0.063139,0.048971,Inf,91.712,1.3469
88.606,14.792,220.54,5,53.927,101.81,93.565,0,28,0.078532,0.018085,Inf,93.665,1.4966
50.741,7.0573,88.234,5,52.092,102.03,90.821,0,19,0.041831,0.020255,Inf,90.867,1.0221
82.803,31.962,267.32,5,71.346,-0.72348,237.76,0,7,0.42691,1.0072,Inf,259.1,0.46338
31.567,10.638,48.892,5,53.448,100.56,95.738,0,19,0.068955,0.0056132,Inf,95.802,1.0412
10.823,41.283,25.223,5,53.724,103.42,80.406,0,16,0.074471,0.034156,Inf,80.564,1.1334
59.827,32.01,175.79,5,53.34,102.57,82.047,0,16,0.066804,0.025711,Inf,82.155,1.1645
28.741,31.243,85.96,5,54.631,100.72,84.792,0,15,0.092626,0.0072169,Inf,84.921,1.0421
70.21,39.153,259.1,5,54.853,101.31,89.156,0,23,0.097055,0.013112,Inf,89.297,1.7936
69.042,28.547,-2.9828,5,47.503,104.51,96.41,0,18,0.049947,0.045072,Inf,96.548,1.2171
81.227,38.612,-5.8152,5,49.753,100.88,109.64,0,17,0.0049499,0.0087794,Inf,109.64,1.2341
31.214,14.031,223.11,5,53.224,103.31,78.938,0,23,0.064487,0.033128,Inf,79.073,1.3069
71.766,44.719,-25.934,5,51.546,101.33,114.11,0,16,0.030926,0.013328,Inf,114.13,1.3465
69.697,49.467,143.44,5,46.885,101.39,89.036,0,12,0.062291,0.013935,Inf,89.101,1.1063
80.715,41.103,96.706,5,47.372,100.19,96.167,0,14,0.052561,0.0019264,Inf,96.203,1.0538
13.636,11.934,-61.795,5,26.384,-3.3887,-44.007,0,4,0.47233,1.0339,Inf,114.82,0.20991
12.267,12.727,-28.025,5,50.3,103.62,91.897,0,26,0.0059954,0.036193,Inf,91.968,1.3673
73.723,22.458,17.443,5,47.258,100.54,94.438,0,18,0.054838,0.0054361,Inf,94.479,1.1099
92.408,26.152,55.012,5,46.431,101.46,93.604,0,19,0.071377,0.014593,Inf,93.684,1.1156
87.727,28.562,16.392,5,47.011,102.06,99.101,0,19,0.059786,0.020606,Inf,99.167,1.1759
33.823,33.593,189.13,5,49.68,101.19,71.965,0,16,0.0063965,0.011889,Inf,71.976,1.1705
31.628,32.752,203.34,5,47.992,100.23,69,0,17,0.040168,0.0023367,Inf,69.029,1.2193
37.673,20.946,-5.6105,5,49.893,101.19,93.722,0,18,0.0021397,0.011866,Inf,93.73,1.1249
28.107,7.8707,42.156,5,53.386,101.23,95.784,0,20,0.067715,0.012274,Inf,95.852,1.056
15.242,29.947,136.64,5,50.325,103.57,73.079,0,17,0.0064925,0.035676,Inf,73.167,1.0869
64.054,39.272,-73.705,5,47.786,104.8,100.27,0,21,0.044279,0.048009,Inf,100.41,1.6845
59.59,29.977,257.67,5,54.853,102.56,88.007,0,23,0.097058,0.025638,Inf,88.178,1.6271
24.446,10.534,-55.483,5,39.875,-1.5623,-21.156,0,4,0.20249,1.0156,Inf,104.24,0.21495
26.86,28.812,193.24,5,49.104,102.03,70.968,0,18,0.017922,0.020258,Inf,71.002,1.2023
43.819,17.878,75.755,5,52.488,101.41,95.202,0,17,0.049769,0.0141,Inf,95.245,1.0321
90.289,25.092,196.13,5,53.894,103.78,85.055,0,24,0.077888,0.037826,Inf,85.228,1.4108
44.965,44.419,127.92,5,53.601,102.64,81.657,0,12,0.072025,0.026355,Inf,81.779,1.0751
8.7117,13.973,22.625,5,54.243,104.3,94.233,0,22,0.084862,0.043023,Inf,94.427,1.1528
12.029,42.438,113.1,5,46.355,101.4,65.913,0,14,0.072897,0.014028,Inf,66.029,1.0151
60.546,28.714,244.89,5,54.857,103.46,88.998,0,22,0.097143,0.03464,Inf,89.198,1.5265
50.056,41.583,-82.815,5,47.71,103.56,97.125,0,21,0.045797,0.035586,Inf,97.217,1.7974
38.454,19.156,-23.352,5,48.323,103,87.767,0,20,0.033533,0.029976,Inf,87.834,1.2245
37.494,12.75,-71.444,5,48.98,101.7,83.714,0,26,0.020403,0.017048,Inf,83.738,1.4749
73.456,25.725,99.955,5,48.03,103.68,85.186,0,17,0.039399,0.036818,Inf,85.289,1.0913
52.113,7.6185,-68.759,5,48.483,102.67,84.097,0,26,0.030332,0.026728,Inf,84.153,1.4068
53.965,15.142,221.92,5,54.681,102.79,91.922,0,22,0.093627,0.027926,Inf,92.084,1.2949
61.964,36.871,83.584,5,47.88,104.47,87.212,0,14,0.042396,0.044688,Inf,87.352,1.0894
72.088,30.868,52.329,5,47.29,103.99,92.748,0,16,0.05421,0.039855,Inf,92.873,1.1023
13.71,43.347,63.526,5,50.639,101.71,73.63,0,14,0.012782,0.01709,Inf,73.652,1.0404
35.533,44.972,238.17,5,44.043,101.61,62.044,0,17,0.11913,0.016059,Inf,62.35,1.4939
21.286,45.636,-86.804,5,48.967,102.94,84.365,0,31,0.020668,0.029396,Inf,84.423,2.5211
64.39,11.152,51.628,5,48.757,102.09,83.999,0,19,0.024858,0.020937,Inf,84.034,1.0555
86.785,34.913,189.51,5,52.655,103.94,81.027,0,21,0.053106,0.039448,Inf,81.166,1.4044
25.515,32.401,233.58,5,45.788,101.06,64.82,0,20,0.084233,0.010572,Inf,64.965,1.3909
15.187,46.7,121.61,5,45.084,102.06,63.537,0,13,0.098322,0.020645,Inf,63.761,1.021
33.341,20.501,45.399,5,54.099,100.96,94.671,0,17,0.081972,0.0096087,Inf,94.764,1.0465
87.573,18.806,29.158,5,46.617,104.78,89.029,0,21,0.067653,0.047801,Inf,89.221,1.1736
23.537,10.448,177.19,5,53.43,101.09,79.506,0,21,0.068606,0.010944,Inf,79.588,1.1244
11.56,10.641,214.84,5,-1.911,14.382,138.1,0,3,1.0382,0.85618,Inf,170.58,0.1542
72.677,12.062,9.7035,5,47.382,104.08,87.384,0,21,0.052363,0.040846,Inf,87.518,1.1562
41.232,35.579,268.77,5,51.245,104.31,74.718,0,22,0.024898,0.043133,Inf,74.852,1.6919
18.8,24.861,8.6305,5,54.073,101.96,94.762,0,19,0.081466,0.019587,Inf,94.87,1.1677
45.572,16.807,-57.558,5,47.751,101.45,86.509,0,23,0.04499,0.014538,Inf,86.55,1.3804
15.609,13.846,249.78,5,-1.8458,11.127,150.48,0,4,1.0369,0.88873,Inf,182.29,0.2156
52.634,18.947,-23.302,5,47.482,103.64,88.289,0,20,0.050354,0.036399,Inf,88.4,1.2331
82.838,39.055,76.669,5,47.545,102.07,97.899,0,15,0.049092,0.020719,Inf,97.952,1.0834
22.253,34.86,211.11,5,44.004,101.36,61.999,0,18,0.11991,0.013648,Inf,62.303,1.2711
68.666,22.736,83.367,5,48.173,102.96,85.042,0,17,0.036533,0.029643,Inf,85.113,1.0694
51.117,45.902,156.89,5,51.967,102.21,78.339,0,12,0.039342,0.022097,Inf,78.394,1.1089
64.185,8.707,-37.149,5,47.36,100.7,87.352,0,23,0.052807,0.0069574,Inf,87.395,1.2447
22.762,37.918,15.461,5,54.845,104.76,89.604,0,16,0.096902,0.04757,Inf,89.861,1.18
22.59,17.073,146.74,5,53.587,102.44,79.971,0,19,0.071736,0.024406,Inf,80.088,1.0877
61.079,47.871,63.659,5,48.21,100.4,97.793,0,11,0.035807,0.0040264,Inf,97.81,1.032
62.259,16.687,71.858,5,49.249,103.97,83.724,0,18,0.015016,0.039663,Inf,83.821,1.0688
44.803,34.099,-61.042,5,47.45,101.79,94.337,0,20,0.051005,0.017946,Inf,94.388,1.5127
31.148,10.431,186.28,5,54.204,102.12,82.248,0,21,0.084071,0.02124,Inf,82.382,1.1472
65.221,26.269,172.28,5,53.02,104.73,82.745,0,18,0.060394,0.047294,Inf,82.935,1.1954
24.404,30.586,54.709,5,54.735,102.94,85.793,0,16,0.094707,0.029406,Inf,85.974,1.0813
89.347,43.544,66.046,5,48.514,101.76,104.59,0,15,0.029713,0.017647,Inf,104.62,1.0899
50.891,12.746,-89.13,5,48.331,101.31,84.364,0,27,0.033378,0.0131,Inf,84.391,1.5471
89.381,12.335,-3.9013,5,46.371,104.07,87.044,0,24,0.07258,0.040682,Inf,87.214,1.2486
72.538,14.352,146.37,5,51.4,103.44,82.59,0,20,0.028007,0.034421,Inf,82.674,1.1291
15.917,36.905,-20.459,5,53.153,100.6,97.471,0,19,0.063051,0.0060489,Inf,97.524,1.3247
64.117,27.479,-50.818,5,47.191,103.71,95.32,0,21,0.056174,0.037085,Inf,95.433,1.4212
15.49,45.284,79.696,5,49.209,100.16,71.15,0,13,0.01583,0.0016469,Inf,71.154,1.0048
29.327,49.928,-23.334,5,53.383,100.08,101.13,0,14,0.067659,0.00077947,Inf,101.19,1.2922
81.849,21.573,-21.04,5,46.38,102.61,94.395,0,22,0.072407,0.0261,Inf,94.5,1.2995
25.808,46.649,179.9,5,43.398,104.27,61.404,0,14,0.13204,0.042678,Inf,61.905,1.195
67.359,37.635,-71.73,5,47.938,101.55,102.16,0,21,0.041241,0.015508,Inf,102.2,1.622
43.888,20.27,92.21,5,53.447,104.26,93.876,0,17,0.068942,0.04261,Inf,94.036,1.063
23.297,44.827,70.654,5,52.31,102.33,76.796,0,13,0.046207,0.023264,Inf,76.866,1.0604
28.747,45.643,19.115,5,54.581,102.3,84.4,0,13,0.091621,0.023047,Inf,84.555,1.1137
62.581,17.423,160.58,5,53.137,104.66,84.294,0,19,0.062731,0.046595,Inf,84.481,1.1373
61.903,49.121,263.05,5,53.581,102.47,79.953,0,20,0.07162,0.024689,Inf,80.071,1.9138
83.847,17.129,-23.683,5,46.175,100.8,92.619,0,23,0.07651,0.0080468,Inf,92.702,1.2847
28.057,30.769,-32.63,5,49.093,104.63,92.695,0,20,0.018134,0.046285,Inf,92.815,1.3769
31.476,43.893,244.11,5,42.988,101.24,61.093,0,18,0.14025,0.012401,Inf,61.507,1.5232
48.71,10.189,241.94,5,54.77,104.57,91.011,0,25,0.095398,0.045651,Inf,91.251,1.3917
70.228,25.621,143.44,5,49.495,102.04,82.176,0,17,0.010109,0.020421,Inf,82.203,1.1027
27.924,38.959,56.918,5,54.358,102.76,83.008,0,14,0.087159,0.027644,Inf,83.169,1.0784
77.948,39.057,64.855,5,47.648,104.76,97.332,0,15,0.047034,0.047596,Inf,97.477,1.1186
53.875,26.399,114.36,5,50.927,100.47,83.613,0,15,0.018537,0.0046503,Inf,83.62,1.0176
8.5747,23.423,-49.781,5,49.466,101.95,88.87,0,28,0.010688,0.019493,Inf,88.893,1.608
56.25,30.586,269.38,5,54.794,102.57,86.578,0,24,0.095884,0.025704,Inf,86.749,1.7218
28.78,40.268,94.812,5,53.929,104.88,81.125,0,14,0.078588,0.04881,Inf,81.367,1.1043
62.819,15.677,13.798,5,47.612,103.22,87.211,0,19,0.04777,0.032157,Inf,87.303,1.1138
51.51,23.279,188.37,5,54.835,102.89,89.839,0,18,0.096704,0.028906,Inf,90.015,1.1729
26.451,19.634,97.123,5,54.853,103.51,89.266,0,18,0.097063,0.035115,Inf,89.467,1.0747
32.128,34.655,123.67,5,54.302,104.86,82.717,0,15,0.086036,0.048571,Inf,82.972,1.1071
53.009,36.333,239.24,5,53.193,101.29,78.854,0,19,0.063851,0.01293,Inf,78.929,1.4905
57.714,45.552,-71.184,5,50.039,100.77,106.87,0,18,0.00077946,0.0077321,Inf,106.88,1.6366
26.32,20.704,126.71,5,54.523,103.97,83.988,0,18,0.090453,0.039676,Inf,84.203,1.0875
51.655,30.26,8.2388,5,47.625,103.91,91.015,0,16,0.047493,0.039138,Inf,91.13,1.1468
60.963,38.19,-85.371,5,48.061,100.33,100.85,0,21,0.038788,0.0032749,Inf,100.87,1.6726
22.66,34.607,-10.173,5,53.253,103.97,96.872,0,18,0.065054,0.039664,Inf,97.008,1.2698
61.098,45.405,56.666,5,47.873,102.7,96.039,0,12,0.042544,0.026966,Inf,96.1,1.077
36.279,43.092,173.36,5,49.419,100.34,71.514,0,13,0.011623,0.0034413,Inf,71.517,1.1104
57.999,23.595,266.24,5,54.784,101.64,90.827,0,25,0.095676,0.016449,Inf,90.967,1.6271
36.39,37.642,-4.3476,5,52.091,103.16,98.369,0,15,0.041814,0.031647,Inf,98.442,1.1751
31.149,41.173,213.74,5,43.923,100.51,61.909,0,16,0.12153,0.0051279,Inf,62.209,1.2951
11.163,16.558,56.802,5,54.81,103.23,86.851,0,20,0.096204,0.03229,Inf,87.044,1.0865
56.151,24.141,-72.223,5,47.174,103.51,90.461,0,23,0.056521,0.03507,Inf,90.573,1.511
11.626,39.034,163.77,5,43.214,104.3,61.258,0,16,0.13571,0.042966,Inf,61.782,1.1105
49.076,42.39,90.903,5,52.458,102.28,87.415,0,12,0.049153,0.02283,Inf,87.479,1.0413
11.498,17.303,42.282,5,54.859,103.03,88.615,0,20,0.097181,0.030294,Inf,88.8,1.0962
86.475,23.638,86.977,5,47.276,104.1,86.123,0,19,0.054478,0.041012,Inf,86.263,1.1226
30.278,17.177,170.16,5,53.794,102.25,80.643,0,19,0.075882,0.022494,Inf,80.763,1.1158
85.104,18.743,-4.6055,5,46.333,103.44,91.8,0,22,0.073342,0.03439,Inf,91.938,1.2427
92.446,9.1907,34.285,5,46.978,102.26,84.743,0,23,0.06044,0.022601,Inf,84.827,1.1472
10.135,8.3888,215.01,5,-3.3475,12.094,138.28,0,3,1.067,0.87906,Inf,172.32,0.15014
92.385,20.112,91.485,5,47.162,101.15,84.844,0,20,0.05675,0.011515,Inf,84.899,1.1058
72.152,18.627,85.298,5,48.299,102.46,84.585,0,18,0.034015,0.0246,Inf,84.638,1.0672
29.706,34.851,68.371,5,54.821,104.36,87.052,0,15,0.09641,0.043643,Inf,87.294,1.0991
17.771,15.522,155.97,5,52.911,102.81,78.145,0,20,0.058229,0.028127,Inf,78.25,1.106
20.608,48.277,-13.213,5,54.571,104.65,95.013,0,16,0.091419,0.046516,Inf,95.237,1.3447
15.682,35.077,127.68,5,49.892,104.54,72.33,0,16,0.0021683,0.045353,Inf,72.472,1.0894
29.953,14.725,200.08,5,52.964,101.78,78.273,0,21,0.059277,0.017793,Inf,78.349,1.1986
62.478,15.612,168.94,5,53.761,101.16,85.394,0,19,0.075224,0.011636,Inf,85.485,1.1136
44.181,38.365,-1.7922,5,49.293,100.21,97.809,0,14,0.014131,0.0021405,Inf,97.812,1.1307
59.664,37.422,-75.063,5,48.34,100.13,101.46,0,20,0.033197,0.0012824,Inf,101.48,1.5793
7.7281,28.184,49.395,5,53.483,103.1,79.66,0,18,0.069667,0.031023,Inf,79.797,1.08
33.947,42.612,112.65,5,53.92,103.57,81.092,0,13,0.07841,0.035742,Inf,81.265,1.0908
54.983,36.524,-13.593,5,47.892,104.24,97.588,0,16,0.04217,0.04244,Inf,97.703,1.2564
21.876,9.1254,127.45,5,54.719,100.7,85.615,0,20,0.094387,0.0069788,Inf,85.748,1.0512
62.081,15.791,-26.655,5,47.269,103.02,89.391,0,21,0.054617,0.0302,Inf,89.483,1.2343
91.46,19.637,54.762,5,46.508,100.64,89.708,0,20,0.069843,0.0064165,Inf,89.778,1.1059
60.023,32.876,222.15,5,54.785,104.14,86.437,0,19,0.095697,0.041414,Inf,86.668,1.3998
71.715,13.816,79.134,5,48.683,102.82,83.886,0,19,0.026332,0.028151,Inf,83.943,1.0689
34.622,39.225,160.6,5,51.698,102.68,75.567,0,14,0.033964,0.026766,Inf,75.633,1.1166
14.615,19.979,188.4,5,49.769,104.73,72.118,0,21,0.004629,0.047312,Inf,72.273,1.2001
28.353,48.507,29.69,5,53.682,101.19,80.271,0,12,0.073647,0.011909,Inf,80.365,1.0742
57.775,29.495,238.14,5,54.802,103.72,86.702,0,21,0.096035,0.03723,Inf,86.915,1.4803
21.773,21.14,217.27,5,49.902,104.1,72.348,0,22,0.0019609,0.040953,Inf,72.464,1.3133
71.386,24.817,-88.633,5,46.358,102.52,90.118,0,26,0.072842,0.025207,Inf,90.226,1.6631
68.713,48.812,105.93,5,47.347,103.62,93.117,0,12,0.053054,0.036179,Inf,93.225,1.1009
55.357,11.679,58.692,5,49.443,100.4,86.353,0,18,0.011142,0.0039862,Inf,86.355,1.0171
14.679,34.571,46.687,5,53.522,102.21,79.774,0,16,0.070436,0.022062,Inf,79.882,1.0759
47.038,48.019,92.508,5,52.357,102.72,84.665,0,11,0.047146,0.027235,Inf,84.741,1.0564
85.196,41.492,-8.8483,5,51.145,100.3,118.63,0,17,0.022897,0.0030254,Inf,118.64,1.2449
91.179,13.877,-34.41,5,100.92,14.363,15.524,0,2,1.0185,0.85637,Inf,100.84,0.10475
43.646,8.0745,-53.606,5,49.003,104.13,83.614,0,25,0.019934,0.041294,Inf,83.722,1.3566
75.918,33.883,-68.08,5,46.896,103.13,100.01,0,23,0.06208,0.03125,Inf,100.11,1.6194
59.664,28.04,-10.315,5,47.568,101.24,95.722,0,17,0.048639,0.012369,Inf,95.761,1.1707
83.433,15.699,-6.9984,5,46.391,100.73,91.538,0,22,0.072187,0.0073121,Inf,91.612,1.2129
20.188,26.787,220.34,5,47.229,103.46,67.586,0,21,0.055413,0.034614,Inf,67.732,1.3283
35.815,33.988,154.94,5,53.684,103.26,80.279,0,15,0.073689,0.032601,Inf,80.429,1.1108
81.478,38.954,235.45,5,54.728,101.41,88.973,0,24,0.094553,0.014129,Inf,89.109,1.7471
61.263,45.63,141.79,5,47.719,101.57,84.233,0,12,0.045615,0.015738,Inf,84.278,1.0806
38.176,28.43,66.664,5,54.185,100.3,94.42,0,15,0.083706,0.0030274,Inf,94.514,1.0339
59.578,27.117,104.91,5,49.359,100.08,83.9,0,15,0.012817,0.00075307,Inf,83.903,1.0203
62.299,21.189,-9.0215,5,47.262,103.85,91.091,0,19,0.054759,0.038505,Inf,91.213,1.191
57.736,33.639,127.71,5,49.466,101.56,83.03,0,14,0.010687,0.015605,Inf,83.046,1.0477
64.344,46.293,58.257,5,48.084,102.59,98.274,0,12,0.038321,0.025897,Inf,98.327,1.0793
11.082,11.611,-63.296,5,20.047,-0.37132,-48.5,0,3,0.59906,1.0037,Inf,115.43,0.15532
52.839,20.63,266.06,5,54.847,100.8,87.747,0,25,0.096937,0.007971,Inf,87.884,1.5739
21.714,38.6,-81.687,5,49.047,102.4,84.271,0,30,0.019065,0.024047,Inf,84.311,2.2189
82.976,14,252.6,5,73.65,-3.6213,235.94,0,4,0.47301,1.0362,Inf,258.77,0.21714
16.658,36.25,121.59,5,49.244,101.49,71.211,0,15,0.015127,0.014881,Inf,71.23,1.0425
90.704,10.792,266.81,5,87.185,-3.7465,251.19,0,3,0.7437,1.0375,Inf,274.3,0.15297
40.454,14.344,0.84481,5,49.513,101.66,91.217,0,19,0.009749,0.01662,Inf,91.233,1.1023
52.855,16.144,-51.761,5,47.641,104.6,86.762,0,23,0.04718,0.046045,Inf,86.916,1.3706
13.225,38.159,23.808,5,54.177,101.13,82.127,0,16,0.083534,0.011252,Inf,82.24,1.1119
68.153,26.43,111.42,5,48.457,101.24,84.305,0,16,0.030852,0.012422,Inf,84.328,1.0557
51.197,45.308,51.183,5,51.121,104.05,97.833,0,12,0.022419,0.040495,Inf,97.924,1.0968
63.805,27.992,-15.6,5,47.573,103.05,96.386,0,18,0.048534,0.030523,Inf,96.465,1.2275
60.109,9.3327,242.86,5,53.922,100.33,95.086,0,25,0.078433,0.0032801,Inf,95.168,1.3702
81.608,36.78,-42.201,5,47.87,104.22,105.38,0,21,0.0426,0.042209,Inf,105.48,1.4855
70.615,14.441,232.76,5,53.537,103.53,95.507,0,25,0.070735,0.035332,Inf,95.638,1.4203
58.395,9.5074,161.38,5,54.009,103.44,88.272,0,20,0.080181,0.034438,Inf,88.43,1.1003
40.145,45.853,-14.45,5,49.773,103.44,99.803,0,14,0.0045443,0.034434,Inf,99.863,1.2719
56.508,8.153,-15.508,5,47.874,100.24,85.955,0,21,0.042523,0.002425,Inf,85.982,1.1403
51.34,18.771,99.422,5,52.348,103.59,87.482,0,17,0.046952,0.03589,Inf,87.587,1.0463
34.914,29.833,268.53,5,50.656,101.56,73.659,0,23,0.013114,0.01561,Inf,73.679,1.6023
90.166,48.067,128.68,5,46.189,102.56,93.151,0,15,0.076215,0.025598,Inf,93.264,1.1424
77.583,32.186,2.5578,5,47.68,104.21,99.798,0,18,0.046404,0.042122,Inf,99.914,1.2294
11.417,14.735,48.644,5,54.846,101.08,87.717,0,20,0.09692,0.010821,Inf,87.858,1.0685
75.038,35.012,198.55,5,53.272,103.63,81.869,0,19,0.06544,0.036285,Inf,82.015,1.3641
31.787,28.584,65.502,5,54.704,103.69,91.72,0,16,0.094081,0.036933,Inf,91.914,1.0855
9.4688,8.319,-76.205,5,13.154,-0.96616,-65.75,0,2,0.73693,1.0097,Inf,126,0.09976
62.818,29.513,8.3454,5,47.608,101.07,95.966,0,16,0.047847,0.010702,Inf,96.002,1.1166
46.695,44.549,269.44,5,49.706,100.72,72.011,0,20,0.0058703,0.0071525,Inf,72.015,1.8002
54.63,13.579,197.77,5,54.5,100.16,93.123,0,20,0.089994,0.0015938,Inf,93.232,1.1555
54.836,36.745,-14.228,5,47.908,104.29,97.684,0,16,0.041836,0.04287,Inf,97.801,1.261
67.707,7.2627,92.648,5,50.41,102.62,83.061,0,20,0.0082041,0.026176,Inf,83.103,1.0592
51.728,35.117,-85.334,5,47.401,101.21,94.921,0,22,0.051975,0.012062,Inf,94.965,1.6948
44.247,40.06,182.17,5,52.707,101.4,77.664,0,14,0.054131,0.014046,Inf,77.724,1.1625
22.347,10.94,140.66,5,54.429,101.76,83.405,0,20,0.088583,0.017595,Inf,83.541,1.0723
77.001,23.537,6.1031,5,47.081,101.89,95.29,0,19,0.058378,0.018929,Inf,95.353,1.1715
87.49,47.598,244.64,5,54.713,101.94,88.788,0,26,0.094258,0.019371,Inf,88.934,2.0176
64.306,47.63,11.357,5,50.058,104.42,106.04,0,13,0.0011537,0.044205,Inf,106.13,1.1973
42.203,41.005,-35.891,5,48.359,100.01,99.209,0,16,0.032818,0.00011429,Inf,99.222,1.3443
53.094,45.872,110.94,5,49.013,100.25,84.628,0,11,0.019745,0.0025403,Inf,84.634,1.0144
55.577,21.569,22.999,5,47.861,102.27,87.407,0,17,0.04277,0.022719,Inf,87.463,1.081
23.391,8.0738,88.878,5,54.572,100.83,92.724,0,20,0.091431,0.0083245,Inf,92.84,1.0449
87.782,43.017,-54.464,5,101.77,41.74,20.132,0,3,1.0355,0.5826,Inf,80.499,0.21939
47.985,30.558,131.39,5,53.93,103.87,85.175,0,15,0.078604,0.038713,Inf,85.353,1.0796
78.194,46.033,155.47,5,47.409,103.18,80.764,0,15,0.051826,0.031813,Inf,80.869,1.2318
50.515,40.841,139.96,5,51.95,103.86,80.369,0,13,0.03899,0.038594,Inf,80.486,1.0987
90.738,29.997,-28.217,5,100.35,31.588,22.328,0,2,1.0071,0.68412,Inf,87.831,0.12347
78.839,43.531,-39.251,5,49.804,104.39,111.8,0,19,0.0039115,0.043919,Inf,111.88,1.4983
16.917,13.863,81.657,5,54.855,103.84,89.186,0,20,0.097092,0.038416,Inf,89.4,1.0838
64.787,37.804,-54.983,5,48.722,101.72,103.61,0,19,0.02555,0.01724,Inf,103.63,1.486
83.704,45.274,44.293,5,50.178,101.26,108.97,0,14,0.003567,0.012603,Inf,108.98,1.0891
24.845,34.487,105.88,5,53.082,102.9,78.569,0,15,0.061646,0.028981,Inf,78.682,1.0687
68.246,17.397,266.13,5,53.072,103.57,95.907,0,28,0.061449,0.035721,Inf,96.023,1.655
73.271,22.619,71.495,5,47.428,100.89,88.163,0,17,0.051449,0.008878,Inf,88.205,1.0519
34.352,12.179,-76.134,5,48.952,-0.2092,-17.054,0,4,0.020959,1.0021,Inf,101.66,0.2242
21.769,21.72,203.96,5,50.296,104.37,73.03,0,21,0.0059272,0.043654,Inf,73.161,1.2618
57.351,40.072,152.96,5,49.684,101.03,79.676,0,13,0.0063181,0.010346,Inf,79.683,1.0766
58.284,31.157,236.33,5,54.616,101.17,84.664,0,20,0.092312,0.011655,Inf,84.798,1.4422
40.248,22.198,165.37,5,54.825,101.21,87.148,0,17,0.0965,0.012082,Inf,87.29,1.084
33.721,27.71,-76.306,5,47.895,101.6,86.424,0,24,0.042108,0.015993,Inf,86.464,1.6194
91.528,21.106,121.7,5,48.071,100.45,82.1,0,20,0.038575,0.0044721,Inf,82.124,1.1216
77.445,30.091,233.93,5,54.611,100.91,91.62,0,24,0.092228,0.0090828,Inf,91.741,1.5978
63.286,19.073,65.875,5,48.323,100.89,85.028,0,17,0.033544,0.0089312,Inf,85.049,1.0365
21.848,9.914,134.01,5,54.575,101.08,84.354,0,20,0.0915,0.010759,Inf,84.485,1.0595
71.722,47.128,178.15,5,49.716,104.19,77.436,0,15,0.0056865,0.041925,Inf,77.55,1.3121
48.849,27.878,-54.331,5,47.294,104.68,90.907,0,21,0.054129,0.046792,Inf,91.067,1.4557
61.444,22.187,-48.906,5,47.18,100.95,93.556,0,21,0.056396,0.0095203,Inf,93.603,1.335
35.736,46.296,-69.76,5,47.993,100.46,97.621,0,19,0.04015,0.0046098,Inf,97.643,1.7097
14.23,17.487,17.778,5,53.916,104.32,95.098,0,21,0.078317,0.043159,Inf,95.276,1.1675
76.035,19.69,-32.827,5,46.496,104.88,90.871,0,23,0.070074,0.0488,Inf,91.07,1.3622
22.19,18.818,250.58,5,50.407,103.18,73.223,0,25,0.0081458,0.031792,Inf,73.293,1.4566
34.733,34.877,2.4803,5,53.58,101.87,96.745,0,15,0.071608,0.018682,Inf,96.83,1.1213
71.114,18.352,-25.814,5,46.885,104.95,90.292,0,22,0.062295,0.049526,Inf,90.481,1.3043
88.834,45.953,-67.673,5,102.14,41.32,5.5575,0,3,1.0427,0.5868,Inf,78.692,0.22539
85.621,10.045,64.458,5,47.691,100.7,84.619,0,21,0.046182,0.0070134,Inf,84.654,1.0853
21.514,46.119,238.1,5,37.712,103.41,59.575,0,18,0.24576,0.034108,Inf,60.924,1.4767
89.243,8.604,115.09,5,49.674,100.2,81.588,0,22,0.0065197,0.002001,Inf,81.589,1.1059
75.847,41.592,151.65,5,47.636,101.91,81.725,0,15,0.04728,0.019061,Inf,81.782,1.1742
49.165,24.528,-29.354,5,47.351,101.95,90.933,0,19,0.052984,0.019527,Inf,90.993,1.2587
25.536,7.9281,222.84,5,53.685,104.77,80.28,0,25,0.073695,0.047708,Inf,80.506,1.3121
84.093,34.729,118.77,5,47.202,104.94,86.009,0,17,0.055967,0.049408,Inf,86.196,1.1543
20.036,28.749,123.42,5,51.556,100.02,75.296,0,16,0.031124,0.00023301,Inf,75.312,1.035
83.108,46.076,-62.289,5,100.72,45.76,37.857,0,4,1.0145,0.5424,Inf,83.354,0.31607
35.277,22.239,-81.344,5,48.614,103.96,84.281,0,26,0.027725,0.039582,Inf,84.385,1.6426
50.495,19.601,-4.8165,5,47.61,100.11,88.513,0,18,0.047791,0.0011116,Inf,88.545,1.1194
78.564,21.992,166.44,5,52.983,104.87,82.983,0,21,0.059651,0.048685,Inf,83.179,1.2639
29.07,37.344,156.39,5,50.634,104.46,73.621,0,15,0.012687,0.044619,Inf,73.759,1.1353
77.197,31.087,-54.109,5,47.13,101.04,101.18,0,22,0.05739,0.010399,Inf,101.23,1.4848
19.261,8.5476,157.38,5,53.901,101.16,81.02,0,21,0.078017,0.01157,Inf,81.122,1.0883
49.004,45.859,143.34,5,52.224,103.54,79.35,0,12,0.044488,0.035396,Inf,79.46,1.108
81.537,24.02,12.603,5,46.978,100.94,96.155,0,19,0.060449,0.0093707,Inf,96.207,1.1548
92.511,38.118,52.019,5,47.493,103.19,101.91,0,17,0.050134,0.031923,Inf,101.99,1.1322
31.832,19.514,-89.325,5,49.373,102.14,83.485,0,28,0.012547,0.021421,Inf,83.514,1.6967
20.801,37.279,218.7,5,41.452,101.11,60.325,0,18,0.17096,0.011059,Inf,60.938,1.3009
37.458,37.523,-30.865,5,48.068,102.88,94.742,0,17,0.03863,0.028817,Inf,94.805,1.3339
25.343,42.648,-57.975,5,47.939,100.02,93.081,0,21,0.041228,0.00017453,Inf,93.103,1.6819
71,18.266,193.31,5,54.295,102.67,87.475,0,21,0.085908,0.026746,Inf,87.621,1.2442
15.51,8.1961,-86.638,5,17.317,-1.6311,-77.284,0,2,0.65366,1.0163,Inf,131.79,0.10197
89.115,33.422,156.81,5,50.374,104.9,79.261,0,20,0.0074731,0.049047,Inf,79.414,1.295
16.991,21.859,-84.614,5,24.641,-1.812,-64.07,0,5,0.50718,1.0181,Inf,122.94,0.29472
20.892,13.592,21.583,5,53.753,100.38,95.385,0,20,0.075064,0.0038137,Inf,95.46,1.0967
32.51,9.359,-58.495,5,49.648,103.1,83.552,0,26,0.007041,0.031043,Inf,83.61,1.4083
44.627,12.414,-39.202,5,48.043,100.43,85.632,0,22,0.03914,0.004341,Inf,85.656,1.2536
60.073,45.33,123.07,5,47.914,102.73,85.945,0,12,0.041722,0.027308,Inf,86.014,1.0793
22.862,47.084,243.95,5,37.447,102.44,59.426,0,18,0.25105,0.024351,Inf,60.786,1.5134
44.455,44.78,-67.316,5,48.063,104.05,98.646,0,19,0.038749,0.040486,Inf,98.748,1.7118
71.481,37.39,-50.673,5,48.216,103.07,103.64,0,20,0.035685,0.030712,Inf,103.7,1.5107
69.856,14.834,8.2158,5,47.29,103.17,88.849,0,20,0.05421,0.031732,Inf,88.947,1.1435
66.787,29.574,136.76,5,49.115,103.76,82.996,0,16,0.017704,0.037551,Inf,83.086,1.105
32.111,11.86,158.56,5,54.858,104.49,88.376,0,20,0.09716,0.044861,Inf,88.623,1.1119
46.192,27.89,250.51,5,53.438,103.69,79.528,0,22,0.068762,0.036941,Inf,79.688,1.5233
7.6288,46.978,246.84,5,-0.77586,41.994,198.41,0,2,1.0155,0.58006,Inf,212.86,0.14734
48.728,19.37,-37.855,5,47.54,103.45,87.831,0,21,0.049209,0.034499,Inf,87.933,1.3021
79.886,19.162,180.21,5,53.79,102.11,84.965,0,22,0.075807,0.021127,Inf,85.076,1.2763
50.271,44.472,76.016,5,52.888,104.08,94.875,0,12,0.057763,0.040822,Inf,95.007,1.0805
44.003,43.729,197.35,5,50.554,101.35,73.48,0,14,0.011082,0.013493,Inf,73.495,1.237
61.12,35.754,144.5,5,49.103,101.37,81.873,0,14,0.017937,0.013739,Inf,81.889,1.0736
31.91,33.019,28.928,5,54.784,102.39,90.819,0,15,0.095687,0.023867,Inf,90.977,1.081
55.9,23.484,46.117,5,48.353,101.52,87.939,0,16,0.03294,0.015194,Inf,87.968,1.0424
51.611,27.396,85.532,5,52.006,102.35,91.489,0,15,0.040115,0.02351,Inf,91.542,1.0328
43.105,16.417,-71.066,5,48.265,103.09,84.787,0,25,0.034705,0.030903,Inf,84.862,1.4905
67.208,8.7098,162.23,5,53.375,103.17,85.514,0,21,0.067498,0.031672,Inf,85.639,1.1303
69.319,36.054,244.61,5,54.825,100.3,87.371,0,21,0.096504,0.0030138,Inf,87.505,1.5718
66.091,25.201,168.4,5,52.561,104.01,82.211,0,18,0.051226,0.040084,Inf,82.349,1.1763
32.328,46.908,267.89,5,44.469,103.8,62.584,0,20,0.11063,0.038016,Inf,62.943,1.7871
55.073,18.275,-8.8707,5,47.486,102.32,88.41,0,19,0.050277,0.023161,Inf,88.476,1.1602
31.345,37.814,264.22,5,46.367,100.44,65.935,0,21,0.072667,0.0044486,Inf,66.037,1.6173
17.686,12.815,239.72,5,-1.9027,17.899,113.41,0,5,1.0381,0.82101,Inf,149.32,0.26887
26.265,36.594,144.49,5,50.69,103.96,73.719,0,15,0.013793,0.039563,Inf,73.828,1.1078
80.747,34.072,-32.985,5,48.188,101.14,105.77,0,20,0.036237,0.011357,Inf,105.79,1.3747
43.591,25.141,46.871,5,52.384,103.17,95.863,0,16,0.047676,0.031656,Inf,95.945,1.0648
43.23,14.774,9.1944,5,49.436,104.11,90.322,0,19,0.011277,0.041051,Inf,90.417,1.1112
56.093,46.971,-46.122,5,50.266,103.43,106.93,0,16,0.0053201,0.034265,Inf,106.98,1.4988
17.325,25.599,194.52,5,46.677,100.13,66.535,0,19,0.066454,0.0012707,Inf,66.618,1.1691
79.249,22.717,251.94,5,61.691,-0.63513,209.3,0,6,0.23381,1.0064,Inf,232.53,0.36305
46.241,22.167,156.96,5,54.654,102.94,91.886,0,17,0.093088,0.029443,Inf,92.05,1.0908
59.741,47.47,200.63,5,52.643,102.23,77.861,0,14,0.052852,0.022289,Inf,77.938,1.3102
90.13,18.988,135.4,5,49.6,101.86,80.722,0,21,0.0080058,0.018634,Inf,80.745,1.1614
9.2905,16.716,257.57,5,-2.979,9.7715,184.94,0,3,1.0596,0.90228,Inf,212.49,0.16181
81.581,47.116,70.854,5,49.418,100.98,105.35,0,13,0.011644,0.0097501,Inf,105.35,1.0553
51.878,49.525,-40.3,5,50.486,103.08,107.28,0,15,0.0097108,0.030788,Inf,107.33,1.4849
37.553,25.265,79.346,5,53.932,102.08,95.066,0,16,0.078636,0.020796,Inf,95.17,1.0559
40.557,16.551,62.755,5,52.232,103.96,95.485,0,18,0.044648,0.03961,Inf,95.593,1.0717
23.035,45.8,140.67,5,46.49,102.95,66.173,0,13,0.070206,0.02946,Inf,66.332,1.0737
70.91,22.6,4.4199,5,47.165,104.42,92.701,0,19,0.056696,0.044174,Inf,92.849,1.1849
8.1119,25.964,-65.376,5,36.992,-0.3412,-19.002,0,8,0.26015,1.0034,Inf,102.95,0.47023
12.068,32.359,223.14,5,-1.8402,34.009,147.17,0,3,1.0368,0.65991,Inf,169.42,0.19342
57.55,16.505,12.812,5,47.695,100.3,87.267,0,18,0.046095,0.0029727,Inf,87.298,1.0735
13.033,47.896,-22.292,5,54.234,103.22,96.414,0,18,0.084675,0.032217,Inf,96.56,1.4088
16.38,43.663,-16.5,5,53.957,104.88,96.428,0,18,0.07915,0.048826,Inf,96.633,1.3718
32.542,17.631,254.98,5,53.11,103.99,78.64,0,25,0.062208,0.039851,Inf,78.803,1.4846
7.1842,15.029,-87.922,5,12.414,-4.1666,-66.893,0,4,0.75171,1.0417,Inf,129.38,0.2102
30.001,17.179,9.393,5,52.846,103.15,95.926,0,19,0.056912,0.031498,Inf,96.02,1.115
77.952,27.829,178.43,5,52.982,103.16,82.138,0,20,0.059631,0.031624,Inf,82.253,1.2921
28.744,39.2,190.05,5,47.017,104.58,67.183,0,16,0.059667,0.045806,Inf,67.405,1.2421
79.367,13.682,9.4775,5,46.86,101.3,89.421,0,21,0.062801,0.013012,Inf,89.486,1.1516
20.113,18.579,238.87,5,49.433,102.38,71.538,0,24,0.011348,0.023831,Inf,71.58,1.3836
79.492,41.094,-50.3,5,49.518,101.56,111.73,0,20,0.0096457,0.015582,Inf,111.75,1.518
22.066,49.739,90.489,5,49.64,102.56,71.897,0,12,0.0071942,0.025553,Inf,71.943,1.0435
71.119,31.945,93.107,5,47.411,101.13,88.565,0,15,0.051774,0.011332,Inf,88.61,1.0525
59.989,48.3,261.95,5,53.419,103.2,79.474,0,20,0.068382,0.031989,Inf,79.612,1.8991
56.655,40.328,262.45,5,53.677,101.42,80.253,0,21,0.073532,0.014151,Inf,80.35,1.7488
60.334,48.792,241.65,5,52.366,100.57,76.914,0,17,0.047323,0.005749,Inf,76.952,1.6271
20.445,44.203,247.75,5,-0.65291,51.094,100.22,0,6,1.0131,0.48906,Inf,122.48,0.47513
27.728,27.346,261.47,5,49.978,103.97,72.479,0,24,0.00043379,0.039714,Inf,72.588,1.5791
77.161,33.237,-7.9713,5,48.169,102.25,102.64,0,18,0.036624,0.022546,Inf,102.68,1.2487
52.306,33.492,-50.791,5,47.699,102.32,96.855,0,19,0.046025,0.023207,Inf,96.91,1.4275
36.914,37.53,61.883,5,54.71,104.07,91.667,0,14,0.094193,0.040729,Inf,91.879,1.0967
16.164,23.094,176.89,5,49.049,101.45,70.873,0,19,0.019018,0.014519,Inf,70.894,1.1307
17.631,36.12,186.58,5,44.366,103.51,62.445,0,17,0.11267,0.035107,Inf,62.797,1.1869
