38.1,36.26,9.2201,5,-0.16519,88.984,123.26,0,18,1.0033,0.11016,0.36956,61.19,1.388
41.335,13.156,30.91,5,-1.3595,58.358,123.52,0,14,1.0272,0.41642,0.3724,74.13,0.80206
19.148,8.2432,-6.5796,5,-0.60224,57.721,122.99,0,15,1.012,0.42279,0.3665,73.73,0.77476
30.648,20.047,231.74,5,-1.8628,47.374,124.12,0,9,1.0373,0.52626,0.37913,81.385,0.54704
48.547,37.388,133.75,5,-1.7303,73.841,123.59,0,13,1.0346,0.26159,0.37322,66.997,1.0379
90.623,46.089,112.18,5,-1.8448,97.674,123.63,0,22,1.0369,0.023259,0.37371,61.843,1.6296
92.388,44.538,248.41,5,-1.1788,88.079,123.41,0,22,1.0236,0.11921,0.37121,62.27,1.5758
64.126,47.783,57.215,5,-0.37468,94.121,123.27,0,17,1.0075,0.058786,0.3697,60.657,1.5714
43.393,15.553,34.595,5,-0.94502,59.807,123.42,0,14,1.0189,0.40193,0.3713,72.99,0.8264
39.579,26.961,26.153,5,-1.1176,72.281,123.47,0,14,1.0224,0.27719,0.3719,67.094,0.94878
49.849,36.019,222.51,5,-1.0328,70.256,123.44,0,13,1.0207,0.29744,0.3716,67.879,1.0159
73.139,14.457,-81.014,5,-1.1932,44.614,123.41,0,19,1.0239,0.55386,0.37125,82.491,1.072
21.512,14.991,157.2,5,-1.7171,40.672,124.2,0,7,1.0343,0.59328,0.37995,85.813,0.39038
58.649,46.419,156.33,5,-1.4101,85.039,123.48,0,15,1.0282,0.14961,0.37196,63.147,1.3819
59.671,45.21,107.74,5,-0.77873,83.009,123.32,0,15,1.0156,0.16991,0.37021,63.066,1.348
68.397,20.44,-3.2522,5,-0.6627,41.277,123.3,0,21,1.0133,0.58723,0.37001,84.404,1.2858
63.019,35.898,32.092,5,-1.7951,92.016,123.62,0,20,1.0359,0.079838,0.3735,62.261,1.5288
64.012,26.035,197.43,5,-1.1093,65.816,123.39,0,16,1.0222,0.34184,0.37101,69.969,1.0627
90.998,16.846,190.51,5,-2.1571,67.019,123.77,0,22,1.0431,0.32981,0.37523,70.346,1.1865
31.914,25.409,16.065,5,-1.8066,73.262,123.66,0,14,1.0361,0.26738,0.37396,67.317,0.91203
81.387,23.158,76.815,5,-0.22079,72.49,123.28,0,20,1.0044,0.2751,0.36982,66.233,1.2047
37.417,29.986,213.2,5,-0.074042,60.67,123.35,0,10,1.0015,0.3933,0.37056,71.879,0.70289
42.107,37.416,-1.2634,5,-1.9279,52.484,123.68,0,20,1.0386,0.47516,0.37421,78.029,1.5853
38.99,30.464,269.87,5,-0.4173,56.41,123.04,0,11,1.0083,0.4359,0.36711,74.388,0.78122
42.574,43.308,254.02,5,-2.2104,74.22,123.81,0,12,1.0442,0.2578,0.37566,67.332,1.0494
64.315,36.387,222.86,5,-0.93341,73.627,123.35,0,16,1.0187,0.26373,0.37054,66.347,1.2269
21.283,24.696,151.65,5,-1.3946,50.948,123.49,0,7,1.0279,0.49052,0.37212,78.544,0.43428
80.362,16.289,105.59,5,-2.4366,64.89,123.92,0,20,1.0487,0.3511,0.37684,71.642,1.123
82.317,49.827,-40.268,5,-0.43148,77.351,123.28,0,22,1.0086,0.22649,0.36974,64.526,1.8432
70.657,12.454,33.653,5,-2.6172,69.118,124,0,21,1.0523,0.30882,0.37779,69.845,1.1673
86.009,19.484,62.387,5,-1.2832,75.18,123.44,0,22,1.0257,0.2482,0.37153,66.061,1.2471
70.359,14.034,-83.154,5,-0.14422,41.157,123.29,0,18,1.0029,0.58843,0.36985,84.172,1.0187
42.055,13.071,83.066,5,-1.9453,50.77,123.7,0,12,1.0389,0.4923,0.37447,79.106,0.68735
31.45,49.174,224.99,5,-1.0602,77.459,123.55,0,9,1.0212,0.22541,0.37281,65.123,0.83171
38.712,49.597,35.414,5,-1.0581,93.16,123.39,0,13,1.0212,0.068402,0.37104,61.391,1.2584
40.223,34.856,127.53,5,-1.2801,67.773,123.5,0,11,1.0256,0.32227,0.37228,69.216,0.83494
70.865,30.027,110.97,5,-2.7712,75.135,124.08,0,18,1.0554,0.24865,0.37868,67.562,1.2326
59.752,28.041,115.91,5,-0.79927,66.05,123.32,0,15,1.016,0.3395,0.37025,69.596,1.0328
29.581,9.9981,-29.465,5,43.137,-4.1409,-63.126,0,4,0.13726,1.0414,1.7014,185.31,0.21671
48.029,40.615,28.506,5,-2.707,92.719,124.01,0,17,1.0541,0.072812,0.37793,63.15,1.4306
43.909,47.929,198.12,5,-1.6957,83.233,123.6,0,12,1.0339,0.16767,0.37333,63.894,1.1445
74.563,41.406,244.95,5,-0.33642,78.802,123.27,0,18,1.0067,0.21198,0.36972,63.956,1.4166
62.08,32.329,93.346,5,-1.3491,74.296,123.46,0,16,1.027,0.25704,0.37176,66.459,1.1638
36.019,33.998,227.59,5,-0.64204,64.847,123.14,0,10,1.0128,0.35153,0.3682,69.989,0.7411
74.198,7.2136,111.39,5,-0.56268,50.247,123.29,0,18,1.0113,0.49753,0.36986,78.358,0.93858
50.862,17.06,-88.051,5,-0.0095657,40.748,123.25,0,14,1.0002,0.59252,0.36945,84.365,0.84394
54.329,26.577,116.72,5,-1.1635,63.596,123.4,0,14,1.0233,0.36404,0.37116,71.126,0.95173
84.001,33.048,-5.7215,5,-0.38638,58.545,123.27,0,24,1.0077,0.41455,0.36972,73.243,1.5981
44.821,29.242,-3.7188,5,-2.7009,44.133,124.05,0,20,1.054,0.55867,0.37829,84.01,1.4095
71.758,36.494,219.42,5,-2.5874,78.929,123.99,0,18,1.0517,0.21071,0.37763,66.064,1.3407
71.664,12.626,148.02,5,-2.4458,49.286,128.75,0,17,1.0489,0.50714,0.43056,82.608,0.94423
55.133,44.711,192.67,5,-0.49866,82.1,123.28,0,14,1.01,0.179,0.36978,63.072,1.2607
25.32,33.28,252.6,5,-3.0801,45.338,133.37,0,7,1.0616,0.54662,0.48186,87.671,0.492
33.456,30.26,20.719,5,-2.6606,78.6,124.02,0,14,1.0532,0.214,0.37805,66.248,0.97662
23.368,13.516,-49.11,5,36.761,-1.2781,-54.053,0,4,0.26478,1.0128,1.6006,176.59,0.22101
89.146,23.736,265.09,5,-2.2293,58.078,128.23,0,21,1.0446,0.41922,0.42474,77.114,1.2249
77.932,25.572,192.56,5,-1.3371,70.187,123.45,0,19,1.0267,0.29813,0.37171,68.143,1.195
92.204,26.661,155.14,5,-1.146,76.464,123.4,0,22,1.0229,0.23536,0.37111,65.463,1.3
34.87,18.767,71.313,5,-1.148,58.632,123.06,0,11,1.023,0.41368,0.36735,73.624,0.66562
29.009,32.558,116.32,5,-2.6886,70.746,122.78,0,10,1.0538,0.29254,0.3642,68.602,0.70789
41.948,46.849,-22.648,5,-0.66424,54.383,123.3,0,18,1.0133,0.45617,0.37006,75.875,1.6742
37.218,11.766,-36.579,5,44.566,-1.023,-72.864,0,3,0.10867,1.0102,1.8096,191.73,0.16825
32.712,21.8,142.86,5,-0.010111,51.008,123.33,0,9,1.0002,0.48992,0.37038,77.54,0.56188
35.01,10.728,156.86,5,-1.4762,42.497,123.5,0,10,1.0295,0.57503,0.37226,84.136,0.55235
23.395,21.195,97.771,5,-0.85537,64.843,119,0,10,1.0171,0.35157,0.32228,68.29,0.60115
14.611,39.442,169.4,5,-0.88841,51.846,133.83,0,4,1.0178,0.48154,0.48701,82.641,0.28514
13.213,26.714,89.803,5,-0.54673,69.328,115.41,0,9,1.0109,0.30672,0.28232,64.353,0.54878
26.908,41.04,227.68,5,-2.9267,64.308,126.68,0,8,1.0585,0.35692,0.4075,73.622,0.63171
82.251,9.132,17.325,5,95.529,-0.49406,-85.093,0,4,0.91057,1.0049,1.9455,206.95,0.20742
18.068,16.554,158.73,5,-2.2747,38.261,126.24,0,6,1.0455,0.61739,0.40263,88.642,0.33577
85.77,19.362,-8.6378,5,-0.14072,44.788,123.3,0,24,1.0028,0.55212,0.37005,81.68,1.3603
92.146,40.028,176.61,5,-1.2018,89.812,123.41,0,22,1.024,0.10188,0.37128,61.984,1.5007
76.817,8.0634,16.22,5,87.811,-3.9525,265.69,0,4,0.75622,1.0395,1.9521,207.61,0.20884
33.398,37.127,96.878,5,-0.5545,72.95,122.75,0,10,1.0111,0.2705,0.36389,66.03,0.7689
40.633,14.968,-14.074,5,51.457,-0.023514,-83.773,0,4,0.029147,1.0002,1.9308,200.51,0.23379
80.82,17.894,26.447,5,-0.1553,84.525,123.3,0,26,1.0031,0.15475,0.36999,62.16,1.4823
14.403,33.41,177.71,5,-1.7832,44.866,136.87,0,4,1.0357,0.55134,0.52074,88.982,0.26488
32.277,20.514,167.36,5,-0.23688,50.026,123.32,0,9,1.0047,0.49974,0.37027,78.305,0.55257
73.988,7.3883,178.13,5,-0.70907,50.417,123.31,0,18,1.0142,0.49583,0.37008,78.354,0.94076
9.5146,20.047,88.747,5,-1.6344,58.2,115.37,0,8,1.0327,0.418,0.28186,71.112,0.44633
15.474,37.411,85.418,5,-0.32603,84.53,115.87,0,10,1.0065,0.1547,0.28749,58.664,0.69949
81.482,11.571,226.57,5,-2.3005,55.816,123.84,0,20,1.046,0.44184,0.37599,76.372,1.0653
71.194,10.785,-48.761,5,67.051,-2.7012,227.51,0,3,0.34103,1.027,1.5279,172.48,0.16358
29.922,49.306,124.6,5,-0.41648,81.83,122.47,0,9,1.0083,0.1817,0.36083,62.663,0.82531
22.215,18.392,201.07,5,-0.61582,36.681,128.33,0,6,1.0123,0.63319,0.42594,89.67,0.34799
66.968,44.404,200.02,5,-2.449,79.204,128.73,0,16,1.049,0.20796,0.43029,68.433,1.3763
7.1554,41.107,62.048,5,-0.80325,89.342,114.08,0,10,1.0161,0.10658,0.26755,57.222,0.68654
16.129,14.976,46.578,5,-0.63898,75.273,117.25,0,13,1.0128,0.24727,0.30281,62.597,0.71021
46.187,27.271,246.76,5,-0.25736,56.92,123.31,0,12,1.0051,0.4308,0.37015,74.105,0.82385
49.164,32.776,28.869,5,-2.4353,83.855,123.91,0,17,1.0487,0.16145,0.3768,64.499,1.2643
68.075,35.14,-36.602,5,-0.068423,56.058,123.33,0,19,1.0014,0.43942,0.37034,74.489,1.4109
64.789,13.174,159.66,5,-0.6652,52.482,123.3,0,16,1.0133,0.47518,0.37001,77.031,0.9083
85.17,23.598,243.7,5,-2.6325,66.999,124.01,0,21,1.0527,0.33001,0.37789,70.823,1.2484
23.16,41.704,144.74,5,-2.1093,72.283,122.89,0,8,1.0422,0.27717,0.36543,67.567,0.62327
84.721,32.045,186.72,5,-0.31563,76.623,123.27,0,20,1.0063,0.23377,0.36972,64.694,1.3104
73.96,45.933,266.51,5,-2.6862,81.499,124.03,0,19,1.0537,0.18501,0.37814,65.394,1.6064
38.989,15.159,123.54,5,-1.9548,49,123.7,0,11,1.0391,0.51,0.37442,80.224,0.64288
80.48,24.416,-8.4774,5,-0.12422,47.429,123.31,0,23,1.0025,0.52571,0.37011,79.911,1.4111
7.7625,37.311,86.298,5,-0.8603,70.987,113.47,0,7,1.0172,0.29013,0.26073,63.081,0.46302
39.632,29.243,-40.217,5,-2.7415,37.157,124.07,0,18,1.0548,0.62843,0.37853,88.834,1.2585
16.425,27.689,-89.469,5,40.026,-4.0406,-65.11,0,8,0.19947,1.0404,1.7234,187.04,0.50172
39.971,49.31,82.006,5,-0.17709,84.378,123.36,0,11,1.0035,0.15622,0.37063,62.245,1.0644
14.769,44.047,86.93,5,-1.0441,91.175,116.35,0,10,1.0209,0.08825,0.29282,58.12,0.75619
55.934,45.29,-35.781,5,-2.0769,63.982,123.73,0,18,1.0415,0.36018,0.37483,71.745,1.6354
59.799,22.093,223.34,5,-0.59536,59.628,123.29,0,15,1.0119,0.40372,0.3699,72.788,0.95516
92.614,8.642,145.99,5,-0.74664,58.675,123.31,0,22,1.0149,0.41325,0.37015,73.436,1.0912
16.171,38.112,216.12,5,-2.2935,44.184,148.89,0,4,1.0459,0.55816,0.6543,96.528,0.28357
35.138,40.183,-79.333,5,39.353,-4.5068,269.29,0,9,0.21294,1.0451,1.9921,207.8,0.7301
36.85,43.307,-36.926,5,-0.43818,43.61,123.36,0,18,1.0088,0.5639,0.3707,82.686,1.5464
35.731,36.231,53.253,5,-2.0873,79.366,123.63,0,12,1.0417,0.20634,0.37368,65.344,0.91819
40.036,42.968,248.23,5,-1.017,72.362,123.46,0,11,1.0203,0.27638,0.37175,66.978,0.94998
40.862,37.149,108.22,5,-0.58471,70.411,123.29,0,11,1.0117,0.29589,0.36989,67.399,0.86598
46.564,23.391,260.25,5,-2.3054,54.88,123.84,0,13,1.0461,0.4512,0.37602,76.922,0.84761
82.496,39.445,164.16,5,-1.5485,85.421,123.52,0,20,1.031,0.14579,0.37247,63.195,1.4551
76.177,25.771,98.847,5,-2.0028,72.254,123.7,0,19,1.0401,0.27746,0.37445,67.896,1.207
10.814,8.4042,20.047,5,-2.1947,76.323,118.53,0,15,1.0439,0.23677,0.317,64.022,0.75282
11.357,11.526,121.95,5,-0.72289,33.411,119.05,0,5,1.0145,0.66589,0.32277,88.604,0.25895
10.871,47.145,208.5,5,-3.7702,49.848,162.99,0,3,1.0754,0.50152,0.81098,103.6,0.22809
7.1534,21.47,139.09,5,-2.7429,32.734,129.76,0,3,1.0549,0.67266,0.44175,94.272,0.16768
42.649,15.554,119.93,5,-2.6691,51.219,124.02,0,12,1.0534,0.48781,0.37801,79.442,0.70784
62.634,49.995,-33.4,5,-2.5991,73.388,123.99,0,19,1.052,0.26612,0.37769,68.047,1.8419
77.313,18.582,-72.131,5,-1.2524,50.125,123.43,0,20,1.025,0.49875,0.37143,78.942,1.1644
19.263,45.158,45.283,5,-1.145,104.22,118.5,0,13,1.0229,0.042245,0.31668,58.702,1.0339
64,22.261,244.86,5,-0.58454,57.289,123.29,0,16,1.0117,0.42711,0.36989,74.103,1.0128
7.7077,40.085,130.51,5,-0.93844,52.339,124.18,0,3,1.0188,0.47661,0.37979,77.683,0.20453
35.255,20.41,103.93,5,-0.50368,54.01,123.23,0,10,1.0101,0.4599,0.36927,75.962,0.61771
11.779,26.981,161.23,5,-3.5307,39.728,135.23,0,4,1.0706,0.60272,0.50251,92.432,0.24267
28.591,26.356,14.272,5,-2.4328,76.423,123.75,0,14,1.0487,0.23577,0.37496,66.663,0.91273
15.538,25.677,170.51,5,-3.2462,41.84,132.01,0,5,1.0649,0.5816,0.4668,89.346,0.30516
87.014,43.773,-4.9487,5,-1.4244,72.279,123.48,0,25,1.0285,0.27721,0.37201,67.334,1.8569
73.724,24.653,-22.589,5,-1.2635,50.498,123.43,0,21,1.0253,0.49502,0.37147,78.715,1.3292
48.638,27.102,4.8626,5,-2.7202,45.544,124.05,0,21,1.0544,0.54456,0.37832,83.092,1.4401
69.376,20.656,-24.462,5,-0.80367,42.529,123.32,0,20,1.0161,0.57471,0.37026,83.632,1.2244
29.259,15.809,255.52,5,-1.2164,32.85,127.1,0,8,1.0243,0.6715,0.41222,92.242,0.46132
79.265,33.291,268.38,5,-2.3007,70.852,123.84,0,20,1.046,0.29148,0.37599,68.775,1.3728
19.77,32.984,129.23,5,-2.1633,66.338,121.02,0,8,1.0433,0.33662,0.3447,69.401,0.54408
22.772,13.443,233.26,5,-2.3186,25.721,134.77,0,6,1.0464,0.74279,0.49743,101.29,0.33062
78.594,9.3065,173.04,5,-0.92722,53.489,123.35,0,19,1.0185,0.46511,0.37053,76.609,0.99901
77.67,13.462,-64.373,5,-0.56984,43.618,123.29,0,20,1.0114,0.56382,0.36987,82.731,1.1007
78.277,20.925,25.251,5,-2.1765,93.205,123.78,0,28,1.0435,0.067952,0.37533,62.527,1.6671
84.583,9.3786,85.41,5,-1.3793,60.978,123.47,0,21,1.0276,0.39022,0.37186,72.681,1.0825
43.825,9.3654,77.815,5,-0.72729,46.03,123.38,0,12,1.0145,0.5397,0.37091,81.242,0.66047
8.3807,21.265,67.119,5,-0.91608,69.451,114.51,0,10,1.0183,0.30549,0.27228,64.236,0.56143
36.541,13.002,116.79,5,-0.40597,44.717,123.37,0,10,1.0081,0.55283,0.37079,81.918,0.56797
10.087,20.407,101.94,5,-0.098573,48.578,114.49,0,6,1.002,0.51422,0.27209,75.854,0.33693
48.243,49.755,145.65,5,-2.1392,86.226,123.76,0,13,1.0428,0.13774,0.37515,63.625,1.2929
78.152,40.315,-37.67,5,-0.20647,66.395,123.28,0,21,1.0041,0.33605,0.36983,68.977,1.5911
67.722,31.988,263.57,5,-0.31024,62.895,123.28,0,17,1.0062,0.37105,0.36973,70.818,1.2094
70.574,21.413,-73.76,5,-2.2282,50.765,123.8,0,19,1.0446,0.49235,0.37559,79.338,1.1694
65.061,41.215,159.76,5,-0.52428,80.403,123.28,0,16,1.0105,0.19597,0.36982,63.597,1.3183
91.361,17.757,124.47,5,-1.8263,67.827,123.63,0,22,1.0365,0.32173,0.37363,69.655,1.1949
14.318,25.77,-7.6359,5,-0.73734,81.349,121.06,0,15,1.0147,0.18651,0.34513,62.346,0.91063
13.696,10.801,155.93,5,-0.62241,24.633,130.1,0,4,1.0124,0.75367,0.44558,99.252,0.20768
59.106,14.629,71.678,5,-2.7935,58.861,124.09,0,16,1.0559,0.41139,0.37874,75.11,0.93181
34.413,26.265,-0.0086576,5,-1.677,46.249,123.57,0,24,1.0335,0.53751,0.37299,81.771,1.5923
15.592,39.282,-41.354,5,-1.7903,36.003,123.62,0,23,1.0358,0.63997,0.37357,88.928,1.6478
80.965,21.895,60.051,5,-1.6612,75.636,123.56,0,21,1.0332,0.24364,0.37292,66.249,1.2497
86.173,9.5388,259.82,5,-1.238,48.65,123.43,0,21,1.0248,0.5135,0.37139,79.871,1.0777
60.723,49.145,47.561,5,-1.5782,96.961,123.53,0,17,1.0316,0.030394,0.37259,61.595,1.6355
31.932,8.761,197.3,5,-0.087609,39.171,123.12,0,9,1.0018,0.60829,0.36798,85.474,0.48381
19.727,13.849,-61.118,5,33.447,-0.68295,-47.339,0,4,0.33106,1.0068,1.526,171.09,0.21902
86.475,22.201,130.66,5,-1.8781,70.926,123.65,0,21,1.0376,0.29074,0.37386,68.329,1.222
50.621,29.049,20.527,5,-0.13588,80.984,123.29,0,19,1.0027,0.19016,0.36992,63.116,1.3389
90.839,28.885,37.544,5,-0.50005,93.126,123.28,0,25,1.01,0.068739,0.36979,60.87,1.5243
76.357,37.203,11.965,5,-0.12674,60.313,123.31,0,24,1.0025,0.39687,0.37011,72.092,1.762
27.462,39.762,180.91,5,-0.24798,67.657,123.24,0,8,1.005,0.32343,0.36935,68.381,0.62192
68.372,13.143,151.98,5,-1.3785,54.647,123.47,0,17,1.0276,0.45353,0.37185,76.267,0.95744
24.218,30.151,197.19,5,-0.99842,53.299,125.46,0,7,1.02,0.46701,0.39404,77.714,0.47008
27.056,21.23,266.42,5,-0.64726,30.514,132.11,0,7,1.0129,0.69486,0.46789,95.743,0.4266
31.765,13.945,77.502,5,-1.7972,56.598,122.39,0,11,1.0359,0.43402,0.35985,74.937,0.62525
57.891,33.512,-43.959,5,-0.60786,53.182,123.35,0,17,1.0122,0.46818,0.37051,76.584,1.2695
37.7,8.1278,41.09,5,-2.6404,52.402,123.94,0,13,1.0528,0.47598,0.37715,78.668,0.70125
70.982,28.611,255.36,5,-1.9168,64.306,123.66,0,18,1.0383,0.35694,0.37404,71.433,1.2095
72.405,12.607,212,5,-1.9989,55.455,123.7,0,18,1.04,0.44545,0.37443,76.314,0.99757
70.372,40.032,140.93,5,-0.29917,80.363,123.28,0,17,1.006,0.19637,0.36974,63.427,1.3421
89.971,37.928,195.61,5,-0.12573,84.053,123.31,0,21,1.0025,0.15947,0.3701,62.26,1.4222
47.876,32.965,207.86,5,-0.57307,64.3,125.01,0,12,1.0115,0.357,0.38905,71.12,0.89461
34.565,45.921,51.371,5,-2.0797,90.042,123.47,0,12,1.0416,0.099578,0.37185,62.702,1.0669
14.515,12.225,153.19,5,-2.4784,30.401,127.85,0,5,1.0496,0.69599,0.42053,95.029,0.26406
62.583,22.501,220.38,5,-1.9614,61.747,123.68,0,16,1.0392,0.38253,0.37426,72.787,1.0189
41.753,45.539,-41.597,5,-1.8907,56.647,123.66,0,17,1.0378,0.43353,0.37402,75.533,1.5432
86.868,27.907,25.743,5,-0.093754,99.233,123.32,0,28,1.0019,0.0076656,0.3702,60.167,1.729
52.798,15.39,27.598,5,-0.10806,63.818,123.32,0,17,1.0022,0.36182,0.37024,70.216,1.0041
66.291,42.898,70.628,5,-0.26146,87.981,123.29,0,17,1.0052,0.12019,0.36984,61.471,1.4315
7.868,29.226,15.938,5,-1.6994,97.394,117.57,0,15,1.034,0.026058,0.30636,58.65,0.91057
36.662,26.19,174.56,5,-0.42718,57.602,123.38,0,10,1.0085,0.42398,0.37086,73.855,0.66662
15.905,23.446,-45.113,5,45.023,-1.7897,-72.475,0,8,0.099536,1.0179,1.8053,191.79,0.47731
11.931,9.2857,58.982,5,-0.66036,66.44,115.75,0,12,1.0132,0.3356,0.28609,65.998,0.60989
32.503,36.534,-55.457,5,41.414,-1.6592,267.76,0,8,0.17173,1.0166,1.9751,204.95,0.6076
91.662,14.985,177.53,5,-1.5653,64.97,123.53,0,22,1.0313,0.3503,0.37254,70.783,1.1619
28.092,15.582,120.28,5,-0.49298,49.928,121.67,0,9,1.0099,0.50072,0.35189,77.844,0.51597
7.1,39.571,59.942,5,-0.25807,87.836,113.5,0,10,1.0052,0.12164,0.26107,56.797,0.67468
54.78,36.328,20.437,5,-1.7272,68.324,123.59,0,28,1.0345,0.31676,0.3732,69.334,2.1926
44.28,36.391,254.93,5,-1.1928,66.059,123.49,0,12,1.0239,0.33941,0.37209,69.958,0.93947
87.055,15.425,-71.932,5,-1.0021,48.866,123.36,0,22,1.02,0.51134,0.37072,79.555,1.1913
92.358,48.51,-16.066,5,-0.10658,76.718,123.31,0,25,1.0021,0.23282,0.37016,64.518,1.8748
85.379,37.757,199.03,5,-0.12946,81.611,123.31,0,20,1.0026,0.18389,0.37008,62.933,1.3967
87.259,30.326,188.32,5,-1.5836,77.689,123.53,0,21,1.0317,0.22311,0.37261,65.446,1.3289
13.421,26.589,157.64,5,-1.13,40.174,131.09,0,4,1.0226,0.59826,0.45653,88.779,0.24384
86.261,21.198,183.94,5,-2.3827,69.086,123.88,0,21,1.0477,0.30914,0.37645,69.624,1.2104
62.768,45.104,-53.425,5,-1.2282,68.879,123.42,0,18,1.0246,0.31121,0.37136,68.629,1.5968
78.584,21.382,159.79,5,-0.9354,65.557,123.35,0,19,1.0187,0.34443,0.37055,69.949,1.1356
75.658,15.205,150.19,5,-0.11072,56.983,123.31,0,18,1.0022,0.43017,0.37015,73.968,1.0159
34.23,34.763,94.107,5,-0.21469,69.981,122.89,0,10,1.0043,0.30019,0.36548,67.117,0.74497
22.309,40.946,40.162,5,-1.6332,98.062,119.91,0,13,1.0327,0.01938,0.33238,59.704,0.99657
81.369,9.7058,166.96,5,-2.4458,56.312,123.93,0,20,1.0489,0.43688,0.37696,76.225,1.0462
84.675,23.658,96.238,5,-2.0569,74.776,123.72,0,21,1.0411,0.25224,0.37472,66.959,1.2523
62.04,18.27,170.02,5,-2.4562,52.027,128.74,0,15,1.0491,0.47973,0.43047,80.957,0.90786
62.495,8.1379,144.65,5,-2.1394,48.344,123.76,0,16,1.0428,0.51656,0.37513,80.788,0.86292
72.552,38.122,266.62,5,-0.35338,69.593,123.27,0,18,1.0071,0.30407,0.36971,67.581,1.3666
42.955,9.3312,206.6,5,-2.6283,44.788,124.27,0,12,1.0526,0.55212,0.38076,83.621,0.65976
29.724,9.35,12.845,5,-1.626,57.612,123.58,0,14,1.0325,0.42388,0.37312,74.764,0.75358
47.425,17.211,30.766,5,-0.67429,66.383,123.26,0,16,1.0135,0.33617,0.36961,69.315,0.96585
43.798,11.117,197.73,5,-1.7461,46.514,123.61,0,12,1.0349,0.53486,0.37347,81.659,0.67341
36.339,38.045,-30.052,5,-2.6378,42.776,124.01,0,19,1.0528,0.57224,0.37792,84.866,1.4974
75.498,43.267,18.079,5,-0.14687,68.856,123.3,0,25,1.0029,0.31144,0.37004,67.777,2.0097
72.261,40.583,-16.762,5,-0.64654,63.119,123.3,0,21,1.0129,0.36881,0.36998,70.951,1.6548
71.7,42.855,130,5,-1.2595,80.656,126.15,0,17,1.0252,0.19344,0.40164,65.638,1.3906
63.986,45.031,75.42,5,-2.448,90.632,123.93,0,17,1.049,0.093684,0.37694,63.162,1.4986
81.516,25.985,70.412,5,-2.4857,72.369,128.82,0,20,1.0497,0.27631,0.43139,70.891,1.2431
16.958,36.621,70.778,5,-1.638,92.795,117.65,0,12,1.0328,0.072046,0.30726,59.018,0.83945
31.893,49.6,195.08,5,-0.061807,80.112,123.09,0,9,1.0012,0.19888,0.36764,63.218,0.84027
72.609,21.693,38.515,5,-0.50049,74.583,123.28,0,20,1.01,0.25417,0.36979,65.605,1.2269
48.852,33.824,84.404,5,-0.68276,71.379,123.34,0,13,1.0137,0.28621,0.37041,67.076,0.98208
30.12,30.813,-6.8438,5,-2.6879,44.977,124.04,0,23,1.0538,0.55023,0.37821,83.44,1.5975
32.714,16.911,14.102,5,-0.51471,63.087,123.36,0,14,1.0103,0.36913,0.37072,70.905,0.82481
50.021,19.05,49.241,5,-0.52734,64.511,123.14,0,15,1.0105,0.35489,0.36822,70.077,0.9265
27.428,45.179,143.35,5,-2.5152,77.955,123.46,0,9,1.0503,0.22045,0.37174,66.054,0.75904
48.66,27.251,-46.818,5,-2.6117,44.839,123.94,0,17,1.0522,0.55161,0.37707,83.441,1.1682
46.839,36.623,-81.736,5,-1.6597,61.161,123.57,0,14,1.0332,0.38839,0.37301,72.83,1.1031
19.236,11.872,143.68,5,-2.1233,39.373,122.97,0,7,1.0425,0.60627,0.36634,86.484,0.37496
52.346,23.122,105.98,5,-2.3502,62.154,123.87,0,14,1.047,0.37846,0.3763,72.937,0.91012
58.963,30.901,156.77,5,-1.1881,69.386,123.41,0,15,1.0238,0.30614,0.37124,68.365,1.0764
85.372,36.125,-76.544,5,-1.6979,65.229,127.13,0,21,1.034,0.34771,0.41253,72.527,1.4381
51.009,8.4014,155.54,5,-0.33296,43.498,123.27,0,13,1.0067,0.56502,0.36971,82.662,0.70957
32.332,47.746,11.655,5,-1.0948,91.471,125.9,0,14,1.0219,0.085289,0.39891,63.027,1.269
68.401,31.478,58.562,5,-0.68157,78.995,123.3,0,18,1.0136,0.21005,0.37004,64.179,1.2685
67.64,13.505,-15.428,5,69.396,-0.28893,252.84,0,3,0.38791,1.0029,1.8093,192.23,0.16992
76.775,12.316,26.867,5,-0.16021,77.371,123.3,0,25,1.0032,0.22629,0.36998,64.318,1.3634
33.752,26.26,-52.555,5,42.068,-2.0475,-87.805,0,6,0.15863,1.0205,1.9756,205.16,0.3973
44.272,26.369,242.07,5,-1.3446,58.259,123.46,0,12,1.0269,0.41741,0.37173,74.148,0.81242
10.538,24.143,-25.121,5,-0.12049,74.262,122.11,0,16,1.0024,0.25738,0.35682,64.852,0.93559
43.345,14.871,42.732,5,-0.1444,55.92,123.33,0,13,1.0029,0.4408,0.37032,74.622,0.76123
56.071,8.5901,123.14,5,-0.2832,44.194,123.27,0,14,1.0057,0.55806,0.3697,82.157,0.7641
70.495,31.992,41.107,5,-2.6999,86.77,124.05,0,20,1.054,0.1323,0.37828,64.12,1.4079
23.79,23.578,40.336,5,-2.1109,79.828,120.68,0,13,1.0422,0.20172,0.34089,63.747,0.80454
58.972,16.992,-55.085,5,-0.84313,38.139,123.34,0,17,1.0169,0.61861,0.37041,86.736,1.0181
47.179,10.116,15.134,5,-0.89588,73.301,123.34,0,24,1.0179,0.26699,0.37046,66.445,1.3344
62.79,45.233,269.53,5,-0.21939,74.332,123.28,0,16,1.0044,0.25668,0.36979,65.486,1.4225
74.546,33.088,61.619,5,-0.69964,81.784,123.31,0,19,1.014,0.18216,0.37007,63.337,1.3329
16.188,29.796,94.727,5,-2.1365,76.159,117.94,0,10,1.0427,0.23841,0.31048,63.776,0.64167
38.278,10.14,66.35,5,-2.6031,51.177,123.99,0,12,1.0521,0.48823,0.37766,79.411,0.66209
39.077,19.317,118.55,5,-1.8339,53.284,123.64,0,11,1.0367,0.46716,0.37374,77.464,0.67552
87.89,24.176,262.34,5,-0.31858,62.145,123.27,0,21,1.0064,0.37855,0.36972,71.219,1.2387
21.53,49.462,255.78,5,-0.46521,50.728,148.5,0,5,1.0093,0.49272,0.65,91.633,0.43099
42.07,26.792,232.26,5,-2.724,61.837,124.06,0,12,1.0545,0.38163,0.37842,73.458,0.81482
14.096,16.727,-32.532,5,56.622,-3.8865,263.44,0,11,0.13244,1.0389,1.9271,202.28,0.60651
70.623,8.8436,227.31,5,-0.23513,46.762,123.28,0,17,1.0047,0.53238,0.3698,80.409,0.90948
53.561,15.379,94.86,5,-0.99713,54.28,123.37,0,14,1.0199,0.4572,0.37073,76.186,0.82649
81.184,11.797,-88.916,5,-0.14466,44.643,123.3,0,20,1.0029,0.55357,0.36997,81.777,1.0689
14.671,38.859,118.05,5,-1.4878,69.902,118.69,0,7,1.0298,0.30098,0.31883,66.184,0.49565
7.2318,41.813,-18.972,5,-0.85897,102.87,119.37,0,16,1.0172,0.028661,0.32636,58.801,1.1078
54.845,26.965,117.09,5,-0.861,63.64,123.33,0,14,1.0172,0.3636,0.37038,70.853,0.95635
49.92,12.648,96.837,5,-0.11799,49.652,123.35,0,13,1.0024,0.50348,0.37052,78.478,0.74411
86.464,15.169,-65.507,5,-0.93164,47.846,123.35,0,22,1.0186,0.52154,0.37054,80.164,1.1913
17.881,17.184,-36.638,5,44.99,-3.2385,-65.324,0,7,0.1002,1.0324,1.7258,186.57,0.39403
58.013,48.482,22.253,5,-0.7127,81.041,123.31,0,29,1.0143,0.18959,0.37009,63.566,2.7811
74.759,21.248,216.26,5,-0.48884,62.635,123.28,0,18,1.0098,0.37365,0.36978,71.083,1.0902
16.577,28.474,-87.987,5,40.116,-3.321,-65.738,0,8,0.19769,1.0332,1.7304,187.16,0.50665
58.265,8.3375,226.67,5,-1.6803,46.265,123.57,0,15,1.0336,0.53735,0.373,81.763,0.81491
79.163,37.59,126.16,5,-0.53369,81.818,123.28,0,19,1.0107,0.18182,0.36983,63.183,1.3791
78.575,14.951,268.6,5,-2.793,52.941,124.09,0,20,1.0559,0.47059,0.37879,78.511,1.1146
61.864,24.272,208.64,5,-2.6969,65.185,124.04,0,16,1.0539,0.34815,0.37827,71.75,1.0437
49.231,42.584,-39.747,5,-1.8394,59.092,123.63,0,17,1.0368,0.40908,0.3737,74.108,1.4803
69.219,43.386,-8.0272,5,-1.108,65.163,123.39,0,21,1.0222,0.34837,0.371,70.289,1.7562
10.592,48.868,78.49,5,-1.9856,96.665,116.27,0,10,1.0397,0.033346,0.29193,58.343,0.77452
79.704,32.312,28.129,5,-0.74277,97.844,123.31,0,25,1.0149,0.021562,0.37015,60.739,1.691
30.99,34.295,130.94,5,-2.0941,62.912,125.09,0,9,1.0419,0.37088,0.3899,72.943,0.65789
91.619,39.508,89.476,5,-0.32385,91.319,123.27,0,22,1.0065,0.086812,0.36971,60.951,1.4981
15.895,23.709,-68.918,5,40.058,-1.2311,-59.218,0,7,0.19885,1.0123,1.658,180.59,0.41883
51.019,16.786,140.24,5,-0.25498,51.967,123.27,0,13,1.0051,0.48033,0.36963,77.068,0.78106
8.0149,15.944,-75.625,5,48.619,-0.90006,-36.367,0,9,0.027615,1.009,1.4041,161.71,0.47894
9.2065,12.088,4.0358,5,-0.55103,77.197,117.65,0,15,1.011,0.22803,0.30718,61.965,0.77387
57.128,33.143,54.965,5,-1.886,72.384,127.47,0,15,1.0377,0.27616,0.41633,69.705,1.1155
55.885,37.135,164.55,5,-0.32689,73.364,123.27,0,14,1.0065,0.26636,0.36971,65.95,1.1087
14.88,38.986,-84.738,5,43.005,-0.62788,-80.416,0,10,0.13989,1.0063,1.8935,198.03,0.71023
78.972,32.123,134.29,5,-0.66285,76.316,123.3,0,19,1.0133,0.23684,0.37001,65.089,1.2872
43.399,40.965,8.4781,5,-1.8385,62.567,123.63,0,23,1.0368,0.37433,0.37368,72.246,1.9359
17.366,27.244,132.42,5,-1.9244,56.37,121.24,0,7,1.0385,0.4363,0.34707,74.669,0.43893
50.125,48.748,187.8,5,-0.92928,84.186,123.35,0,13,1.0186,0.15814,0.37059,62.899,1.2682
83.596,28.335,228.43,5,-0.81879,70.818,123.33,0,20,1.0164,0.29182,0.37029,67.415,1.2634
48.242,17.474,191.83,5,-2.0813,54,123.74,0,13,1.0416,0.46,0.37484,77.244,0.78746
50.606,22.353,243.43,5,-0.63898,53.408,123.37,0,13,1.0128,0.46592,0.37073,76.475,0.83709
86.679,40.328,-79.988,5,-1.8136,75.601,123.62,0,22,1.0363,0.24399,0.37357,66.411,1.5705
14.685,30.265,202.24,5,-3.2606,38.422,146.1,0,4,1.0652,0.61578,0.62333,98.873,0.25586
41.987,30.509,87.499,5,-2.1736,68.098,123.79,0,12,1.0435,0.31902,0.37547,69.87,0.85773
43.56,35.26,262.5,5,-1.1542,64.297,123.46,0,12,1.0231,0.35703,0.37174,70.787,0.92223
57.193,35.673,142.65,5,-2.6281,74.212,124,0,15,1.0526,0.25788,0.37783,67.757,1.1587
26.09,14.299,180.46,5,-1.3723,42.441,123.72,0,8,1.0274,0.57559,0.37465,84.197,0.44957
69.208,49.486,7.2436,5,-0.89459,73.251,123.34,0,22,1.0179,0.26749,0.37046,66.464,2.0354
65.489,44.56,107.32,5,-0.12292,84.366,123.34,0,16,1.0025,0.15634,0.37046,62.196,1.3898
53.459,14.597,73.493,5,-0.074686,54.455,123.26,0,14,1.0015,0.45545,0.3696,75.421,0.81897
65.93,38.004,14.796,5,-1.1856,62.105,123.41,0,23,1.0237,0.37895,0.37123,71.918,1.7966
61.239,43.309,85.288,5,-1.7044,86.066,123.58,0,16,1.0341,0.13934,0.3731,63.207,1.3842
88.207,41.891,152.44,5,-0.74731,89.553,123.31,0,21,1.0149,0.10447,0.37015,61.597,1.5098
64.4,22.692,-73.659,5,-0.1246,47.777,123.33,0,17,1.0025,0.52223,0.3703,79.689,1.0809
32.188,42.73,70.395,5,-1.1868,85.178,122.29,0,11,1.0237,0.14822,0.35876,62.308,0.91703
27.739,16.686,179.72,5,-0.045924,44.503,123.2,0,8,1.0009,0.55497,0.36888,81.772,0.46384
18.72,45.85,259.63,5,-2.5703,40.746,163.02,0,5,1.0514,0.59254,0.81136,107.74,0.39978
81.184,12.75,33.87,5,-2.4585,69.716,128.76,0,23,1.0492,0.30284,0.43066,71.912,1.2412
28.685,31.229,36.581,5,-0.34861,79.168,121.71,0,12,1.007,0.20832,0.35236,63.045,0.83335
15.678,40.436,116.61,5,-0.29953,71.574,117.74,0,7,1.006,0.28426,0.30823,64.091,0.50913
46.553,33.462,-87.897,5,-2.3064,59.485,123.85,0,14,1.0461,0.40515,0.37607,74.317,1.0506
30.917,10.937,-13.503,5,49.945,-2.6785,-69.469,0,5,0.0010931,1.0268,1.7719,189.67,0.27447
62.725,18.041,129.59,5,-1.9796,58.038,123.69,0,16,1.0396,0.41962,0.37435,74.818,0.96454
25.495,43.852,154.12,5,-1.3761,72.727,123.35,0,8,1.0275,0.27273,0.37054,67.048,0.65292
52.144,46.883,-78.206,5,-1.5832,71.814,123.57,0,15,1.0317,0.28186,0.37295,67.69,1.4108
58.206,24.501,-9.666,5,-0.55972,42.747,123.29,0,19,1.0112,0.57253,0.36986,83.32,1.2509
79.059,9.4973,150.47,5,-0.61652,53.651,123.29,0,19,1.0123,0.46349,0.36994,76.281,0.99944
70.668,16.317,30.656,5,-0.21757,71.846,123.29,0,21,1.0044,0.28154,0.36985,66.501,1.2181
49.837,16.848,263.94,5,-2.7042,49.126,123.91,0,14,1.0541,0.50874,0.37673,80.719,0.84183
24.662,33.517,-3.9189,5,-0.50763,81.322,123.32,0,16,1.0102,0.18678,0.3702,63.325,1.1244
22.886,7.5042,259.84,5,-2.7191,12.049,142.53,0,6,1.0544,0.87951,0.58367,115.21,0.31124
30.516,33.716,106.72,5,-1.6602,71.459,122.39,0,10,1.0332,0.28541,0.35983,67.321,0.72371
81.129,28.638,151.47,5,-0.69423,70.693,125.15,0,19,1.0139,0.29307,0.39056,68.296,1.2202
7.8888,19.965,-44.463,5,-1.2257,65.928,123.37,0,18,1.0245,0.34072,0.37074,69.988,0.99516
62.459,16.162,-9.9604,5,62.902,-1.214,233.39,0,4,0.25803,1.0121,1.5932,175.98,0.23596
74.025,33.208,146.99,5,-0.81436,75.767,123.33,0,18,1.0163,0.24233,0.37028,65.421,1.2679
32.367,31.172,266.44,5,-0.4286,50.323,124.67,0,9,1.0086,0.49677,0.38523,78.822,0.63335
9.5214,41.331,246.2,5,-3.6405,35.126,189.49,0,3,1.0728,0.64874,1.1055,130.33,0.21044
19.865,8.7729,94.828,5,-0.80117,54.2,117.71,0,10,1.016,0.458,0.30788,73.799,0.52042
39.573,32.043,29.457,5,-2.0271,78.193,123.73,0,14,1.0405,0.21807,0.37475,65.726,1.0181
87.337,14.222,79.505,5,-2.3007,68.995,123.84,0,22,1.046,0.31005,0.37599,69.583,1.1758
71.104,26.153,156.2,5,-0.053613,66.19,123.33,0,17,1.0011,0.3381,0.37034,68.988,1.1067
32.419,15.745,113.41,5,-0.15068,45.75,124.22,0,9,1.003,0.5425,0.38021,81.419,0.52283
57.956,19.054,-51.425,5,-1.1083,39.971,123.4,0,17,1.0222,0.60029,0.37109,85.621,1.045
78.863,38.051,165.82,5,-0.78416,82.024,123.32,0,19,1.0157,0.17976,0.37022,63.343,1.3901
15.699,12.71,147.37,5,-0.39826,31.698,124.84,0,5,1.008,0.68302,0.38708,91.754,0.26656
49.987,47.04,-13.865,5,-2.6397,63.094,124.01,0,19,1.0528,0.36906,0.37792,72.732,1.7938
82.854,23.288,-54.536,5,-1.5514,53.749,123.52,0,22,1.031,0.46251,0.37249,76.945,1.3181
19.868,38.629,255.45,5,-2.2126,37.36,155.68,0,5,1.0443,0.6264,0.72982,104.71,0.36566
73.196,32.795,126.59,5,-1.3883,75.534,123.47,0,18,1.0278,0.24466,0.37189,66.027,1.2659
46.044,33.085,225.3,5,-0.3888,65.892,123.27,0,12,1.0078,0.34108,0.3697,69.35,0.8951
38.557,27.562,20.323,5,-2.3111,75.935,123.83,0,15,1.0462,0.24065,0.37594,66.786,1.0227
21.869,27.165,44.942,5,-1.867,84.96,119.76,0,13,1.0373,0.1504,0.33071,61.663,0.83249
31.586,10.998,128.78,5,-1.4586,39.709,124.59,0,9,1.0292,0.60291,0.38431,86.483,0.49512
44.573,24.289,238.88,5,-1.1741,56.498,123.41,0,12,1.0235,0.43502,0.37119,75.015,0.79046
78.692,11.124,-52.79,5,73.549,-1.806,219.56,0,3,0.47098,1.0181,1.4395,166.44,0.16061
58.654,36.941,242.81,5,-1.2537,71.736,123.43,0,15,1.0251,0.28264,0.37144,67.404,1.1783
40.971,31.012,-64.258,5,-1.0082,39.596,123.4,0,16,1.0202,0.60404,0.37111,85.826,1.1498
46.935,39.553,221.07,5,-2.7063,76.164,123.98,0,13,1.0541,0.23836,0.37759,67.089,1.0739
31.386,24.066,-55.321,5,41.364,-3.8276,-83.484,0,6,0.17272,1.0383,1.9276,202.36,0.38372
87.098,34.595,259.67,5,-0.74692,73.382,123.31,0,21,1.0149,0.26618,0.37015,66.284,1.3964
72.721,9.107,119.65,5,-1.6632,52.442,123.56,0,18,1.0333,0.47558,0.37293,77.829,0.96062
76.855,28.371,158.85,5,-2.1726,73.546,123.78,0,19,1.0435,0.26454,0.37531,67.548,1.2419
86.678,43.705,-40.142,5,-0.67045,72.551,123.3,0,23,1.0134,0.27449,0.37002,66.558,1.7116
66.201,48.4,51.297,5,-0.3762,97.711,123.27,0,18,1.0075,0.022893,0.36971,60.417,1.6641
45.715,10.211,138.77,5,-0.63642,43.504,123.3,0,12,1.0127,0.56496,0.36997,82.853,0.66747
7.839,14.103,144.14,5,-2.6229,24.837,132.03,0,3,1.0525,0.75163,0.467,100.92,0.15676
76.157,36.304,176.75,5,-0.73406,77.151,125.12,0,18,1.0147,0.22849,0.3902,65.797,1.307
12.979,22.715,134.34,5,-1.235,43.245,122.42,0,5,1.0247,0.56755,0.36022,83.049,0.29173
42.145,30.764,246.88,5,-2.6043,63.233,123.99,0,12,1.0521,0.36767,0.37771,72.627,0.86108
18.057,23,18.738,5,-1.3799,83.15,119.75,0,14,1.0276,0.1685,0.33051,61.715,0.83971
71.557,19.438,230.47,5,-2.6735,60.403,124.03,0,18,1.0535,0.39597,0.3781,74.165,1.0792
43.79,19.24,56.549,5,-1.6807,60.594,123.6,0,13,1.0336,0.39406,0.3733,73.161,0.80249
64.377,21.631,-6.7111,5,-0.32978,40.032,123.27,0,20,1.0066,0.59968,0.3697,85.067,1.2551
19.826,31.47,-73.589,5,40.843,-2.0702,-73.888,0,8,0.18315,1.0207,1.821,193.29,0.5342
77.811,29.646,248.85,5,-1.0515,68.515,123.38,0,19,1.021,0.31485,0.37085,68.641,1.2558
54.6,14.11,47.35,5,-2.8018,61.299,124.1,0,16,1.056,0.38701,0.37888,73.814,0.93009
92.182,15.393,124.24,5,-1.2241,65.021,123.42,0,22,1.0245,0.34979,0.37135,70.459,1.1635
71.346,8.398,-20.479,5,73.77,-0.91904,268.89,0,2,0.4754,1.0092,1.9876,206.76,0.10632
54.606,10.469,-2.1428,5,61.988,-0.89812,-87.185,0,3,0.23977,1.009,1.9687,204.25,0.16732
12.657,43.375,246.28,5,-0.90874,38.772,179.87,0,3,1.0182,0.61228,0.99861,120.07,0.22114
32.81,19.159,261.81,5,-0.14841,39.501,124.31,0,9,1.003,0.60499,0.38123,85.745,0.54447
56.575,33.346,-22.579,5,-0.51652,50.095,123.3,0,18,1.0103,0.49905,0.36996,78.429,1.3437
45.137,10.785,-9.8308,5,54.44,-4.6838,268.66,0,4,0.088808,1.0468,1.9851,207.12,0.22384
74.893,49.484,186.12,5,-0.29574,92.062,123.28,0,18,1.0059,0.079385,0.36973,60.827,1.5981
41.671,47.299,126.62,5,-0.45687,79.276,123.37,0,11,1.0091,0.20724,0.37082,63.947,1.0308
90.231,16.573,26.286,5,101.04,26.581,57.248,0,3,1.0208,0.73419,0.36391,95.226,0.16195
60.006,27.706,-78.863,5,-0.36894,52.599,123.31,0,16,1.0074,0.47401,0.37014,76.77,1.0961
28.409,24.259,206.79,5,-0.23347,50.751,123.81,0,8,1.0047,0.49249,0.37561,78.049,0.50789
12.938,29.475,137.2,5,-1.7694,49.645,123.54,0,5,1.0354,0.50355,0.37264,79.627,0.31379
66.191,44.524,-65.228,5,-0.9096,70.66,123.34,0,18,1.0182,0.2934,0.3705,67.561,1.5574
22.737,27.769,168.03,5,-1.3027,52.514,124.6,0,7,1.0261,0.47486,0.38446,78.001,0.45334
10.255,21.265,155.55,5,-1.1854,30.914,135.71,0,3,1.0237,0.69086,0.50785,97.376,0.17007
59.484,15.163,-19.498,5,58.53,-2.458,228.71,0,4,0.17059,1.0246,1.5412,172.66,0.23429
59.882,32.37,228.3,5,-0.55234,69.225,123.29,0,15,1.011,0.30775,0.36985,67.901,1.0973
70.102,27.282,92.499,5,-1.811,66.904,127.29,0,17,1.0362,0.33096,0.41435,71.905,1.1266
7.3075,30.76,194.74,5,-2.552,32.347,167.87,0,2,1.051,0.67653,0.86523,115.77,0.12293
74.304,23.272,44.043,5,-0.9818,75.717,123.36,0,20,1.0196,0.24283,0.37067,65.587,1.2425
22.151,29.309,-15.888,5,-1.6908,42.886,123.6,0,24,1.0338,0.57114,0.37332,84.041,1.5794
71.258,7.3475,112.89,5,-2.7515,51.982,124.42,0,18,1.055,0.48018,0.38246,79.204,0.94677
27.737,35.29,-38.194,5,40.287,-3.4198,233.35,0,9,0.19426,1.0342,1.5928,177.03,0.65758
18.03,16.438,7.0609,5,-0.50841,72.721,120.41,0,14,1.0102,0.27279,0.33793,64.963,0.7824
88.996,13.839,-59.25,5,-2.5524,48.972,124.09,0,23,1.051,0.51028,0.37877,80.794,1.216
16.925,15.923,257.27,5,-4.368,9.6488,168.47,0,5,1.0874,0.90351,0.87193,131.44,0.2767
79.496,47.696,219.01,5,-0.44462,90.187,123.28,0,19,1.0089,0.098125,0.36975,61.223,1.5821
35.117,41.777,-55.957,5,-1.8536,37.372,123.55,0,19,1.0371,0.62628,0.37276,87.958,1.5808
88.412,30.521,109.29,5,-0.25654,79.333,123.28,0,21,1.0051,0.20667,0.36976,63.721,1.3226
15.613,32.325,118.29,5,-0.70055,63.286,118.23,0,7,1.014,0.36714,0.31367,68.669,0.46107
53.82,42.904,33.334,5,-2.273,92.56,123.83,0,17,1.0455,0.074405,0.37584,62.705,1.4854
42.754,24.466,138.71,5,-0.81115,54.342,125.37,0,11,1.0162,0.45658,0.39302,76.926,0.72482
31.946,39.147,64.904,5,-0.68738,81.867,122.09,0,11,1.0137,0.18133,0.35661,62.674,0.86649
83.565,41.091,99.554,5,-0.14079,88.467,123.3,0,20,1.0028,0.11533,0.37004,61.288,1.4749
43.513,44.799,126.22,5,-2.1591,79.734,123.78,0,12,1.0432,0.20266,0.37529,65.361,1.0795
54.409,19.167,-20.53,5,-1.1191,36.067,123.41,0,18,1.0224,0.63933,0.37117,88.411,1.1118
31.349,44.811,260.32,5,-1.7152,65.274,125.35,0,9,1.0343,0.34726,0.39281,71.625,0.77246
84.336,9.5857,117.26,5,-0.16448,55.994,123.3,0,20,1.0033,0.44006,0.36997,74.577,1.034
77.194,11.817,216.34,5,-1.9313,56.032,123.67,0,19,1.0386,0.43968,0.37411,75.919,1.0295
88.347,26.097,131.35,5,-0.676,73.669,123.3,0,21,1.0135,0.26331,0.37003,66.109,1.2611
38.093,22.988,189.22,5,-2.1508,58.184,123.77,0,11,1.043,0.41816,0.37527,74.893,0.70579
26.619,25.316,-86.845,5,36.952,-2.7832,-70.423,0,6,0.26096,1.0278,1.7825,190.97,0.38335
43.863,9.4679,159.21,5,-1.8529,44.077,123.64,0,12,1.0371,0.55923,0.37375,83.352,0.66123
73.515,29.789,-2.7249,5,-0.84702,53.574,123.33,0,22,1.0169,0.46426,0.37035,76.497,1.4856
19.938,35.118,-76.594,5,41.518,-3.6141,-79.475,0,9,0.16963,1.0361,1.8831,198.82,0.6293
53.369,40.299,232.87,5,-1.9918,75.255,123.7,0,14,1.0398,0.24745,0.37445,66.717,1.1707
65.632,10.918,175.78,5,-0.23637,50.2,123.29,0,16,1.0047,0.498,0.36987,78.178,0.88454
16.953,13.777,-25.492,5,56.091,-0.39532,-73.9,0,9,0.12182,1.004,1.8211,192.3,0.48733
85.502,21.438,244.38,5,-0.081514,59.792,124.06,0,20,1.0016,0.40208,0.37841,72.696,1.1599
42.498,44.8,240.92,5,-2.4157,78.172,123.9,0,12,1.0483,0.21828,0.37664,66.128,1.0771
24.437,32.607,99.392,5,-1.0439,75.542,119.55,0,10,1.0209,0.24458,0.32832,63.85,0.6937
65.187,39.675,5.3578,5,-0.23609,59.278,123.28,0,21,1.0047,0.40722,0.36974,72.727,1.6879
64.958,24.273,223.58,5,-0.57656,61.054,123.29,0,16,1.0115,0.38946,0.3699,71.993,1.0364
16.797,44.625,183.16,5,-2.712,59.739,133.15,0,5,1.0542,0.40261,0.47948,79.131,0.3872
48.732,35.294,-5.9234,5,-1.5307,50.668,123.53,0,19,1.0306,0.49332,0.3725,78.822,1.4679
76.653,46.681,-34.291,5,-0.65366,72.989,123.3,0,21,1.0131,0.27011,0.36999,66.365,1.7615
73.539,41.881,-37.386,5,-0.15313,65.543,123.29,0,20,1.0031,0.34457,0.36994,69.363,1.5948
49.529,11.763,218.02,5,-1.2304,46.625,123.48,0,13,1.0246,0.53375,0.37199,81.206,0.73664
50.368,49.489,72.83,5,-1.354,90.895,123.46,0,14,1.0271,0.091045,0.37182,61.967,1.3858
65.7,16.935,94.969,5,-2.1421,60.964,123.76,0,17,1.0428,0.39036,0.37515,73.366,1.0055
29.061,17.296,119.93,5,-0.27092,50.92,121.96,0,9,1.0054,0.4908,0.35506,77.183,0.52747
39.325,12.12,-56.068,5,43.301,-2.235,-82.542,0,3,0.13398,1.0223,1.9171,200.67,0.16944
77.03,35.779,100.5,5,-1.392,81.792,123.47,0,19,1.0278,0.18208,0.3719,63.976,1.3634
47.424,41.962,224.89,5,-2.3786,77.88,123.83,0,13,1.0476,0.2212,0.37594,66.163,1.1188
86.089,18.739,227.42,5,-2.5157,56.832,128.9,0,20,1.0503,0.43168,0.43226,78.325,1.1247
12.013,8.7266,70.623,5,-0.98018,61.287,115.72,0,11,1.0196,0.38713,0.28578,68.987,0.55633
38.694,19.291,208.94,5,-2.0428,53.545,123.72,0,11,1.0409,0.46455,0.37468,77.483,0.67487
81.974,39.349,121.23,5,-1.5493,86.647,123.52,0,20,1.031,0.13353,0.37248,62.924,1.4585
63.342,19.251,212.25,5,-1.5565,58.387,123.53,0,16,1.0311,0.41613,0.37251,74.254,0.97747
34.966,23.971,28.395,5,-1.2603,69.084,123.51,0,13,1.0252,0.30916,0.37229,68.601,0.8387
12.69,42.962,234.2,5,-1.7518,41.391,171.89,0,3,1.035,0.58609,0.90986,113.22,0.22008
71.415,10.886,178.71,5,-2.3876,48.307,128.62,0,17,1.0478,0.51693,0.42913,83.116,0.92743
69.553,39.931,267.51,5,-1.7322,72.108,123.59,0,18,1.0346,0.27892,0.37323,67.694,1.4247
17.443,48.649,232.51,5,-1.2906,50.846,154.79,0,4,1.0258,0.49154,0.71992,96.15,0.32894
43.854,17.5,79.638,5,-0.81664,54.083,123.41,0,12,1.0163,0.45917,0.37117,76.201,0.72527
78.567,23.388,4.3412,5,-1.3703,49.555,123.46,0,24,1.0274,0.50445,0.37182,79.394,1.4676
15.689,21.308,223.51,5,-3.2164,25.247,154.64,0,4,1.0643,0.74753,0.71823,112.24,0.23297
80.204,31.101,184.09,5,-0.19454,74.367,123.29,0,19,1.0039,0.25633,0.36988,65.458,1.2628
40.013,49.406,73.142,5,-2.3693,88.912,123.87,0,12,1.0474,0.11088,0.37636,63.347,1.1635
52.651,37.408,-26.598,5,-2.3873,55.523,123.88,0,18,1.0477,0.44477,0.37646,76.62,1.4366
17.476,15.149,249.85,5,-0.19727,11.141,165.55,0,4,1.0039,0.88859,0.83942,126.98,0.22009
62.434,37.225,-78.519,5,-1.3559,65.032,123.46,0,17,1.0271,0.34968,0.37178,70.567,1.3282
25.473,12.601,-78.874,5,31.736,-1.005,-62.192,0,3,0.36528,1.01,1.691,183.57,0.16524
82.675,39.835,180.78,5,-1.4408,85.609,123.49,0,20,1.0288,0.14391,0.37207,63.044,1.4606
62.803,23.817,186.39,5,-1.7791,64.601,123.61,0,16,1.0356,0.35399,0.37342,71.159,1.0356
37.462,43.031,93.082,5,-1.9125,79.551,123.69,0,11,1.0382,0.20449,0.3743,65.176,0.94287
40.457,28.913,181.66,5,-0.78918,62.503,123.32,0,11,1.0158,0.37497,0.37025,71.386,0.76683
69.045,13.684,227.62,5,-0.951,52.266,123.35,0,17,1.019,0.47734,0.37059,77.376,0.96163
49.18,21.716,166.3,5,-1.3415,57.788,123.46,0,13,1.0268,0.42212,0.37173,74.411,0.83027
41.01,36.12,-46.272,5,-2.4486,47.54,123.93,0,17,1.049,0.5246,0.37694,81.571,1.3176
20.798,9.3495,46.402,5,-1.6646,67.8,119.26,0,13,1.0333,0.322,0.32515,67.546,0.6825
62.515,28.834,23.27,5,-2.73,60.604,124.06,0,28,1.0546,0.39396,0.37845,74.112,1.9375
69.75,18.221,-14.643,5,-1.7999,40.891,123.62,0,21,1.036,0.59109,0.37351,85.482,1.2481
89.003,44.401,223.69,5,-0.62219,88.783,123.3,0,21,1.0124,0.11217,0.36994,61.62,1.546
21.996,36.025,179.38,5,-2.5265,60.21,126,0,7,1.0505,0.3979,0.40002,75.09,0.50117
33.743,45.018,227,5,-2.1033,76.768,123.57,0,10,1.0421,0.23232,0.37296,66.191,0.87206
9.5289,15.979,152.46,5,-1.6865,25.9,134.9,0,3,1.0337,0.741,0.49894,100.89,0.16084
53.121,30.821,100.77,5,-1.5665,69.676,123.53,0,14,1.0313,0.30324,0.37255,68.577,1.0108
75.44,19.918,26.462,5,-2.4036,88.875,123.89,0,26,1.0481,0.11125,0.37656,63.392,1.5471
78.64,11.452,25.288,5,-2.4517,76.647,128.76,0,27,1.049,0.23353,0.43071,69.276,1.4506
78.342,38.728,31.184,5,-2.6405,103.23,124.01,0,24,1.0528,0.032256,0.37793,62.756,1.7775
52.059,32.001,265.67,5,-1.5542,62.187,123.56,0,14,1.0311,0.37813,0.37284,72.205,1.029
36.569,31.765,16.625,5,-1.9426,80.194,123.68,0,15,1.0389,0.19806,0.37418,64.996,1.0784
79.591,21.226,180.68,5,-0.4091,64.889,123.28,0,19,1.0082,0.35111,0.36972,69.865,1.129
38.533,16.312,236.33,5,-1.8171,49.044,123.53,0,11,1.0363,0.50956,0.3726,80.038,0.65112
80.553,46.419,-8.4449,5,-0.17864,70.269,123.29,0,23,1.0036,0.29731,0.36994,67.159,1.8645
14.681,17.025,167.51,5,-0.64763,29.646,133.12,0,4,1.013,0.70354,0.47914,96.821,0.22178
73.038,33.065,-53.755,5,-1.5653,59.718,123.53,0,20,1.0313,0.40282,0.37254,73.524,1.4126
65.621,7.2021,140.71,5,-0.30529,45.535,123.27,0,16,1.0061,0.54465,0.3697,81.266,0.85013
27.327,47.515,266.69,5,-0.29646,56.864,131.71,0,7,1.0059,0.43136,0.46345,78.296,0.61218
91.758,12.237,55.458,5,-2.681,73.372,124.04,0,24,1.0536,0.26628,0.37817,68.138,1.2347
21.431,7.1182,75.347,5,-0.031661,57.199,117.6,0,11,1.0006,0.42801,0.30661,71.39,0.56598
43.917,16.961,115.05,5,-1.8678,51.989,123.67,0,12,1.0374,0.48011,0.37416,78.29,0.72062
68.536,43.476,-20.107,5,-0.73773,64.759,123.31,0,20,1.0148,0.35241,0.37014,70.185,1.6811
25.086,35.082,-11.42,5,-1.235,49.346,123.43,0,24,1.0247,0.50654,0.37144,79.425,1.7258
70.808,30.31,-46.625,5,-2.4006,56.159,123.89,0,20,1.048,0.43841,0.37656,76.266,1.3749
25.755,13.143,120.88,5,-1.0456,49.056,121.07,0,9,1.0209,0.50944,0.34521,78.525,0.49902
49.776,38.725,224.25,5,-1.0711,72.843,123.45,0,13,1.0214,0.27157,0.37167,66.819,1.0608
18.906,36.455,-36.97,5,45.065,-0.5323,265.02,0,10,0.098692,1.0053,1.9447,201.9,0.70677
30.758,31.493,171.13,5,-1.0199,62.009,123.34,0,9,1.0204,0.37991,0.37045,71.819,0.63239
48.395,16.975,265.16,5,-0.86391,46.161,123.34,0,13,1.0173,0.53839,0.37046,81.225,0.78275
8.0436,31.427,123.56,5,-2.2047,48.6,121.38,0,4,1.0441,0.514,0.34863,79.698,0.24879
30.562,11.182,30.535,5,-2.5353,60.594,123.4,0,13,1.0507,0.39406,0.37115,73.679,0.71491
29.507,47.033,144.09,5,-1.6123,78.409,123.38,0,9,1.0322,0.21591,0.37086,65.146,0.79235
60.99,24.339,155.83,5,-0.23393,61.758,123.29,0,15,1.0047,0.38242,0.36991,71.374,0.98097
28.395,11.512,20.011,5,-0.93028,59.987,122.83,0,13,1.0186,0.40013,0.36479,72.614,0.7136
17.433,43.015,-42.171,5,-2.7828,37.491,124.09,0,23,1.0557,0.62509,0.37877,88.631,1.7521
7.8219,7.1483,83.251,5,-2.0738,45.525,115.24,0,8,1.0415,0.54475,0.28044,79.475,0.39222
90.037,9.4659,223.69,5,-0.20103,53.468,123.29,0,21,1.004,0.46532,0.36987,76.115,1.0607
29.997,37.836,105.06,5,-1.5581,76.176,122.11,0,10,1.0312,0.23824,0.35676,65.244,0.76566
35.612,38.953,265.32,5,-0.27285,62.621,123.25,0,10,1.0055,0.37379,0.36942,70.922,0.7972
73.016,27.579,141.08,5,-1.501,70.51,123.51,0,18,1.03,0.2949,0.37229,68.152,1.1844
14.291,10.472,165,5,-0.87852,23.307,132.78,0,4,1.0176,0.76693,0.47531,101.49,0.2075
18.942,25.363,35.426,5,-0.27937,83.64,118.29,0,13,1.0056,0.1636,0.31433,59.966,0.80405
89.334,49.541,-62.911,5,-1.9428,78.687,127.65,0,22,1.0389,0.21313,0.41829,67.598,1.7193
75.098,33.402,-50.037,5,-0.30605,59.056,123.28,0,20,1.0061,0.40944,0.36974,72.9,1.4051
41.97,47.909,114.44,5,-0.12303,80.124,123.29,0,11,1.0025,0.19876,0.36989,63.369,1.0435
52.674,25.231,-0.24544,5,-2.3845,43.733,123.88,0,20,1.0477,0.56267,0.37647,84.013,1.3366
26.356,33.857,-50.659,5,42.114,-1.7432,-86.49,0,8,0.15772,1.0174,1.961,203.87,0.56946
80.067,22.51,35.649,5,-1.1663,83.496,123.41,0,23,1.0233,0.16504,0.37117,63.295,1.3836
57.212,30.286,189.16,5,-2.25,70.226,123.81,0,15,1.045,0.29774,0.37571,68.992,1.0701
47.447,28.031,-31.972,5,-1.682,43.84,123.6,0,17,1.0336,0.5616,0.37329,83.388,1.1803
41.889,15.399,156.36,5,-0.20472,47.019,123.36,0,11,1.0041,0.52981,0.37065,80.251,0.64714
83.543,26.141,161.16,5,-0.84803,71.604,123.33,0,20,1.017,0.28396,0.37036,67.104,1.2328
26.493,27.625,130.7,5,-1.8719,62.109,122.27,0,9,1.0374,0.37891,0.3586,71.889,0.59135
18.821,40.951,93.331,5,-0.76967,86.821,117.33,0,10,1.0154,0.13179,0.30371,59.147,0.74878
22.239,17.931,118.73,5,-1.7786,55.918,120.28,0,9,1.0356,0.44082,0.33645,74.439,0.51941
59.664,23.175,55.907,5,-0.91801,66.387,123.35,0,16,1.0184,0.33613,0.37052,69.53,1.0332
24.978,49.513,117.67,5,-0.84073,86.214,120.51,0,9,1.0168,0.13786,0.33903,60.876,0.79862
54.207,34.67,144.48,5,-1.3733,70.514,123.46,0,14,1.0275,0.29486,0.37183,68.033,1.0693
7.0387,13.804,121.65,5,-0.4326,26.811,119.99,0,3,1.0087,0.73189,0.33325,93.807,0.15575
37.409,35.736,-68.148,5,-2.1904,35.719,123.63,0,18,1.0438,0.64281,0.37372,89.371,1.3743
8.7701,26.065,-42.483,5,-0.15855,69.768,123.34,0,18,1.0032,0.30232,0.37048,67.391,1.0631
76.772,19.225,240.28,5,-2.0925,60.472,123.74,0,19,1.0419,0.39528,0.37489,73.583,1.1164
68.419,13.408,210.07,5,-1.3033,54.284,123.44,0,17,1.0261,0.45716,0.3716,76.423,0.96014
32.621,46.565,101.44,5,-0.99794,82.791,122.7,0,10,1.02,0.17209,0.36335,62.979,0.88983
49.27,7.8091,-2.9228,5,58.96,-1.9154,-74.831,0,3,0.17919,1.0192,1.8315,194,0.1627
65.854,31.029,21.406,5,-0.43314,57.282,123.28,0,25,1.0087,0.42718,0.36974,73.997,1.7663
65.518,12.173,127.66,5,-0.34953,50.673,123.27,0,16,1.007,0.49327,0.3697,77.944,0.89699
32.161,8.2771,-56.412,5,36.945,-0.49551,-63.67,0,2,0.26111,1.005,1.7074,184.08,0.10702
38.926,8.4542,104.5,5,-1.5996,43.227,123.56,0,11,1.032,0.56773,0.37285,83.736,0.59644
24.738,45.667,-4.5544,5,-2.6294,96.366,124.15,0,17,1.0526,0.036345,0.37943,62.843,1.4186
80.17,9.037,93.535,5,-2.0654,58.002,123.73,0,20,1.0413,0.41998,0.37476,74.915,1.0435
50.772,39.775,227.83,5,-0.55039,72.785,123.38,0,13,1.011,0.27215,0.37094,66.412,1.0792
31.588,9.4664,219.8,5,-0.93455,38.256,123.52,0,9,1.0187,0.61744,0.37247,86.778,0.48708
8.1101,47.871,105.09,5,-0.88699,71.166,115.13,0,5,1.0177,0.28834,0.27925,63.66,0.37383
17.245,44.711,104.24,5,-1.3163,85.673,117.74,0,9,1.0263,0.14327,0.30827,60.07,0.70025
67.246,38.169,120.94,5,-2.2254,80.387,123.8,0,17,1.0445,0.19613,0.37558,65.229,1.3242
14.187,27.439,171.87,5,-1.5972,39.478,135.3,0,4,1.0319,0.60522,0.50332,91.526,0.24717
39.659,11.845,245.85,5,-1.2433,41.97,123.5,0,11,1.0249,0.5803,0.37219,84.353,0.61966
15.439,7.3858,32.488,5,-1.6041,71.081,118.45,0,14,1.0321,0.28919,0.31614,65.641,0.70812
22.524,36.745,134.63,5,-1.3038,68.633,121.46,0,8,1.0261,0.31367,0.34952,67.864,0.58
57.188,45.101,23.157,5,-0.42478,104.18,123.28,0,22,1.0085,0.041793,0.36973,60.559,1.9867
42.895,21.135,105.26,5,-2.1443,57.329,123.74,0,12,1.0429,0.42671,0.37484,75.352,0.75772
11.012,32.519,81.366,5,-0.16735,75.696,114.23,0,9,1.0033,0.24304,0.26923,60.783,0.57741
17.732,32.202,-23.407,5,-1.5976,44.575,123.56,0,25,1.032,0.55425,0.37293,82.829,1.6648
69.472,44.341,227.73,5,-0.72014,82.689,123.31,0,17,1.0144,0.17311,0.3701,63.101,1.4415
84.572,7.2209,68.417,5,-0.18912,59.441,123.29,0,21,1.0038,0.40559,0.36989,72.61,1.0605
75.038,46.689,138.91,5,-0.3291,88.667,123.27,0,18,1.0066,0.11333,0.36971,61.389,1.5281
8.4171,14.479,185.27,5,-1.1241,17.423,159.73,0,2,1.0225,0.82577,0.77479,119.56,0.10516
39.067,42.703,257.54,5,-1.2533,70.889,123.39,0,11,1.0251,0.29111,0.37104,67.746,0.94289
73.866,13.823,204.83,5,-0.92821,56.354,123.35,0,18,1.0186,0.43646,0.37054,74.905,1.0065
39.159,17.024,-21.8,5,48.56,-4.1495,266.03,0,5,0.028793,1.0415,1.9559,204.54,0.29875
46.164,38.747,-58.414,5,-1.5331,54.033,123.53,0,16,1.0307,0.45967,0.37251,76.763,1.3035
91.897,37.954,244.53,5,-1.6076,82.352,123.54,0,22,1.0322,0.17648,0.37271,64.031,1.4693
42.527,11.6,127.68,5,-2.7547,47.133,124.08,0,12,1.0551,0.52867,0.37862,82.093,0.67632
45.471,35.175,12.742,5,-1.0829,61.803,123.38,0,26,1.0217,0.38197,0.37093,71.993,2.0005
7.9554,23.106,75.276,5,-1.6713,66.442,114.95,0,9,1.0334,0.33558,0.27723,66.472,0.51347
26.666,33.932,150.11,5,-0.49507,62.504,123.02,0,8,1.0099,0.37496,0.36686,71.034,0.57087
26.975,37.624,96.376,5,-0.6898,79.083,120.28,0,10,1.0138,0.20917,0.33641,62.639,0.75199
27.3,47.583,155.92,5,-0.36018,75.533,123.26,0,8,1.0072,0.24467,0.36959,65.125,0.70027
66.823,48.556,86.038,5,-0.85541,92.661,123.33,0,17,1.0171,0.073385,0.37037,61.247,1.5704
15.978,46.76,133.86,5,-0.78758,71.573,121.13,0,6,1.0158,0.28427,0.34584,66.002,0.47482
9.3879,26.671,164.94,5,-3.1697,34.815,143.09,0,3,1.0634,0.65185,0.58987,99.471,0.17895
11.161,15.443,242.75,5,-2.6942,11.169,181.35,0,3,1.0539,0.88831,1.015,137.89,0.1612
72.873,11.29,77.205,5,-0.20161,56.255,123.29,0,18,1.004,0.43745,0.36984,74.443,0.98241
48.188,25.196,-75.231,5,-1.2852,45.183,123.45,0,15,1.0257,0.54817,0.37162,82.181,1.0023
78.413,19.824,139.82,5,-0.98648,64.297,123.36,0,19,1.0197,0.35703,0.37068,70.621,1.1168
87.137,29.147,117.47,5,-1.1218,78.109,123.39,0,21,1.0224,0.21891,0.37104,64.867,1.3126
13.736,32.116,159.86,5,-1.0108,45.471,131.58,0,4,1.0202,0.54529,0.46204,85.468,0.25986
43.168,16.972,260.11,5,-1.5492,46.62,123.56,0,12,1.031,0.5338,0.37291,81.444,0.72022
75.85,26.205,-30.093,5,-0.72624,52.247,123.31,0,21,1.0145,0.47753,0.37012,77.221,1.3429
75.263,9.4183,-10.899,5,77.4,-4.207,253.13,0,3,0.548,1.0421,1.8126,195.5,0.15951
51.178,36.644,31.056,5,-2.3627,87.064,123.87,0,17,1.0473,0.12936,0.37632,63.689,1.3414
87.599,31.402,56.614,5,-2.8213,90.482,124.43,0,23,1.0564,0.095181,0.38257,63.767,1.4701
59.297,34.499,-82.767,5,-0.94424,60.586,123.36,0,16,1.0189,0.39414,0.37063,72.536,1.2092
64.245,21.173,191.78,5,-0.88898,61.054,123.34,0,16,1.0178,0.38946,0.37045,72.236,0.9987
87.363,32.869,78.882,5,-2.2144,87.656,123.8,0,22,1.0443,0.12344,0.37553,63.411,1.4318
92.916,21.197,160.38,5,-0.79991,70.336,123.32,0,22,1.016,0.29664,0.37026,67.609,1.2259
31.853,26.161,18.662,5,-2.706,75.122,124.03,0,14,1.0541,0.24878,0.37815,67.492,0.92061
42.373,16.254,23.288,5,-0.36692,62.676,123.37,0,15,1.0073,0.37324,0.37077,71.017,0.89187
88.125,17.07,-31.128,5,-1.9911,48.239,123.7,0,24,1.0398,0.51761,0.37439,80.732,1.3147
42.718,23.916,130.93,5,-2.5966,59.27,123.99,0,12,1.0519,0.4073,0.37766,74.704,0.78501
11.032,28.701,261.7,5,-4.9119,18.794,187.98,0,4,1.0982,0.81206,1.0887,138.6,0.24615
26.926,35.098,199.78,5,-1.1987,62.323,124.02,0,8,1.024,0.37677,0.37804,72.101,0.5807
68.868,12.926,209.55,5,-1.0131,53.63,123.37,0,17,1.0203,0.4637,0.37075,76.589,0.95404
86.604,8.3783,136.39,5,-1.769,57.048,123.6,0,21,1.0354,0.42952,0.37338,75.194,1.0642
64.11,8.5749,-82.793,5,59.864,-0.17282,230.61,0,2,0.19728,1.0017,1.5623,172.93,0.1081
15.738,43.117,60.664,5,-0.093472,99.61,116.22,0,12,1.0019,0.0039037,0.29137,56.543,0.90355
48.334,32.098,28.732,5,-2.6902,83.97,124.02,0,17,1.0538,0.1603,0.37796,64.733,1.2514
69.115,8.2469,-31.706,5,70.335,-1.4086,263.92,0,2,0.4067,1.0141,1.9324,202.35,0.1067
12.902,35.095,221.65,5,-1.7382,36.386,163.94,0,3,1.0348,0.63614,0.82155,110.41,0.20064
81.041,27.333,-81.398,5,-1.3534,57.2,126.43,0,20,1.0271,0.428,0.40476,76.131,1.2655
75.715,32.958,6.3484,5,-0.18953,56.777,123.29,0,23,1.0038,0.43223,0.36988,74.131,1.6016
11.355,28.791,-19.281,5,-1.313,83.175,121.82,0,16,1.0263,0.16825,0.35355,62.678,0.98742
64.062,22.414,78.327,5,-2.594,67.944,123.99,0,17,1.0519,0.32056,0.37766,70.349,1.078
13.37,23.019,234.44,5,-1.0277,21.584,170.38,0,3,1.0206,0.78416,0.89315,123.35,0.17595
47.91,43.046,215.24,5,-2.2067,79.278,123.76,0,13,1.0441,0.20722,0.37515,65.536,1.1405
13.728,44.101,238.23,5,-0.4483,41.766,172.05,0,3,1.009,0.58234,0.91169,112.56,0.2251
12.097,28.392,212.75,5,-2.4952,31,161.46,0,3,1.0499,0.69,0.794,112.35,0.18514
87.474,35.195,128.46,5,-1.1675,83.325,123.41,0,21,1.0233,0.16675,0.37117,63.341,1.4026
22.993,40.976,-30.335,5,-0.073969,34.112,123.35,0,21,1.0015,0.65888,0.37054,89.223,1.6176
22.184,37.568,-12.759,5,-0.078371,90.546,123.27,0,21,1.0016,0.094541,0.36963,60.86,1.5363
60.228,22.9,28.369,5,-1.6343,78.881,123.55,0,20,1.0327,0.21119,0.37282,65.1,1.2858
66.427,49.4,165.73,5,-2.7938,92.151,124.09,0,17,1.0559,0.078489,0.3788,63.333,1.5977
32.621,46.346,151.12,5,-0.12338,75.407,123.35,0,9,1.0025,0.24593,0.3706,65.036,0.79789
23.487,10.227,196.33,5,-1.7736,33.338,126.07,0,7,1.0355,0.66662,0.40083,91.792,0.37391
14.386,26.208,139.87,5,-0.6559,46.104,123.3,0,5,1.0131,0.53896,0.37005,81.118,0.30511
91.999,45.91,52.548,5,1.0622,102.7,123.41,0,23,0.97876,0.02699,0.37127,59.319,1.6793
19.085,45.065,28.017,5,0.19438,102.23,118.55,0,13,0.99611,0.022303,0.31724,57.452,1.0312
64.989,19.702,236.45,5,-0.41764,55.193,123.28,0,16,1.0084,0.44807,0.36973,75.212,0.97937
51.707,46.423,68.125,5,-0.23951,87.462,123.26,0,14,1.0048,0.12538,0.36959,61.544,1.3059
44.219,16.468,177.92,5,-1.4612,51.651,123.53,0,12,1.0292,0.48349,0.37259,78.169,0.71657
76.518,47.872,145.78,5,-2.4105,93.338,123.89,0,19,1.0482,0.066618,0.3766,62.77,1.6243
48.223,8.1284,-54.688,5,49.764,-1.6778,-88.008,0,2,0.0047165,1.0168,1.9779,205,0.10883
16.942,14.447,-10.232,5,-2.7339,67.77,123.56,0,16,1.0547,0.3223,0.37285,70.326,0.87224
24.066,36.484,171.93,5,-0.23501,60.9,124.16,0,7,1.0047,0.391,0.37954,72.244,0.51016
45.309,41.348,-33.234,5,-0.39496,51.625,123.27,0,17,1.0079,0.48375,0.36971,77.376,1.4446
11.472,8.0043,137.08,5,-0.55043,23.958,124.26,0,4,1.011,0.76042,0.38063,97.526,0.20053
62.049,41.052,139.38,5,-2.6929,81.317,124.33,0,16,1.0539,0.18683,0.3814,65.604,1.3296
60.187,8.0653,189.71,5,-0.49573,45.62,123.28,0,15,1.0099,0.5438,0.36981,81.331,0.81083
42.632,14.961,258.53,5,-1.9586,45.167,123.7,0,12,1.0392,0.54833,0.3744,82.715,0.70292
56.182,37.25,-25.207,5,-0.94205,54.452,123.35,0,18,1.0188,0.45548,0.3706,76.041,1.4273
7.5787,30.504,242,5,-0.71396,25.124,204.28,0,2,1.0143,0.74876,1.2698,145.74,0.12282
21.206,29.843,-45.67,5,43.167,-1.811,-81.786,0,8,0.13666,1.0181,1.9087,199.81,0.52745
46.155,10.87,229.91,5,-0.2842,43.113,123.27,0,12,1.0057,0.56887,0.36962,82.893,0.67255
27.571,40.999,159.73,5,-0.27655,68.706,123.34,0,8,1.0055,0.31294,0.37045,67.96,0.63371
52.856,31.999,195.85,5,-2.1841,70.192,123.78,0,14,1.0437,0.29808,0.37537,68.942,1.0285
75.206,35.711,173.66,5,-0.21947,77.965,123.29,0,18,1.0044,0.22035,0.36983,64.152,1.3033
23.196,30.4,45.473,5,-2.3267,87.491,120.47,0,13,1.0465,0.12509,0.33857,61.831,0.87151
60.201,17.144,244.56,5,-0.32629,50.61,123.27,0,15,1.0065,0.4939,0.3697,77.969,0.89841
56.917,40.358,25.462,5,-2.3463,97.037,123.86,0,20,1.0469,0.02963,0.37625,62.414,1.6655
71.162,29.806,66.991,5,-0.3179,75.947,123.27,0,18,1.0064,0.24053,0.3697,64.942,1.2276
63.067,46.349,10.879,5,-2.0647,67.695,123.73,0,22,1.0413,0.32305,0.37476,69.942,1.9921
47.668,11.332,142.32,5,-2.5957,47.958,123.98,0,13,1.0519,0.52042,0.37761,81.423,0.73281
78.215,15.673,36.589,5,-0.6263,73.539,123.3,0,22,1.0125,0.26461,0.36995,66.119,1.237
66.425,18.96,64.133,5,-2.8224,67.544,124.54,0,18,1.0564,0.32456,0.38382,70.971,1.0884
59.449,14.248,-24.866,5,57.457,-3.4218,225.45,0,4,0.14914,1.0342,1.505,170.58,0.23183
14.131,41.997,98.794,5,-2.1627,83.828,117.61,0,9,1.0433,0.16172,0.3068,61.196,0.65985
13.504,40.411,-50.729,5,43.049,-0.61108,229.55,0,12,0.13901,1.0061,1.5505,172.17,0.85865
44.346,8.9937,21.726,5,-2.0969,61.591,123.74,0,17,1.0419,0.38409,0.37492,72.992,0.9322
21.783,48.758,2.7545,5,-0.33132,98.962,122.49,0,14,1.0066,0.01038,0.36098,59.915,1.1966
47.855,20.199,50.253,5,-0.73626,62.88,123.37,0,14,1.0147,0.3712,0.37079,71.174,0.87686
57.955,34.709,160.83,5,-2.0069,73.787,123.7,0,15,1.0401,0.26213,0.37447,67.288,1.1403
74.657,14.304,181.8,5,-0.38255,57.021,123.27,0,18,1.0077,0.42979,0.36972,74.114,1.0093
26.257,36.923,221.8,5,-0.36193,57.097,126.48,0,7,1.0072,0.42903,0.4053,75.548,0.5193
35.27,18.872,227.32,5,-1.0978,50.065,123.21,0,10,1.022,0.49935,0.36897,78.786,0.6064
7.6507,15.786,268.91,5,-2.6035,-0.68935,219.14,0,4,1.0521,1.0069,1.4349,172,0.21217
67.291,14.749,-56.431,5,-1.9442,39.809,123.68,0,19,1.0389,0.60191,0.37418,86.344,1.0921
60.01,13.306,202.24,5,-0.65318,51.1,123.3,0,15,1.0131,0.489,0.36999,77.883,0.8594
91.095,31.507,84.795,5,-0.31651,83.973,123.27,0,22,1.0063,0.16027,0.36972,62.417,1.3771
35.776,28.023,10.957,5,-1.929,77.594,123.69,0,16,1.0386,0.22406,0.37436,65.832,1.0904
86.713,44.965,114.09,5,-1.2823,94.374,123.44,0,21,1.0256,0.05626,0.37153,61.478,1.5871
74.971,34.95,154.51,5,-0.34068,77.081,123.27,0,18,1.0068,0.22919,0.36971,64.55,1.2917
59.649,24.632,58.314,5,-1.1998,67.916,123.41,0,16,1.024,0.32084,0.37126,69.046,1.0529
22.424,9.959,195.8,5,-3.0194,32.886,127.33,0,7,1.0604,0.67114,0.41476,93.321,0.37167
63.19,42.158,-3.2788,5,-0.29357,60.513,123.28,0,20,1.0059,0.39487,0.36973,72.083,1.6856
20.496,17.339,103.17,5,-2.2016,61.86,119.31,0,10,1.044,0.3814,0.32569,70.985,0.56968
74.218,14.226,124.77,5,-0.72908,56.548,123.31,0,18,1.0146,0.43452,0.37012,74.64,1.0098
78.266,48.053,172.62,5,-1.1273,92.432,123.4,0,19,1.0225,0.075681,0.37106,61.535,1.6064
69.361,33.763,229.11,5,-0.78283,71.905,123.32,0,17,1.0157,0.28095,0.37022,66.921,1.2317
45.131,32.551,258.36,5,-0.52273,61.157,123.39,0,12,1.0105,0.38843,0.37096,71.944,0.88725
30.963,27.837,-83.892,5,37.963,-1.3227,-78.36,0,6,0.24075,1.0132,1.8707,196.87,0.40197
69.757,20.754,-34.257,5,-1.5925,44.479,123.54,0,20,1.0318,0.55521,0.37265,82.881,1.2244
88.606,14.792,220.54,5,-0.84838,59.657,123.33,0,21,1.017,0.40343,0.37036,72.966,1.1224
50.741,7.0573,88.234,5,-1.9771,41.184,127.66,0,13,1.0395,0.58816,0.41846,87.059,0.69933
82.803,31.962,267.32,5,-0.13767,67.167,123.3,0,20,1.0028,0.32833,0.37004,68.563,1.3239
31.567,10.638,48.892,5,-1.8913,57.386,122.7,0,12,1.0378,0.42614,0.36334,74.686,0.65758
10.823,41.283,25.223,5,1.9097,101.07,115.13,0,13,0.96181,0.01066,0.27927,54.273,0.92085
59.827,32.01,175.79,5,-0.70354,69.742,123.31,0,15,1.0141,0.30258,0.37008,67.792,1.0918
28.741,31.243,85.96,5,-2.3306,76.212,121.67,0,11,1.0466,0.23788,0.35193,65.632,0.76422
70.21,39.153,259.1,5,-2.2087,74.03,123.79,0,18,1.0442,0.2597,0.3755,67.396,1.4037
69.042,28.547,-2.9828,5,-0.43292,49.388,123.28,0,21,1.0087,0.50612,0.36974,78.818,1.4199
81.227,38.612,-5.8152,5,-2.1311,65.521,123.76,0,24,1.0426,0.34479,0.37509,71.036,1.7423
31.214,14.031,223.11,5,-1.2468,42.556,123.65,0,9,1.0249,0.57444,0.37384,84.012,0.51138
71.766,44.719,-25.934,5,-0.041389,66.834,123.31,0,20,1.0008,0.33166,0.37011,68.656,1.6832
69.697,49.467,143.44,5,-0.57899,90.193,123.29,0,17,1.0116,0.098074,0.36988,61.34,1.5672
80.715,41.103,96.706,5,-1.7457,89.737,123.59,0,20,1.0349,0.10263,0.37328,62.542,1.5055
13.636,11.934,-61.795,5,34.313,-1.9334,-32.421,0,5,0.31375,1.0193,1.3602,160.07,0.26239
12.267,12.727,-28.025,5,-2.3084,61.363,123.85,0,18,1.0462,0.38637,0.3761,73.313,0.94656
73.723,22.458,17.443,5,-1.6236,49.048,123.55,0,25,1.0325,0.50952,0.37277,79.917,1.5415
92.408,26.152,55.012,5,-2.0288,86.828,123.71,0,24,1.0406,0.13172,0.37458,63.38,1.4091
87.727,28.562,16.392,5,100.58,23.735,-51.359,0,3,1.0116,0.76265,1.5707,168.4,0.18567
33.823,33.593,189.13,5,-1.7158,67.338,123.51,0,10,1.0343,0.32662,0.3723,69.743,0.73154
31.628,32.752,203.34,5,-0.45775,62.943,123.24,0,9,1.0092,0.37057,0.36936,70.882,0.64551
37.673,20.946,-5.6105,5,49.882,-2.3998,226.77,0,7,0.0023587,1.024,1.5197,170.86,0.43745
28.107,7.8707,42.156,5,-0.76631,56.987,121.33,0,12,1.0153,0.43013,0.34808,73.544,0.63361
15.242,29.947,136.64,5,-1.9904,54.431,122.48,0,6,1.0398,0.45569,0.36088,76.383,0.38362
64.054,39.272,-73.705,5,-0.22151,64.713,123.29,0,17,1.0044,0.35287,0.36992,69.827,1.3636
59.59,29.977,257.67,5,-0.31504,60.717,123.29,0,15,1.0063,0.39283,0.36986,71.992,1.0612
24.446,10.534,-55.483,5,33.817,-1.1741,-52.977,0,3,0.32366,1.0117,1.5886,175.9,0.16121
26.86,28.812,193.24,5,-0.94757,56.513,123.67,0,8,1.019,0.43487,0.37411,74.97,0.53437
43.819,17.878,75.755,5,-0.5969,54.621,123.35,0,12,1.0119,0.45379,0.37056,75.707,0.72856
90.289,25.092,196.13,5,-2.7962,75.278,124.09,0,22,1.0559,0.24722,0.37881,67.534,1.2933
44.965,44.419,127.92,5,-1.2258,78.426,123.43,0,12,1.0245,0.21574,0.3714,64.86,1.0751
8.7117,13.973,22.625,5,-0.13662,78.433,116.02,0,14,1.0027,0.21567,0.28907,60.462,0.73358
12.029,42.438,113.1,5,-0.59225,69.648,116.99,0,6,1.0118,0.30352,0.29989,64.879,0.43505
60.546,28.714,244.89,5,-0.18194,61.883,123.28,0,15,1.0036,0.38117,0.36982,71.267,1.0408
50.056,41.583,-82.815,5,-0.077986,64.616,123.26,0,14,1.0016,0.35384,0.36956,69.757,1.1983
38.454,19.156,-23.352,5,48.032,-2.0922,267.29,0,5,0.039368,1.0209,1.9699,204.59,0.30613
37.494,12.75,-71.444,5,40.307,-1.9611,-82.999,0,3,0.19385,1.0196,1.9222,201.04,0.17018
73.456,25.725,99.955,5,-0.6456,69.613,123.3,0,18,1.0129,0.30387,0.36998,67.802,1.1555
52.113,7.6185,-68.759,5,51.631,-2.3144,261.18,0,2,0.032623,1.0231,1.902,199.44,0.10822
53.965,15.142,221.92,5,-1.5194,51.083,123.51,0,14,1.0304,0.48917,0.37236,78.551,0.824
61.964,36.871,83.584,5,-1.0367,79.436,123.37,0,16,1.0207,0.20564,0.37081,64.354,1.2451
72.088,30.868,52.329,5,-0.98275,80.769,123.36,0,19,1.0197,0.19231,0.37067,63.89,1.309
13.71,43.347,63.526,5,-0.92425,100.27,116.33,0,12,1.0185,0.0027298,0.29257,57.33,0.8918
35.533,44.972,238.17,5,-0.79492,74.623,123.13,0,10,1.0159,0.25377,0.36814,65.741,0.87876
21.286,45.636,-86.804,5,41.618,-4.4187,-87.247,0,11,0.16763,1.0442,1.9694,205.89,0.89458
64.39,11.152,51.628,5,-1.2339,55.456,126.19,0,17,1.0247,0.44544,0.40206,76.931,0.94438
86.785,34.913,189.51,5,-1.9652,82.475,123.68,0,21,1.0393,0.17525,0.37427,64.359,1.4044
25.515,32.401,233.58,5,-2.0004,49.813,129.18,0,7,1.04,0.50187,0.43528,82.204,0.48681
15.187,46.7,121.61,5,-1.7725,77.307,119.46,0,7,1.0355,0.22693,0.32737,63.745,0.54978
33.341,20.501,45.399,5,-1.5304,65.351,123.11,0,12,1.0306,0.34649,0.36793,70.374,0.73869
87.573,18.806,29.158,5,-2.5801,89.869,124,0,27,1.0516,0.10131,0.37774,63.428,1.509
23.537,10.448,177.19,5,-0.84634,34.759,124.6,0,7,1.0169,0.65241,0.38444,89.66,0.37481
11.56,10.641,214.84,5,-3.1381,12.59,164.26,0,3,1.0628,0.8741,0.82517,126.41,0.1542
72.677,12.062,9.7035,5,78.638,-3.2612,250.26,0,4,0.57277,1.0326,1.7807,192.79,0.22023
41.232,35.579,268.77,5,-0.24376,59.638,124.97,0,11,1.0049,0.40362,0.38854,73.323,0.84596
18.8,24.861,8.6305,5,-0.83951,81.222,120.66,0,14,1.0168,0.18778,0.34062,62.266,0.86038
45.572,16.807,-57.558,5,43.887,-1.8251,230.67,0,4,0.12226,1.0183,1.563,173.77,0.24006
15.609,13.846,249.78,5,-2.1263,9.1147,170.46,0,4,1.0425,0.90885,0.89401,132.1,0.2156
52.634,18.947,-23.302,5,-2.0416,36.597,123.72,0,18,1.0408,0.63403,0.37466,88.687,1.1098
82.838,39.055,76.669,5,-2.0098,91.88,123.7,0,21,1.0402,0.081199,0.37448,62.505,1.5167
22.253,34.86,211.11,5,-1.368,51.666,130.17,0,6,1.0274,0.48334,0.44635,81.17,0.42371
68.666,22.736,83.367,5,-0.050603,65.904,123.34,0,17,1.001,0.34096,0.37042,69.13,1.0694
51.117,45.902,156.89,5,-0.30346,80.925,123.28,0,13,1.0061,0.19075,0.36975,63.259,1.2013
64.185,8.707,-37.149,5,65.075,-1.0363,263.28,0,2,0.30151,1.0104,1.9254,201.15,0.10824
22.762,37.918,15.461,5,-2.4473,93.85,122.17,0,14,1.0489,0.061496,0.35748,61.835,1.0325
22.59,17.073,146.74,5,-2.7002,47.634,123.39,0,8,1.054,0.52366,0.37095,81.45,0.45798
61.079,47.871,63.659,5,-0.72917,90.447,123.31,0,16,1.0146,0.095529,0.37013,61.436,1.5011
62.259,16.687,71.858,5,-0.45747,58.865,123.28,0,16,1.0091,0.41135,0.36976,73.113,0.95001
44.803,34.099,-61.042,5,-2.1532,49.86,123.78,0,16,1.0431,0.5014,0.37528,79.842,1.2102
31.148,10.431,186.28,5,-0.44607,41.369,123.04,0,9,1.0089,0.58631,0.36714,84.109,0.49164
65.221,26.269,172.28,5,-0.37157,65.77,123.27,0,16,1.0074,0.3423,0.36971,69.399,1.0626
24.404,30.586,54.709,5,-0.89171,83.224,119.55,0,12,1.0178,0.16776,0.32838,61.195,0.811
89.347,43.544,66.046,5,-0.060919,97.489,123.33,0,22,1.0012,0.025113,0.3703,60.192,1.5985
50.891,12.746,-89.13,5,-0.082893,36.662,123.26,0,14,1.0017,0.63338,0.36953,87.327,0.80221
89.381,12.335,-3.9013,5,94.022,-0.591,261.93,0,3,0.88044,1.0059,1.9103,204,0.15608
72.538,14.352,146.37,5,-1.8345,57.669,123.63,0,18,1.0367,0.42331,0.37367,74.898,1.0162
15.917,36.905,-20.459,5,-1.6764,85.236,123.57,0,18,1.0335,0.14764,0.37298,63.366,1.255
64.117,27.479,-50.818,5,-0.3464,49.984,123.27,0,18,1.0069,0.50016,0.3697,78.38,1.2182
15.49,45.284,79.696,5,-1.355,97.119,116.89,0,11,1.0271,0.028807,0.29873,58.039,0.85021
29.327,49.928,-23.334,5,-1.9598,53.026,123.69,0,20,1.0392,0.46974,0.37434,77.727,1.846
81.849,21.573,-21.04,5,-1.6117,49.92,123.54,0,23,1.0322,0.5008,0.37272,79.354,1.3586
25.808,46.649,179.9,5,-1.6156,74.833,123.86,0,8,1.0323,0.25167,0.37622,66.664,0.68284
67.359,37.635,-71.73,5,-0.77556,64.105,123.32,0,18,1.0155,0.35895,0.37021,70.546,1.3903
43.888,20.27,92.21,5,-1.2506,56.388,123.5,0,12,1.025,0.43612,0.37219,75.171,0.75034
23.297,44.827,70.654,5,-2.2223,98.37,119.82,0,12,1.0444,0.016305,0.33131,60.158,0.97887
28.747,45.643,19.115,5,-0.74172,93.468,122.94,0,13,1.0148,0.065322,0.366,60.847,1.1137
62.581,17.423,160.58,5,-2.1588,57.996,123.77,0,16,1.0432,0.42004,0.37523,75.002,0.95775
61.903,49.121,263.05,5,-1.0442,81.046,123.37,0,16,1.0209,0.18954,0.37083,63.864,1.531
83.847,17.129,-23.683,5,-0.62335,44.746,123.3,0,23,1.0125,0.55254,0.36995,82.002,1.2847
28.057,30.769,-32.63,5,44.014,-3.0436,266.5,0,8,0.11973,1.0304,1.9611,204.46,0.55077
31.476,43.893,244.11,5,-1.4963,68.474,124.42,0,9,1.0299,0.31526,0.38249,69.504,0.76161
48.71,10.189,241.94,5,-1.7182,42.8,123.63,0,13,1.0344,0.572,0.37365,84.128,0.72367
70.228,25.621,143.44,5,-0.34806,66.079,123.27,0,17,1.007,0.33921,0.36971,69.23,1.1027
27.924,38.959,56.918,5,-2.0149,89.219,121.36,0,12,1.0403,0.10781,0.34848,61.688,0.92435
77.948,39.057,64.855,5,-1.654,90.023,123.56,0,20,1.0331,0.099772,0.37289,62.402,1.4915
53.875,26.399,114.36,5,-1.4236,63.895,123.48,0,14,1.0285,0.36105,0.37201,71.196,0.94976
8.5747,23.423,-49.781,5,-0.58129,66.608,123.3,0,20,1.0116,0.33392,0.36995,69.153,1.1486
56.25,30.586,269.38,5,-1.9453,60.795,123.7,0,15,1.0389,0.39205,0.37441,73.286,1.0761
28.78,40.268,94.812,5,-0.59069,80.425,120.96,0,10,1.0118,0.19575,0.344,62.459,0.78878
62.819,15.677,13.798,5,69.346,-1.2811,232.52,0,5,0.38692,1.0128,1.5835,175.91,0.29311
51.51,23.279,188.37,5,-0.20744,58.013,123.3,0,13,1.0041,0.41987,0.37005,73.436,0.84706
26.451,19.634,97.123,5,-0.75977,61.42,120.11,0,10,1.0152,0.3858,0.3346,70.511,0.59705
32.128,34.655,123.67,5,-2.4891,69.568,123.65,0,10,1.0498,0.30432,0.3739,69.38,0.73806
53.009,36.333,239.24,5,-2.1786,70.62,123.8,0,14,1.0436,0.2938,0.37551,68.76,1.0982
57.714,45.552,-71.184,5,-1.245,70.174,123.48,0,16,1.0249,0.29826,0.37196,68.09,1.4548
26.32,20.704,126.71,5,-1.5302,55.687,121.82,0,9,1.0306,0.44313,0.35359,75.045,0.54377
51.655,30.26,8.2388,5,-0.93137,48.263,123.35,0,21,1.0186,0.51737,0.37055,79.893,1.5052
60.963,38.19,-85.371,5,-0.20162,64.035,123.29,0,16,1.004,0.35965,0.36992,70.158,1.2744
22.66,34.607,-10.173,5,-0.5059,83.029,123.38,0,18,1.0101,0.16971,0.37093,62.876,1.2698
61.098,45.405,56.666,5,-0.12916,88.094,123.29,0,16,1.0026,0.11906,0.36994,61.345,1.436
36.279,43.092,173.36,5,-0.66909,74.672,123.4,0,10,1.0134,0.25328,0.37115,65.762,0.85413
57.999,23.595,266.24,5,-1.0155,53.253,123.41,0,15,1.0203,0.46747,0.37126,76.84,0.97627
36.39,37.642,-4.3476,5,-0.21795,48.373,123.36,0,20,1.0044,0.51627,0.37068,79.373,1.5668
31.149,41.173,213.74,5,-1.1442,70.643,123.58,0,9,1.0229,0.29357,0.3731,67.861,0.72847
11.163,16.558,56.802,5,-0.55887,73.774,115.51,0,12,1.0112,0.26226,0.28347,62.409,0.65191
56.151,24.141,-72.223,5,-2.1445,49.824,123.77,0,16,1.0429,0.50176,0.37525,79.858,1.0511
11.626,39.034,163.77,5,-0.37833,47.937,138.13,0,3,1.0076,0.52063,0.53474,86.976,0.20823
49.076,42.39,90.903,5,-0.65976,79.653,123.3,0,13,1.0132,0.20347,0.37005,63.95,1.1281
11.498,17.303,42.282,5,-0.1413,78.465,115.82,0,13,1.0028,0.21535,0.28692,60.372,0.71256
86.475,23.638,86.977,5,-0.35083,74.39,123.27,0,21,1.007,0.2561,0.36971,65.561,1.2407
30.278,17.177,170.16,5,-1.3283,47.887,123.42,0,9,1.0266,0.52113,0.37136,80.42,0.52855
85.104,18.743,-4.6055,5,-0.065829,43.532,123.89,0,24,1.0013,0.56468,0.37653,82.726,1.3557
92.446,9.1907,34.285,5,-0.33899,75.224,123.27,0,26,1.0068,0.24776,0.36971,65.231,1.2969
10.135,8.3888,215.01,5,-4.6923,9.502,168.7,0,3,1.0938,0.90498,0.87449,131.82,0.15014
92.385,20.112,91.485,5,-0.13638,71.318,123.31,0,22,1.0027,0.28682,0.37006,66.675,1.2163
72.152,18.627,85.298,5,-0.78303,63.686,123.32,0,18,1.0157,0.36314,0.37022,70.766,1.0672
29.706,34.851,68.371,5,-0.75541,79.559,121.21,0,11,1.0151,0.20441,0.34681,62.994,0.80602
17.771,15.522,155.97,5,-2.2737,37.541,125.87,0,6,1.0455,0.62459,0.39855,88.996,0.33179
20.608,48.277,-13.213,5,-0.46119,95.911,123.37,0,18,1.0092,0.040894,0.37073,60.633,1.5128
15.682,35.077,127.68,5,-2.5594,64.916,121.02,0,7,1.0512,0.35084,0.34463,70.395,0.47661
29.953,14.725,200.08,5,-1.4682,45.688,123.42,0,9,1.0294,0.54312,0.37134,81.95,0.5137
62.478,15.612,168.94,5,-2.1648,56.426,123.77,0,16,1.0433,0.43574,0.37527,75.898,0.93781
44.181,38.365,-1.7922,5,-2.1623,53.277,123.77,0,20,1.0432,0.46723,0.37525,77.747,1.6153
59.664,37.422,-75.063,5,-0.36806,61.715,123.34,0,16,1.0074,0.38285,0.3704,71.512,1.2634
7.7281,28.184,49.395,5,-1.1349,85.478,115.41,0,12,1.0227,0.14522,0.28232,58.917,0.72
33.947,42.612,112.65,5,-1.361,76.761,123.32,0,10,1.0272,0.23239,0.37019,65.483,0.83906
54.983,36.524,-13.593,5,-0.051334,52.207,123.35,0,18,1.001,0.47793,0.37052,76.82,1.4135
21.876,9.1254,127.45,5,-0.6656,42.039,120.32,0,8,1.0133,0.57961,0.33689,82.74,0.42049
62.081,15.791,-26.655,5,58.002,-0.87877,213.18,0,4,0.16004,1.0088,1.3687,159.42,0.2351
91.46,19.637,54.762,5,-2.793,80.84,124.09,0,24,1.0559,0.1916,0.37879,65.699,1.327
60.023,32.876,222.15,5,-0.49111,70.404,123.28,0,15,1.0098,0.29596,0.36977,67.326,1.1051
71.715,13.816,79.134,5,-0.73608,59.337,123.31,0,18,1.0147,0.40663,0.37013,73.057,1.0126
34.622,39.225,160.6,5,-1.7164,71.277,123.6,0,10,1.0343,0.28723,0.37333,68.033,0.79757
14.615,19.979,188.4,5,-2.2993,30.25,140.17,0,4,1.046,0.6975,0.55739,100.58,0.22858
28.353,48.507,29.69,5,-1.7185,98.604,122.73,0,13,1.0344,0.013963,0.36368,61.222,1.1637
57.775,29.495,238.14,5,-2.0236,65.719,123.71,0,15,1.0405,0.34281,0.37455,70.838,1.0573
21.773,21.14,217.27,5,-2.4869,36.615,132.38,0,6,1.0497,0.63385,0.47091,92.568,0.35817
71.386,24.817,-88.633,5,-0.037976,52.782,123.31,0,18,1.0008,0.47218,0.37009,76.438,1.1514
68.713,48.812,105.93,5,-0.7791,90.555,123.32,0,17,1.0156,0.094449,0.37021,61.465,1.5596
55.357,11.679,58.692,5,-0.7723,54.639,123.32,0,15,1.0154,0.45361,0.37021,75.8,0.84762
14.679,34.571,46.687,5,-0.52835,95.285,116.79,0,13,1.0106,0.047145,0.29769,57.386,0.87419
47.038,48.019,92.508,5,-2.1252,86.165,123.76,0,13,1.0425,0.13835,0.37508,63.624,1.2484
85.196,41.492,-8.8483,5,-0.32572,67.167,123.27,0,24,1.0065,0.32833,0.36971,68.687,1.7575
91.179,13.877,-34.41,5,84.346,-0.1265,189.11,0,4,0.68692,1.0013,1.1012,145.01,0.20951
43.646,8.0745,-53.606,5,46.273,-1.5165,-80.748,0,2,0.074543,1.0152,1.8972,198.68,0.10852
75.918,33.883,-68.08,5,-1.9178,65.194,123.66,0,20,1.0384,0.34806,0.37405,70.994,1.4082
59.664,28.04,-10.315,5,-0.24257,45.821,123.29,0,19,1.0049,0.54179,0.36989,81.043,1.3084
83.433,15.699,-6.9984,5,83.83,-1.1083,226.74,0,4,0.6766,1.0111,1.5194,173.4,0.22054
20.188,26.787,220.34,5,-1.3229,37.207,137.79,0,5,1.0265,0.62793,0.53105,94.135,0.31626
35.815,33.988,154.94,5,-0.9799,65.271,123.36,0,10,1.0196,0.34729,0.37069,70.129,0.74053
81.478,38.954,235.45,5,-2.1645,81.92,123.77,0,20,1.0433,0.1808,0.37526,64.72,1.4559
61.263,45.63,141.79,5,-0.16134,82.621,123.33,0,15,1.0032,0.17379,0.37037,62.684,1.3507
38.176,28.43,66.664,5,-2.6725,69.544,124.02,0,12,1.0535,0.30456,0.37803,69.71,0.82713
59.578,27.117,104.91,5,-0.77865,64.95,123.32,0,15,1.0156,0.3505,0.37022,70.123,1.0203
62.299,21.189,-9.0215,5,-1.6368,40.926,123.55,0,20,1.0327,0.59074,0.37283,85.335,1.2537
57.736,33.639,127.71,5,-2.1893,72.462,123.79,0,15,1.0438,0.27538,0.37541,67.997,1.1226
64.344,46.293,58.257,5,-0.34186,92.514,123.27,0,17,1.0068,0.074857,0.3697,60.807,1.5291
11.082,11.611,-63.296,5,37.555,-1.9773,-25.374,0,6,0.2489,1.0198,1.2819,154.48,0.31063
52.839,20.63,266.06,5,-1.1306,50.071,123.47,0,14,1.0226,0.49929,0.37186,78.913,0.88138
21.714,38.6,-81.687,5,40.986,-1.561,-79.59,0,9,0.18029,1.0156,1.8843,197.88,0.66566
82.976,14,252.6,5,-0.5042,52.701,123.28,0,20,1.0101,0.47299,0.3698,76.782,1.0857
16.658,36.25,121.59,5,-0.50041,66.741,118.69,0,7,1.01,0.33259,0.31877,66.929,0.4865
90.704,10.792,266.81,5,-1.4633,51.132,123.49,0,22,1.0293,0.48868,0.37215,78.476,1.1218
40.454,14.344,0.84481,5,57.169,-2.8445,259.59,0,6,0.14337,1.0284,1.8843,198.47,0.34808
52.855,16.144,-51.761,5,-0.61826,34.774,123.4,0,16,1.0124,0.65226,0.37107,89.061,0.95347
13.225,38.159,23.808,5,-0.45118,101.47,117.42,0,14,1.009,0.014719,0.30465,57.439,0.97291
68.153,26.43,111.42,5,-1.2976,68.357,123.44,0,17,1.026,0.31643,0.37158,68.928,1.1217
51.197,45.308,51.183,5,-0.98883,90.635,123.37,0,15,1.0198,0.093648,0.37073,61.651,1.371
63.805,27.992,-15.6,5,-1.8614,48.473,123.64,0,20,1.0372,0.51527,0.3738,80.476,1.3639
60.109,9.3327,242.86,5,-0.39722,43.237,123.27,0,15,1.0079,0.56763,0.36972,82.88,0.82211
81.608,36.78,-42.201,5,-1.0419,65.335,123.37,0,22,1.0208,0.34665,0.37082,70.148,1.5563
70.615,14.441,232.76,5,-0.19706,51.316,123.28,0,17,1.0039,0.48684,0.36979,77.444,0.96583
58.395,9.5074,161.38,5,-1.6505,48.386,123.56,0,15,1.033,0.51614,0.37288,80.362,0.82525
40.145,45.853,-14.45,5,-2.2188,50.288,128.53,0,18,1.0444,0.49712,0.42808,81.746,1.6353
56.508,8.153,-15.508,5,61.014,-0.34476,-77.934,0,2,0.22029,1.0034,1.8659,195.94,0.1086
51.34,18.771,99.422,5,-2.6409,58.743,124.01,0,14,1.0528,0.41257,0.37784,75.031,0.86165
34.914,29.833,268.53,5,-0.69015,52.802,123.47,0,10,1.0138,0.47198,0.37185,76.923,0.69667
90.166,48.067,128.68,5,-2.7481,98.792,124.07,0,22,1.055,0.012081,0.37855,62.806,1.6755
77.583,32.186,2.5578,5,-2.337,58.058,123.86,0,24,1.0467,0.41942,0.37619,75.131,1.6391
11.417,14.735,48.644,5,-1.1812,76.197,116.52,0,13,1.0236,0.23803,0.29465,62.365,0.69453
75.038,35.012,198.55,5,-0.29681,77.234,123.28,0,18,1.0059,0.22766,0.36973,64.462,1.2923
31.787,28.584,65.502,5,-0.73081,71.451,122.04,0,11,1.0146,0.28549,0.35602,66.448,0.74626
9.4688,8.319,-76.205,5,21.373,-0.43327,-25.497,0,3,0.57254,1.0043,1.2833,155.71,0.14964
62.818,29.513,8.3454,5,-0.14085,46.908,123.29,0,21,1.0028,0.53092,0.36984,80.255,1.4656
46.695,44.549,269.44,5,-1.6817,74.051,123.58,0,13,1.0336,0.25949,0.3731,66.872,1.1701
54.63,13.579,197.77,5,-0.84204,50.975,123.33,0,14,1.0168,0.49025,0.37034,78.098,0.80883
54.836,36.745,-14.228,5,-0.20066,52.555,123.34,0,18,1.004,0.47445,0.37048,76.7,1.4187
67.707,7.2627,92.648,5,-0.78388,50.113,123.32,0,17,1.0157,0.49887,0.37022,78.6,0.9003
51.728,35.117,-85.334,5,-2.1906,61.858,123.75,0,15,1.0438,0.38142,0.37504,72.924,1.1555
44.247,40.06,182.17,5,-1.3886,75.309,123.51,0,12,1.0278,0.24691,0.37236,66.132,0.99643
22.347,10.94,140.66,5,-2.1626,42.231,122.48,0,8,1.0433,0.57769,0.36087,84.339,0.42893
77.001,23.537,6.1031,5,-2.1906,50.463,123.79,0,24,1.0438,0.49537,0.3754,79.494,1.4798
87.49,47.598,244.64,5,-1.118,89.358,123.39,0,21,1.0224,0.10642,0.37103,61.979,1.6296
64.306,47.63,11.357,5,-1.0767,68.696,123.38,0,22,1.0215,0.31304,0.37092,68.58,2.0262
42.203,41.005,-35.891,5,-1.2516,51.699,123.44,0,17,1.025,0.48301,0.37152,77.959,1.4284
53.094,45.872,110.94,5,-1.9275,84.147,123.67,0,14,1.0386,0.15853,0.37409,63.885,1.2911
55.577,21.569,22.999,5,-1.1498,80.032,123.4,0,21,1.023,0.19968,0.37112,64.27,1.3354
23.391,8.0738,88.878,5,-2.0824,56.629,119.71,0,11,1.0416,0.43371,0.33016,74.004,0.57471
87.782,43.017,-54.464,5,-1.5345,74.252,123.52,0,23,1.0307,0.25748,0.37242,66.65,1.682
47.985,30.558,131.39,5,-2.284,67.197,123.83,0,13,1.0457,0.32803,0.3759,70.386,0.93563
78.194,46.033,155.47,5,-1.1615,90.5,123.4,0,19,1.0232,0.094998,0.37116,61.835,1.5602
50.515,40.841,139.96,5,-0.42022,76.318,123.27,0,13,1.0084,0.23682,0.3697,64.885,1.0987
90.738,29.997,-28.217,5,-0.26097,60.183,123.28,0,24,1.0052,0.39817,0.36976,72.243,1.4816
78.839,43.531,-39.251,5,-0.053554,69.46,123.33,0,21,1.0011,0.3054,0.37029,67.444,1.656
16.917,13.863,81.657,5,-1.3149,65.318,117.2,0,11,1.0263,0.34682,0.30225,67.646,0.59607
64.787,37.804,-54.983,5,-0.32069,60.784,123.27,0,18,1.0064,0.39216,0.36971,71.953,1.4078
83.704,45.274,44.293,5,0.49659,101.58,123.36,0,22,0.99007,0.015815,0.37064,59.714,1.7115
24.845,34.487,105.88,5,-1.9117,76.639,120.48,0,10,1.0382,0.23361,0.33869,64.573,0.71249
68.246,17.397,266.13,5,-0.021854,47.182,123.35,0,17,1.0004,0.52818,0.37053,80.025,1.0048
73.271,22.619,71.495,5,-2.0389,65.262,127.85,0,18,1.0408,0.34738,0.42061,73.128,1.1138
34.352,12.179,-76.134,5,37.693,-2.4416,-78.589,0,3,0.24614,1.0244,1.8732,197.66,0.16815
21.769,21.72,203.96,5,-1.3936,39.485,129.43,0,6,1.0279,0.60515,0.43806,88.644,0.36051
57.351,40.072,152.96,5,-2.2397,71.99,128.24,0,14,1.0448,0.2801,0.42487,70.539,1.1594
58.284,31.157,236.33,5,-1.6347,67.497,123.55,0,15,1.0327,0.32503,0.37281,69.63,1.0816
40.248,22.198,165.37,5,-1.266,55.093,123.5,0,11,1.0253,0.44907,0.37225,75.942,0.70144
33.721,27.71,-76.306,5,39.375,-1.7056,-84.317,0,6,0.21251,1.0171,1.9369,202.1,0.40486
91.528,21.106,121.7,5,-1.605,71.318,123.54,0,22,1.0321,0.28682,0.3727,67.903,1.2338
77.445,30.091,233.93,5,-1.6643,72.033,123.56,0,19,1.0333,0.27967,0.37293,67.66,1.2649
63.286,19.073,65.875,5,-2.2018,65.147,123.79,0,17,1.044,0.34853,0.37548,71.286,1.0365
21.848,9.914,134.01,5,-1.6007,42.115,121.44,0,8,1.032,0.57885,0.34934,83.677,0.42381
71.722,47.128,178.15,5,-2.333,91.333,123.86,0,18,1.0467,0.086671,0.37617,62.929,1.5745
48.849,27.878,-54.331,5,-0.36923,42.243,123.27,0,16,1.0074,0.57757,0.36969,83.546,1.1091
61.444,22.187,-48.906,5,-1.717,45.697,123.58,0,18,1.0343,0.54303,0.37315,82.167,1.1443
35.736,46.296,-69.76,5,-0.5979,35.694,124.09,0,18,1.012,0.64306,0.37878,88.643,1.6197
14.23,17.487,17.778,5,-0.22387,79.322,117.94,0,14,1.0045,0.20678,0.31041,61.078,0.77836
76.035,19.69,-32.827,5,-0.87897,46.052,123.34,0,21,1.0176,0.53948,0.37042,81.305,1.2437
22.19,18.818,250.58,5,-3.7735,25.438,142.11,0,6,1.0755,0.74562,0.57899,105.67,0.34959
34.733,34.877,2.4803,5,-2.1155,92.707,123.75,0,22,1.0423,0.072932,0.37501,62.517,1.6445
71.114,18.352,-25.814,5,-0.22657,40.425,123.28,0,20,1.0045,0.59575,0.36973,84.73,1.1858
88.834,45.953,-67.673,5,-0.14038,78.337,123.3,0,22,1.0028,0.21663,0.37005,63.973,1.6528
85.621,10.045,64.458,5,-1.8726,65.928,123.65,0,22,1.0375,0.34072,0.37384,70.595,1.1369
21.514,46.119,238.1,5,-0.56242,52.764,141.46,0,5,1.0112,0.47236,0.57182,86.234,0.41019
89.243,8.604,115.09,5,-0.10557,56.58,123.31,0,21,1.0021,0.4342,0.37016,74.201,1.0557
75.847,41.592,151.65,5,-0.045196,83.262,123.33,0,18,1.0009,0.16738,0.37035,62.415,1.4091
49.165,24.528,-29.354,5,-0.93647,39.563,123.44,0,17,1.0187,0.60437,0.37154,85.821,1.1262
25.536,7.9281,222.84,5,-1.2709,27.708,127.36,0,7,1.0254,0.72292,0.41506,96.178,0.36739
84.093,34.729,118.77,5,-0.26288,81.194,123.28,0,20,1.0053,0.18806,0.36976,63.146,1.358
20.036,28.749,123.42,5,-1.0163,62.705,119.7,0,8,1.0203,0.37295,0.33001,69.826,0.5175
83.108,46.076,-62.289,5,-0.1181,76.242,123.31,0,21,1.0024,0.23758,0.3701,64.697,1.6594
35.277,22.239,-81.344,5,38.617,-2.5285,-84.692,0,5,0.22766,1.0253,1.941,202.88,0.31589
50.495,19.601,-4.8165,5,50.265,-0.68117,190.32,0,6,0.005301,1.0068,1.1146,142.13,0.37313
78.564,21.992,166.44,5,-0.95593,66.135,123.35,0,19,1.0191,0.33865,0.3706,69.684,1.1436
29.07,37.344,156.39,5,-2.1487,68.489,123.76,0,9,1.043,0.31511,0.37514,69.659,0.6812
77.197,31.087,-54.109,5,-0.48275,55.791,124.77,0,20,1.0097,0.44209,0.38629,75.575,1.3498
19.261,8.5476,157.38,5,-0.92875,30.371,125.04,0,6,1.0186,0.69629,0.38928,93.109,0.31094
49.004,45.859,143.34,5,-1.3973,82.065,123.47,0,13,1.0279,0.17935,0.37193,63.905,1.2004
81.537,24.02,12.603,5,-1.7903,52.264,123.61,0,26,1.0358,0.47736,0.37347,78.043,1.5802
92.511,38.118,52.019,5,-1.1068,98.834,123.39,0,24,1.0221,0.011663,0.371,61.059,1.5984
31.832,19.514,-89.325,5,35.293,-0.16325,-77.363,0,4,0.29414,1.0016,1.8596,195.6,0.24239
20.801,37.279,218.7,5,-0.41981,48.37,135.97,0,5,1.0084,0.5163,0.51081,85.565,0.36135
37.458,37.523,-30.865,5,-1.98,45.32,123.7,0,18,1.0396,0.5468,0.37444,82.628,1.4124
25.343,42.648,-57.975,5,41.649,-3.0901,268.57,0,10,0.16703,1.0309,1.9841,206.36,0.80093
71,18.266,193.31,5,-0.060541,58.524,123.33,0,17,1.0012,0.41476,0.37028,73.054,1.0072
15.51,8.1961,-86.638,5,20.868,-0.15302,-50.083,0,2,0.58264,1.0015,1.5565,174.65,0.10197
89.115,33.422,156.81,5,-0.35823,80.408,123.27,0,21,1.0072,0.19592,0.36971,63.458,1.3598
16.991,21.859,-84.614,5,35.833,-1.2109,-51.757,0,6,0.28335,1.0121,1.5751,174.76,0.35366
20.892,13.592,21.583,5,-2.4646,72.731,121.14,0,14,1.0493,0.27269,0.346,66.827,0.76772
32.51,9.359,-58.495,5,38.7,-4.2676,-70.388,0,3,0.22601,1.0427,1.7821,191.63,0.16249
44.627,12.414,-39.202,5,48.747,-1.6461,-87.918,0,3,0.025065,1.0165,1.9769,204.91,0.17094
60.073,45.33,123.07,5,-0.56549,83.288,123.29,0,15,1.0113,0.16712,0.36986,62.803,1.3491
22.862,47.084,243.95,5,-2.7282,56.357,137.93,0,6,1.0546,0.43643,0.53255,83.56,0.50446
44.455,44.78,-67.316,5,-2.778,61.328,124.09,0,16,1.0556,0.38672,0.37875,73.777,1.4415
71.481,37.39,-50.673,5,-2.373,63.738,123.88,0,20,1.0475,0.36262,0.37641,72.149,1.5107
69.856,14.834,8.2158,5,74.527,-0.33002,238.48,0,4,0.49055,1.0033,1.6498,180.87,0.2287
66.787,29.574,136.76,5,-2.4095,72.312,123.89,0,17,1.0482,0.27688,0.37659,68.28,1.1741
32.111,11.86,158.56,5,-0.42164,41.217,123.37,0,9,1.0084,0.58783,0.37083,84.33,0.50035
46.192,27.89,250.51,5,-0.22331,56.915,123.34,0,12,1.0045,0.43085,0.37049,74.098,0.83091
7.6288,46.978,246.84,5,-4.7641,39.188,197.4,0,3,1.0953,0.60812,1.1933,135.02,0.221
48.728,19.37,-37.855,5,-1.8287,35.726,123.63,0,17,1.0366,0.64274,0.37367,89.153,1.0541
79.886,19.162,180.21,5,-0.29585,62.643,123.28,0,19,1.0059,0.37357,0.36973,70.94,1.1023
50.271,44.472,76.016,5,-1.7353,85.831,123.6,0,14,1.0347,0.14169,0.37329,63.293,1.2606
44.003,43.729,197.35,5,-1.6314,78.988,123.58,0,12,1.0326,0.21012,0.37312,65.077,1.0603
61.12,35.754,144.5,5,-0.19947,72.905,123.32,0,15,1.004,0.27095,0.37019,66.062,1.1503
31.91,33.019,28.928,5,-2.1947,80.864,123.56,0,13,1.0439,0.19136,0.3729,64.937,0.93685
55.9,23.484,46.117,5,-1.7285,69.181,123.59,0,16,1.0346,0.30819,0.37321,68.949,1.0424
51.611,27.396,85.532,5,-1.6578,67.844,123.56,0,14,1.0332,0.32156,0.37294,69.492,0.9639
43.105,16.417,-71.066,5,40.835,-2.4228,231.72,0,4,0.18331,1.0242,1.5747,175.1,0.23847
67.208,8.7098,162.23,5,-2.2653,50.93,123.82,0,17,1.0453,0.4907,0.3758,79.268,0.91498
69.319,36.054,244.61,5,-0.44686,70.55,123.28,0,17,1.0089,0.2945,0.36977,67.228,1.2724
66.091,25.201,168.4,5,-0.12271,64.059,123.32,0,16,1.0025,0.35941,0.37021,70.102,1.0456
32.328,46.908,267.89,5,-0.42059,65.677,124.75,0,9,1.0084,0.34323,0.38606,70.197,0.80421
55.073,18.275,-8.8707,5,53.453,-0.41713,201.31,0,5,0.069066,1.0042,1.2367,149.95,0.30531
31.345,37.814,264.22,5,-1.6161,57.299,125.46,0,9,1.0323,0.42701,0.39403,75.797,0.69312
17.686,12.815,239.72,5,-0.85854,12.733,158.45,0,4,1.0172,0.87267,0.76053,122.01,0.2151
26.265,36.594,144.49,5,-0.37431,65.785,122.63,0,8,1.0075,0.34215,0.36258,69.088,0.59082
80.747,34.072,-32.985,5,-0.60757,61.216,123.29,0,22,1.0122,0.38784,0.36992,71.929,1.5121
43.591,25.141,46.871,5,-0.6714,66.292,123.4,0,13,1.0134,0.33708,0.37108,69.421,0.86513
43.23,14.774,9.1944,5,62.117,-1.3831,230.32,0,8,0.24233,1.0138,1.5591,173.53,0.46787
56.093,46.971,-46.122,5,-1.6372,67.697,123.57,0,17,1.0327,0.32303,0.37298,69.546,1.5924
17.325,25.599,194.52,5,-2.9729,39.449,135.35,0,5,1.0595,0.60551,0.50385,92.352,0.30766
79.249,22.717,251.94,5,-0.20037,60.118,123.28,0,19,1.004,0.39882,0.36983,72.239,1.1497
46.241,22.167,156.96,5,-0.42805,55.368,123.28,0,12,1.0086,0.44632,0.36976,75.117,0.76998
59.741,47.47,200.63,5,-0.79656,85.356,123.32,0,15,1.0159,0.14644,0.37025,62.491,1.4038
90.13,18.988,135.4,5,-2.7011,69.937,124.05,0,22,1.054,0.30063,0.37829,69.572,1.2167
9.2905,16.716,257.57,5,-1.6419,7.1601,203.95,0,3,1.0328,0.9284,1.2661,155.79,0.16181
81.581,47.116,70.854,5,-2.5136,93.414,128.89,0,20,1.0503,0.065863,0.43215,65.679,1.6235
51.878,49.525,-40.3,5,-1.0752,65.511,123.45,0,17,1.0215,0.34489,0.37169,70.123,1.6828
37.553,25.265,79.346,5,-1.0799,62.385,123.43,0,11,1.0216,0.37615,0.37149,71.707,0.72594
40.557,16.551,62.755,5,-1.2073,55.931,123.44,0,12,1.0241,0.44069,0.37154,75.382,0.71444
23.035,45.8,140.67,5,-1.7448,76.846,122.32,0,8,1.0349,0.23154,0.35914,65.256,0.66075
70.91,22.6,4.4199,5,-0.82914,46.223,123.33,0,22,1.0166,0.53777,0.37032,81.156,1.372
8.1119,25.964,-65.376,5,56.641,-0.53731,257.45,0,13,0.13282,1.0054,1.8605,195.43,0.76413
12.068,32.359,223.14,5,-2.6411,32.968,167.2,0,3,1.0528,0.67032,0.85781,115,0.19342
57.55,16.505,12.812,5,65.763,-0.016056,240.08,0,5,0.31526,1.0002,1.6675,181.04,0.2982
13.033,47.896,-22.292,5,-2.3692,98.698,123.64,0,17,1.0474,0.013019,0.37378,62.257,1.3305
16.38,43.663,-16.5,5,-2.3488,93.723,123.86,0,17,1.047,0.06277,0.37618,62.658,1.2956
32.542,17.631,254.98,5,-0.59804,39.555,124.35,0,9,1.012,0.60445,0.38171,85.988,0.53445
7.1842,15.029,-87.922,5,47.383,-1.8005,-27.612,0,9,0.052338,1.018,1.3068,155.57,0.47294
30.001,17.179,9.393,5,-0.027883,63.126,123.35,0,14,1.0006,0.36874,0.37058,70.532,0.82158
77.952,27.829,178.43,5,-1.3078,72.485,123.45,0,19,1.0262,0.27515,0.37161,67.143,1.2275
28.744,39.2,190.05,5,-2.075,70.918,123.53,0,9,1.0415,0.29082,0.37261,68.426,0.69866
79.367,13.682,9.4775,5,86.217,-1.253,252.86,0,4,0.72434,1.0125,1.8096,195.16,0.21935
20.113,18.579,238.87,5,-2.3908,23.679,146.27,0,5,1.0478,0.76321,0.62526,108.33,0.28824
79.492,41.094,-50.3,5,-0.50463,68.897,123.28,0,21,1.0101,0.31103,0.3698,68.013,1.5939
22.066,49.739,90.489,5,-2.294,98.887,119.52,0,11,1.0459,0.011133,0.32805,60.063,0.9565
71.119,31.945,93.107,5,-1.7806,77.281,123.61,0,18,1.0356,0.22719,0.37343,65.779,1.263
59.989,48.3,261.95,5,-2.792,81.821,124.09,0,16,1.0558,0.18179,0.37878,65.419,1.5193
56.655,40.328,262.45,5,-1.9251,71.903,123.67,0,15,1.0385,0.28097,0.37409,67.964,1.2491
60.334,48.792,241.65,5,-0.31796,82.817,123.27,0,15,1.0064,0.17183,0.36971,62.724,1.4357
20.445,44.203,247.75,5,-1.9656,46.697,149.23,0,5,1.0393,0.53303,0.65809,95.13,0.39594
27.728,27.346,261.47,5,-3.1221,42.131,129.88,0,8,1.0624,0.57869,0.44311,88.097,0.52638
77.161,33.237,-7.9713,5,-2.4838,52.935,128.83,0,22,1.0497,0.47065,0.43148,80.484,1.5262
52.306,33.492,-50.791,5,-0.77548,52.16,123.42,0,16,1.0155,0.4784,0.37129,77.353,1.2021
36.914,37.53,61.883,5,-2.672,79.764,123.97,0,12,1.0534,0.20236,0.37746,65.863,0.94006
16.164,23.094,176.89,5,-3.0144,38.711,132.67,0,5,1.0603,0.61289,0.47411,91.584,0.29755
17.631,36.12,186.58,5,-1.9261,51.092,132.58,0,5,1.0385,0.48908,0.47312,83.075,0.3491
