77.066,45.949,-44.285,5,102.15,21.539,-44.172,0,7,1.043,0.78461,1.4908,163.94,0.579
85.55,34.191,-54.885,5,102.83,9.6684,-54.788,0,6,1.0566,0.90332,1.6088,178.65,0.40109
30.951,30.516,254.7,5,21.755,-3.2544,254.82,0,7,0.5649,1.0325,1.8313,196.53,0.48579
89.98,13.777,259.41,5,87.233,-0.96887,259.46,0,3,0.74466,1.0097,1.8829,200.74,0.15783
89.316,27.871,198.1,5,3.8458,-0.32037,198.39,0,18,0.92308,1.0032,1.2044,154.74,1.0956
19.202,25.136,239.66,5,4.0761,-0.77177,239.76,0,6,0.91848,1.0077,1.664,186.26,0.37059
75.13,48.258,146.07,5,-3.8397,101.07,146.37,0,19,1.0768,0.010672,0.62638,77.961,1.6516
10.071,43.513,246.24,5,-1.99,16.044,246.33,0,6,1.0398,0.83956,1.7371,184.91,0.43368
65.371,39.583,177.53,5,-4.5698,42.454,177.75,0,14,1.0914,0.57546,0.97504,118.28,1.1228
40.732,35.186,-28.373,5,102.39,2.0515,-28.146,0,14,1.0479,0.97948,1.3127,162.17,1.0691
67.72,8.3688,9.6923,5,102.21,14.3,9.8054,0,7,1.0443,0.857,0.89105,128.46,0.37502
10.971,11.177,206.44,5,-2.4559,4.4891,206.49,0,3,1.0491,0.95511,1.2944,159.51,0.15461
66.755,20.635,252.08,5,59.083,-3.1584,252.16,0,5,0.18166,1.0316,1.8018,192.41,0.30821
9.9624,25.866,47.361,5,80.847,103.33,47.701,0,21,0.61693,0.033281,0.46999,52.458,1.2462
72.834,41.194,-22.726,5,100.52,29.631,-22.629,0,6,1.0103,0.70369,1.2514,142.09,0.47556
49.12,26.16,142.67,5,-2.645,65.472,142.88,0,13,1.0529,0.34528,0.58759,82.221,0.88022
68.005,39.452,9.369,5,102.53,45.188,9.4822,0,7,1.0506,0.54812,0.89464,110.67,0.55407
65.454,35.169,-31.46,5,103.87,11.738,-31.314,0,9,1.0775,0.88262,1.3479,159.4,0.6752
17.234,28.43,255.51,5,9.7551,-0.6232,255.6,0,6,0.8049,1.0062,1.8401,197.91,0.38113
36.273,32.167,-9.4277,5,100.42,21.646,-9.2175,0,13,1.0083,0.78354,1.1024,136.11,0.93919
71.609,17.969,92.145,5,68.213,102.9,92.419,0,17,0.36425,0.029011,0.026882,18.6,1.002
67.121,45.309,255.34,5,54.546,-3.084,255.51,0,10,0.090914,1.0308,1.839,195.04,0.87247
54.061,12.961,-36.254,5,74.233,-1.8063,-36.173,0,5,0.48466,1.0181,1.4019,163.93,0.28692
29.146,43.151,1.5416,5,104.11,45.338,1.7841,0,15,1.0823,0.54662,0.98018,117.04,1.2386
77.028,17.472,244.53,5,68.442,-0.59143,244.6,0,4,0.36884,1.0059,1.7178,185.36,0.2303
37.099,15.454,0.39019,5,102.1,16.025,0.60037,0,13,1.0419,0.83975,0.99333,133.26,0.76001
59.98,27.351,36.597,5,100.08,57.223,36.759,0,10,1.0015,0.42777,0.59157,84.688,0.68184
78.451,32.166,107.9,5,55.238,103.48,108.14,0,15,0.10476,0.034835,0.20159,19.203,1.0196
85.879,19.291,182.59,5,-4.0179,14.98,182.88,0,18,1.0804,0.8502,1.032,137.02,1.019
71.821,23.359,114.42,5,36.489,100.67,114.69,0,17,0.27022,0.0066805,0.27434,28.153,1.0667
13.523,9.3199,101.09,5,-0.082967,77.985,101.31,0,14,1.0017,0.22015,0.12571,55.866,0.71617
74.008,47.162,-43.234,5,103.19,19.8,-43.104,0,8,1.0637,0.802,1.4789,164.25,0.68922
55.919,27.184,-85.715,5,58.19,-2.7301,-85.618,0,6,0.1638,1.0273,1.9513,203.62,0.41064
35.993,13.974,195.94,5,-2.455,2.9382,196.07,0,8,1.0491,0.97062,1.1786,153.05,0.45893
33.764,29.727,-30.366,5,85.589,-0.50978,-30.172,0,12,0.71177,1.0051,1.3352,160.66,0.8319
58.77,18.308,145.47,5,-3.1114,60.683,145.71,0,15,1.0622,0.39317,0.61901,86.431,0.91283
66.272,39.171,72.195,5,86.026,101.1,72.405,0,13,0.72052,0.010963,0.1955,40.108,1.0323
14.209,16.846,238.8,5,3.8606,-0.26884,238.87,0,4,0.92279,1.0027,1.6541,185.32,0.22092
20.105,42.51,103.8,5,5.6823,100.75,104,0,12,0.88635,0.0075099,0.15553,46.482,0.92595
92.668,10.362,69.364,5,101.46,33.765,69.445,0,5,1.0292,0.66235,0.22839,86.357,0.25183
16.172,48.362,-88.332,5,17.705,-1.6149,-88.17,0,10,0.64589,1.0161,1.9797,207.64,0.80995
73.642,42.144,222.73,5,25.983,-2.0556,222.94,0,13,0.48033,1.0206,1.4771,169.31,1.04
14.261,24.191,3.5533,5,104.07,30.009,3.8444,0,18,1.0815,0.69991,0.95728,123.47,1.0738
75.806,25.551,237.83,5,57.206,-4.0978,237.95,0,7,0.14412,1.041,1.6438,181.04,0.44419
22.639,18.344,-37.606,5,50.391,-2.9831,-37.493,0,7,0.0078169,1.0298,1.4166,163.89,0.40642
18.702,44.38,118.69,5,-0.54769,79.443,118.82,0,8,1.011,0.20557,0.32026,61.712,0.62675
54.288,13.233,217.09,5,34.359,-1.861,217.17,0,5,0.31282,1.0186,1.413,163.69,0.28778
60.497,22.091,94.77,5,53.653,101.8,95.029,0,16,0.073066,0.017976,0.055872,6.4702,1.0176
41.555,10.267,-3.6302,5,101.44,6.5774,-3.4362,0,12,1.0288,0.93423,1.0382,141.79,0.66571
17.605,14.908,-3.6171,5,102.45,9.761,-3.3422,0,17,1.049,0.90239,1.0371,140.02,0.93356
42.885,9.1351,234.98,5,34.283,-3.1537,235.03,0,3,0.31433,1.0315,1.6114,178.66,0.16458
88.252,28.107,86.131,5,93.143,102.95,86.373,0,15,0.86287,0.029474,0.040295,43.396,0.92097
36.044,45.702,42.929,5,94.489,100.33,43.188,0,16,0.88978,0.0032977,0.52014,64.582,1.427
16.563,40.551,50.306,5,67.511,102.23,50.565,0,16,0.35021,0.022305,0.43817,43.206,1.1729
27.785,24.368,-55.276,5,44.898,-0.27216,-55.179,0,6,0.10203,1.0027,1.6131,176.52,0.38058
18.35,47.508,254.21,5,4.8175,-0.62577,254.37,0,10,0.90365,1.0063,1.8263,197.95,0.81572
56.468,9.5705,-5.4792,5,101.27,5.3369,-5.3337,0,9,1.0254,0.94663,1.0593,143.8,0.49636
37.372,42.311,-84.455,5,41.783,-2.4719,-84.309,0,9,0.16434,1.0247,1.9368,202.37,0.76201
10.7,14.267,143.68,5,-1.391,23.144,143.73,0,3,1.0278,0.76856,0.597,106.93,0.15905
69.928,34.853,72.333,5,91.031,101.6,72.559,0,14,0.82063,0.015962,0.19379,44.613,1.0275
54.043,19.742,178.09,5,-0.92966,21.482,178.27,0,11,1.0186,0.78518,0.98075,128.65,0.68442
23.25,36.531,-23.936,5,101.03,2.243,-23.661,0,17,1.0205,0.97757,1.2629,158.36,1.2341
38.69,33.902,190.88,5,-0.58144,26.3,191.01,0,8,1.0116,0.737,1.1223,134.88,0.59649
13.977,46.964,189.26,5,-0.82649,44.542,189.31,0,3,1.0165,0.55458,1.1034,124.58,0.23396
48.864,25.742,70.842,5,74.936,101.37,71.101,0,16,0.49873,0.013741,0.20999,31.319,1.0772
33.346,28.866,93.878,5,28.105,103.68,94.12,0,15,0.4379,0.036825,0.045781,22.582,1.0266
77.316,41.178,141.95,5,-1.6184,102.57,142.28,0,20,1.0324,0.025727,0.58087,73.512,1.5419
39.56,41.898,101.82,5,27.165,100.6,102.01,0,12,0.45669,0.0060365,0.13346,25.808,1.0164
37.163,47.377,225.34,5,-1.431,8.1911,225.52,0,11,1.0286,0.91809,1.5057,171.58,1.0154
54.313,33.766,121.34,5,12.545,102,121.59,0,16,0.7491,0.019969,0.35105,49.042,1.2053
24.866,19.954,79.532,5,40.096,103.58,79.807,0,17,0.19808,0.035779,0.11325,14.655,1.0131
26.822,43.305,-19.885,5,102.12,16.275,-19.626,0,16,1.0423,0.83725,1.2181,147.46,1.3061
26.429,14.34,-8.0409,5,100.72,4.0172,-7.7983,0,15,1.0143,0.95983,1.0866,146.11,0.84418
44.47,20.377,242.42,5,32.913,-1.7909,242.5,0,5,0.34174,1.0179,1.6944,184.14,0.31323
43.998,14.947,235.76,5,32.755,-1.594,235.82,0,4,0.34489,1.0159,1.6202,178.56,0.23456
91.258,25.871,-49.997,5,100.91,14.387,-49.949,0,3,1.0181,0.85613,1.555,171.78,0.17681
29.194,24.575,124.16,5,-1.7683,70.032,124.34,0,11,1.0354,0.29968,0.38156,68.973,0.70295
29.55,32.922,166.04,5,-4.4252,41.329,166.15,0,7,1.0885,0.58671,0.84612,110.47,0.4991
26.07,12.049,16.803,5,102.6,35.36,17.062,0,16,1.052,0.6464,0.81042,110.75,0.87769
34.415,25.239,92.829,5,30.544,100.14,93.071,0,15,0.38912,0.0013917,0.034128,19.697,0.98209
14.354,18.287,198.37,5,-4.6225,11.972,198.43,0,4,1.0925,0.88028,1.2048,149.97,0.22434
9.5129,46.941,172.92,5,-0.41131,48.169,172.95,0,2,1.0082,0.51831,0.92168,110.04,0.14983
49.02,31.877,-4.5779,5,103.85,27.58,-4.4001,0,11,1.077,0.7242,1.0489,130.6,0.80727
46.461,48.413,106.85,5,30.429,101.02,107.03,0,11,0.39142,0.010244,0.1892,25.962,1.0637
51.818,16.959,86.003,5,57.527,101.77,86.278,0,17,0.15054,0.017665,0.041355,8.5807,1.0233
60.669,36.203,52.385,5,100.24,87.77,52.596,0,13,1.0048,0.1223,0.4156,63.818,1.0049
38.6,49.483,-76.414,5,51.61,-3.9558,-76.236,0,11,0.032196,1.0396,1.8471,196.07,1.062
83.124,46.271,196.63,5,-3.0434,20.289,196.92,0,18,1.0609,0.79711,1.188,143.52,1.4259
15.489,18.26,30.728,5,101.3,69.612,31.052,0,20,1.0259,0.30388,0.65498,83.843,1.1271
65.457,12.872,169.64,5,-3.4291,25.312,169.87,0,14,1.0686,0.74688,0.88742,121.7,0.79106
16.182,35.112,87.903,5,18.432,100.07,88.113,0,13,0.63136,0.00072556,0.020969,31.624,0.88831
73.998,37.747,235.34,5,45.627,-3.4242,235.5,0,10,0.087468,1.0342,1.6167,178.57,0.74941
83.619,21.369,161.55,5,-1.8299,49.625,161.84,0,18,1.0366,0.50375,0.79822,101.91,1.0524
24.012,8.3133,177.87,5,-0.97181,9.2227,177.95,0,5,1.0194,0.90777,0.9772,136.28,0.26233
50.002,27.637,235.7,5,30.311,-1.299,235.81,0,7,0.39378,1.013,1.6201,178.64,0.48367
59.449,33.56,219.4,5,17.007,-1.4218,219.58,0,11,0.65986,1.0142,1.4397,167.82,0.81956
76.272,31.799,-24.148,5,103.66,19.553,-24.051,0,6,1.0732,0.80447,1.2672,149.53,0.41047
27.634,45.12,-79.677,5,36.67,-4.0567,-79.516,0,10,0.2666,1.0406,1.8835,199.35,0.8437
49.132,14.221,262.33,5,47.137,-0.64589,262.37,0,3,0.057268,1.0065,1.9153,199.63,0.17486
68.292,28.52,79.592,5,81.675,102.32,79.834,0,15,0.63349,0.023165,0.11295,33.347,1.0165
12.127,36.325,-74.725,5,22.714,-2.2486,-74.595,0,8,0.54571,1.0225,1.8288,195.68,0.53991
13.144,29.431,-55.177,5,36.028,-3.3769,-55.048,0,8,0.27945,1.0338,1.6116,178.66,0.50243
77.361,42.155,170.08,5,-1.4755,55.75,170.34,0,16,1.0295,0.4425,0.89263,105.18,1.2502
19.888,35.363,96.694,5,11.581,104.87,96.921,0,14,0.76837,0.048683,0.076895,39.339,0.98167
90.676,34.907,198.12,5,-4.2728,3.526,198.44,0,20,1.0855,0.96474,1.2049,154.96,1.3028
46.027,25.593,207.11,5,-2.8869,0.44394,207.29,0,11,1.0577,0.99556,1.3032,162.68,0.73812
14.178,12.726,-27.58,5,40.783,-1.137,-27.483,0,6,0.18434,1.0114,1.3054,155.29,0.318
40.621,42.749,199.21,5,-1.8525,27.882,199.36,0,9,1.037,0.72118,1.2151,140.88,0.77568
12.201,24.168,99.675,5,-0.57117,98.073,99.918,0,15,1.0114,0.019274,0.1102,51.571,0.88516
42.845,35.245,136.07,5,-0.44308,76.792,136.26,0,12,1.0089,0.23208,0.51405,72.274,0.92096
32.111,25.561,-84.425,5,35.055,-4.2942,-84.328,0,6,0.2989,1.0429,1.937,203.69,0.39186
91.629,14.188,-51.762,5,100.92,2.4118,-51.714,0,3,1.0184,0.97588,1.5746,179.44,0.15727
39.027,15.519,86.288,5,44.315,100.35,86.562,0,17,0.11369,0.0035435,0.038196,6.6526,0.99776
36.196,47.92,241.32,5,9.8823,-0.37653,241.5,0,11,0.80235,1.0038,1.6833,186.11,1.0208
11.53,38.728,6.883,5,100.85,49.753,7.174,0,18,1.017,0.50247,0.92029,109.41,1.244
43.364,30.558,249.39,5,31.078,-2.2144,249.5,0,7,0.37844,1.0221,1.7722,190.38,0.50174
42.926,49.271,18.524,5,104.52,70.043,18.734,0,13,1.0904,0.29957,0.79184,94.596,1.269
67.294,35.653,104.09,5,50.115,103.51,104.31,0,14,0.002299,0.035117,0.15902,14.737,1.0506
67.037,35.661,-25.872,5,103.05,18.252,-25.743,0,8,1.061,0.81748,1.286,151.31,0.60099
18.009,49.96,-28.396,5,101.71,5.0174,-28.089,0,19,1.0341,0.94983,1.3121,160.13,1.5996
9.8037,31.132,227.47,5,-0.32936,20.072,227.52,0,3,1.0066,0.79928,1.528,166.83,0.18811
64.549,15.189,42.81,5,101.18,49.224,42.972,0,10,1.0235,0.50776,0.52254,86.075,0.58106
46.622,49.21,-33.694,5,100.77,13.258,-33.484,0,13,1.0155,0.86742,1.372,159.22,1.277
80.575,34.725,45.458,5,101.6,56.128,45.555,0,6,1.0319,0.43872,0.49383,81.008,0.4162
23.419,25.415,83.528,5,32.246,104.93,83.787,0,16,0.35508,0.049264,0.069037,19.444,1.0104
17.373,32.349,-8.5724,5,101.45,19.892,-8.2976,0,17,1.0291,0.80108,1.0922,136.85,1.1317
40.077,32.068,0.6502,5,100.07,32.859,0.84422,0,12,1.0014,0.67141,0.99062,122.33,0.87397
31.978,33.535,5.5011,5,101.64,40.393,5.7275,0,14,1.0328,0.59607,0.93636,115.42,1.0165
77.896,49.255,172.89,5,-1.5119,58.967,173.15,0,16,1.0302,0.41033,0.92387,106.07,1.3815
36.573,32.115,-51.203,5,64.818,-2.917,-51.058,0,9,0.29636,1.0292,1.5673,175.24,0.65029
84.943,44.825,204.39,5,-1.4655,5.3456,204.7,0,19,1.0293,0.94654,1.2745,157.37,1.4546
29.423,32.557,-81.895,5,34.396,-2.0875,-81.782,0,7,0.31208,1.0209,1.9087,200.44,0.49637
43.572,20.447,-31.865,5,77.571,-0.62701,-31.736,0,8,0.55141,1.0063,1.3526,160.33,0.50118
22.374,25.184,-56.077,5,41.939,-3.8366,-55.964,0,7,0.16122,1.0384,1.6218,179.31,0.43885
58.473,27.25,160.54,5,-2.8571,48.781,160.75,0,13,1.0571,0.51219,0.78613,102.09,0.88747
67.19,34.457,-77.903,5,75.623,-4.6442,-77.773,0,8,0.51246,1.0464,1.8641,199.39,0.59032
12.917,20.743,101.11,5,-0.7179,89.402,101.34,0,14,1.0144,0.10598,0.12597,53.039,0.79997
63.282,24.528,205.19,5,9.0367,-1.1123,205.39,0,12,0.81927,1.0111,1.2821,158.8,0.78296
68.779,48.652,101.28,5,57.929,102.57,101.46,0,11,0.15858,0.025711,0.12731,14.169,1.006
34.963,11.542,129.95,5,-0.42174,53.648,130.12,0,11,1.0084,0.46352,0.44581,79.377,0.61297
73.977,25.208,-57.304,5,90.208,-0.021851,-57.207,0,6,0.80415,1.0002,1.6356,182.46,0.38197
29.917,13.607,11.162,5,103.46,28.292,11.404,0,15,1.0693,0.71708,0.87328,119.07,0.84558
44.847,29.667,74.673,5,64.509,102.04,74.915,0,15,0.29018,0.02044,0.16761,21.029,1.0635
82.282,29.276,249.7,5,70.179,-3.5644,249.82,0,7,0.40357,1.0356,1.7757,191.51,0.4502
61.843,48.181,-3.3455,5,101.78,45.897,-3.2161,0,8,1.0356,0.54103,1.0357,119.57,0.75251
65.147,19.43,151.85,5,-1.0624,54.663,152.09,0,15,1.0212,0.45337,0.68993,92.295,0.91484
66.782,9.9237,1.7245,5,101.77,11.016,1.8376,0,7,1.0353,0.88984,0.97958,135.54,0.38199
26.267,35.717,213.98,5,-2.7332,16.122,214.09,0,7,1.0547,0.83878,1.3788,158.79,0.51077
36.624,40.562,153.12,5,-3.5427,60.852,153.27,0,9,1.0709,0.39148,0.70295,91.662,0.73862
7.5775,32.893,49.238,5,66.158,101.22,49.529,0,18,0.32315,0.012187,0.44968,43.595,1.1336
85.775,7.0495,76.482,5,100.84,70.279,76.692,0,13,1.0169,0.29721,0.14787,60.379,0.65263
43.494,26.819,187.26,5,-1.1374,21.072,187.4,0,9,1.0227,0.78928,1.0823,135.4,0.6125
34.733,40.744,79.689,5,46.241,104.72,79.899,0,13,0.075178,0.047168,0.11224,11.765,1.0622
10.076,14.563,169.83,5,-4.6904,17.202,169.88,0,3,1.0938,0.82798,0.88757,127.39,0.15906
47.72,13.567,32.805,5,102.28,48.891,33.015,0,13,1.0457,0.51109,0.63317,92.699,0.75177
59.235,15.245,175.83,5,-0.61383,19.494,176.03,0,12,1.0123,0.80506,0.95586,128.23,0.70376
27.885,46.449,6.8622,5,102.33,55.578,7.1047,0,15,1.0465,0.44422,0.92106,107.62,1.2945
72.833,15.112,13.499,5,102,22.144,13.596,0,6,1.0399,0.77856,0.84893,120.84,0.34128
14.836,31.777,156.01,5,-3.4424,39.895,156.08,0,4,1.0688,0.60105,0.73417,104.09,0.26058
54.007,25.306,142,5,-1.2443,68.286,142.23,0,14,1.0249,0.31714,0.58029,79.745,0.93582
62.695,36.198,138.88,5,-1.4831,91.931,139.16,0,17,1.0297,0.080695,0.5462,71.639,1.3066
88.285,15.984,165.34,5,-3.6902,39.765,165.65,0,19,1.0738,0.60235,0.84054,110.61,1.0289
27.316,12.134,128.63,5,-0.82637,47.248,128.77,0,9,1.0165,0.52752,0.43083,82.883,0.49588
45.712,26.725,148.3,5,-1.1317,55.547,148.48,0,11,1.0226,0.44453,0.64976,89.5,0.74932
73.245,22.059,148.32,5,-3.4741,69.115,148.61,0,18,1.0695,0.30885,0.65127,85.141,1.1066
42.79,43.203,209.85,5,-0.53822,18.249,210.01,0,10,1.0108,0.81751,1.3335,153.75,0.87332
29.054,33.379,119.61,5,-0.68703,85.489,119.8,0,12,1.0137,0.14511,0.33115,60.564,0.85915
53.504,44.407,5.3204,5,103.28,49.121,5.4821,0,10,1.0656,0.50879,0.93909,112.12,0.89762
34.354,12.126,248.34,5,28.825,-1.8176,248.39,0,3,0.42349,1.0182,1.7599,189.48,0.16806
62.517,27.617,140.15,5,-2.8811,81.913,140.43,0,17,1.0576,0.18087,0.56032,75.277,1.1571
53.846,34.834,105.8,5,34.645,102.15,106.03,0,14,0.30711,0.021495,0.17806,22.298,1.0723
69.01,29.467,267.73,5,67.853,-0.51039,267.83,0,6,0.35707,1.0051,1.9759,205.05,0.41068
25.806,11.549,-50.509,5,35.352,-0.021141,-50.46,0,3,0.29296,1.0002,1.5607,173.05,0.16358
12.469,24.397,71.414,5,37.785,100.29,71.673,0,16,0.2443,0.0028563,0.20363,22.027,0.9478
38.46,39.831,136.04,5,-1.1965,77.94,136.22,0,11,1.0239,0.2206,0.51356,72.416,0.89773
73.39,47.113,260.19,5,64.945,-2.1689,260.35,0,10,0.2989,1.0217,1.8928,199.2,0.86462
23.514,12.972,160.66,5,-0.081216,21.233,160.74,0,5,1.0016,0.78767,0.78596,117.12,0.27482
15.069,29.592,100.92,5,0.68943,103.2,101.17,0,15,0.98621,0.03201,0.12407,50.66,0.95424
81.058,27.849,51.644,5,102.75,55.319,51.757,0,7,1.0549,0.44681,0.42492,79,0.44556
64.743,38.874,97.219,5,56.448,103.34,97.429,0,13,0.12896,0.033426,0.082545,10.389,1.0337
36.903,13.45,120.99,5,-1.8619,77.655,121.24,0,15,1.0372,0.22345,0.34706,64.534,0.8568
29.544,8.9115,181.78,5,-0.44016,7.9522,181.87,0,6,1.0088,0.92048,1.0208,139.49,0.32135
27.88,26.023,157.61,5,-4.4961,39.321,157.72,0,7,1.0899,0.60679,0.75244,106.01,0.45329
37.894,38.663,52.095,5,86.891,101.9,52.353,0,16,0.73781,0.019024,0.4183,52.743,1.2796
65.774,37.274,69.23,5,90.458,102.78,69.456,0,14,0.80917,0.027772,0.22826,45.46,1.0823
8.6837,21.227,62.751,5,49.676,101.35,63.042,0,18,0.0064867,0.013495,0.29953,26.993,1.0118
30.243,15.473,205.82,5,-1.2454,0.19388,205.93,0,7,1.0249,0.99806,1.2881,161.33,0.4032
43.973,45.174,50.826,5,91.218,103.42,51.068,0,15,0.82436,0.034231,0.43257,56.8,1.3598
73.144,24.062,201.07,5,7.8752,-1.2361,201.29,0,14,0.8425,1.0124,1.2366,156.23,0.88176
71.937,23.228,-12.233,5,101.26,16.9,-12.136,0,6,1.0252,0.831,1.1348,141.3,0.37573
74.975,47.82,27.924,5,101.47,61.895,28.021,0,6,1.0294,0.38105,0.68866,89.12,0.51859
64.729,25.862,210.06,5,17.173,-1.7689,210.24,0,11,0.65654,1.0177,1.336,160.91,0.72764
73.121,14.192,220.31,5,54.072,-1.9983,220.39,0,5,0.081442,1.02,1.4488,165.6,0.28131
92.129,29.12,228.34,5,65.579,-0.79816,228.47,0,8,0.31158,1.008,1.5386,171.98,0.48511
57.57,13.654,-18.049,5,100.38,-0.22791,-17.904,0,9,1.0075,1.0023,1.1989,155.65,0.51917
41.998,39.194,207.21,5,-2.4331,16.263,207.37,0,10,1.0487,0.83737,1.3041,153.42,0.81526
74.937,20.697,102.26,5,56.672,103.71,102.54,0,17,0.13344,0.037109,0.13931,14.679,1.0225
14.736,11.803,-40.935,5,29.854,-1.29,-40.87,0,4,0.40292,1.0129,1.4541,166.71,0.21056
65.364,28.293,-21.704,5,102.55,13.547,-21.575,0,8,1.0509,0.86453,1.2397,150.61,0.54544
49.571,13.347,-70.209,5,54.657,-0.76401,-70.161,0,3,0.093145,1.0076,1.7796,189.28,0.1731
80.161,31.104,244.66,5,65.217,-0.54505,244.77,0,7,0.30434,1.0055,1.7197,185.19,0.46537
66.913,32.06,203.54,5,-1.7758,1.9471,203.79,0,15,1.0355,0.98053,1.2643,158.88,1.0712
82.595,49.523,-89.812,5,82.837,-0.4762,-89.65,0,10,0.65674,1.0048,1.9961,208.44,0.83214
81.428,33.34,266.38,5,79.259,-1.5924,266.5,0,7,0.58517,1.0159,1.9611,205.74,0.47492
52.38,27.62,198.49,5,-4.4889,8.4917,198.68,0,12,1.0898,0.91508,1.2075,152.16,0.8285
26.594,28.418,234.31,5,6.2061,-0.030353,234.42,0,7,0.87588,1.0003,1.6047,181.06,0.46474
56.421,43.343,175.91,5,-3.4341,47.512,176.1,0,12,1.0687,0.52488,0.95672,114.12,1.0523
57.395,17.61,149.91,5,-3.2458,52.577,150.14,0,14,1.0649,0.47423,0.66818,93.276,0.84621
14.18,33.916,147.94,5,-2.7778,44.52,148,0,4,1.0556,0.5548,0.6445,96.063,0.26607
69.759,45.302,263.63,5,64.288,-4.3974,263.79,0,10,0.28575,1.044,1.931,203.24,0.85974
73.137,32.002,244.19,5,55.768,-4.0304,244.32,0,8,0.11537,1.0403,1.7147,186.2,0.5569
56.888,7.7303,-46.491,5,67.221,-3.1428,-46.442,0,3,0.34442,1.0314,1.516,171.91,0.16212
81.193,27.825,214.15,5,39.857,-0.30608,214.31,0,10,0.20286,1.0031,1.3812,160.05,0.63591
25.009,30.749,136.76,5,-0.51455,54.698,136.87,0,7,1.0103,0.45302,0.52079,82.468,0.4754
9.7512,33.433,40.468,5,89.42,101.83,40.808,0,21,0.78839,0.018278,0.54658,63.065,1.3498
11.26,28.052,-20.696,5,86.165,-0.041984,-20.438,0,16,0.72329,1.0004,1.2271,153.34,0.97901
17.585,15.836,-37.255,5,41.482,-2.3009,-37.158,0,6,0.17037,1.023,1.4129,163.42,0.33263
23.26,8.8341,138.67,5,-3.0485,31.918,138.78,0,7,1.061,0.68082,0.54205,99.143,0.3684
31.241,30.16,160.26,5,-1.7157,41.945,160.37,0,7,1.0343,0.58055,0.78191,104.87,0.48399
49.924,30.039,70.266,5,75.089,100.69,70.508,0,15,0.50177,0.0069163,0.21657,31.778,1.072
17.658,28.085,217.08,5,-2.2741,12.995,217.16,0,5,1.0455,0.87005,1.4129,162.7,0.31705
82.158,18.623,-14.954,5,101.48,13.475,-14.889,0,4,1.0297,0.86525,1.1654,145.39,0.22857
55.588,34.533,60.13,5,95.264,104,60.389,0,16,0.90528,0.040016,0.32901,54.237,1.2176
24.714,47.761,-60.454,5,51.916,-0.040846,-60.277,0,11,0.038325,1.0004,1.6697,180.54,0.94767
16.091,13.108,-30.074,5,42.067,-1.9002,-29.977,0,6,0.15866,1.019,1.3331,157.61,0.32163
60.402,31.67,-71.252,5,71.689,-1.4607,-71.139,0,7,0.43378,1.0146,1.7904,191.65,0.50638
87.083,38.332,175.62,5,-2.6722,44.961,175.91,0,18,1.0534,0.55039,0.9546,114.83,1.2507
12.453,43.999,246.39,5,-1.5311,11.914,246.5,0,7,1.0306,0.88086,1.7389,186.83,0.51911
91.658,43.934,192.8,5,-0.9206,22.624,193.11,0,19,1.0184,0.77376,1.1456,138.6,1.3601
51.15,14.637,53.492,5,101.55,83.086,53.767,0,17,1.0309,0.16914,0.40259,65.237,0.99566
18.518,8.3283,248.09,5,14.791,-0.95111,248.12,0,2,0.70419,1.0095,1.7569,190.88,0.10317
32.912,19.708,29.857,5,102.2,59.701,30.116,0,16,1.044,0.40299,0.66538,89.077,0.97454
47.168,34.873,-80.918,5,53.532,-4.6179,-80.789,0,8,0.070641,1.0462,1.8977,200.32,0.6136
79.43,31.038,217.48,5,35.838,-2.499,217.65,0,11,0.28324,1.025,1.4184,164.32,0.73354
36.918,26.179,-70.474,5,46.973,-2.0856,-70.377,0,6,0.060547,1.0209,1.782,190.14,0.40015
22.231,35.501,29.098,5,100.75,79.479,29.389,0,18,1.0151,0.20521,0.67345,81.675,1.2816
84.27,12.081,265.83,5,83.188,-2.8802,265.88,0,3,0.66375,1.0288,1.9542,206.44,0.15896
53.438,37.397,269.82,5,53.361,-2.6025,269.95,0,8,0.06723,1.026,1.9994,207.17,0.63799
31.755,24.824,77.342,5,49.098,102.92,77.601,0,16,0.018045,0.02922,0.13777,12.77,1.0342
72.7,42.183,-53.92,5,102.21,1.8186,-53.759,0,10,1.0442,0.98181,1.5973,181.75,0.80497
22.318,22.464,-69.586,5,31.058,-0.95827,-69.505,0,5,0.37884,1.0096,1.7723,189.72,0.30366
51.882,21.442,-26.759,5,96.562,-1.0012,-26.597,0,10,0.93125,1.01,1.2955,161.13,0.63629
24.969,45.922,153.14,5,-1.8075,59.449,153.24,0,6,1.0362,0.40551,0.70264,91.255,0.50344
47.288,46.222,-52.556,5,83.855,-1.3481,-52.362,0,12,0.6771,1.0135,1.5818,178,1.1143
71.117,38.66,112.27,5,44.452,103.38,112.5,0,14,0.11096,0.033817,0.24996,23.416,1.079
22.841,32.68,17.977,5,103.62,59.12,18.252,0,17,1.0725,0.4088,0.7972,98.461,1.1709
18.535,16.142,232.18,5,3.2214,-3.6194,232.26,0,5,0.93557,1.0362,1.5807,182.11,0.27912
13.145,17.427,-70.648,5,19.786,-1.4385,-70.584,0,4,0.60429,1.0144,1.7843,192.33,0.22118
44.988,7.5712,232.99,5,38.972,-0.41656,233.02,0,2,0.22056,1.0042,1.5891,175.1,0.10803
23.913,11.015,20.652,5,103.37,41.196,20.927,0,17,1.0675,0.58804,0.76748,105.25,0.91664
46.221,11.372,268.34,5,45.795,-3.6222,268.39,0,3,0.084101,1.0362,1.9821,206.34,0.16909
35.56,19.786,-67.664,5,45.081,-3.3303,-67.583,0,5,0.098388,1.0333,1.7509,188.5,0.30674
32.649,8.9931,91.954,5,29.142,103.93,92.261,0,19,0.41717,0.039282,0.025126,21.345,1.0254
72.483,34.136,-57.639,5,96.623,-3.8411,-57.493,0,9,0.93245,1.0384,1.6388,186.31,0.64659
13.954,40.421,235.85,5,-0.062885,19.721,235.93,0,5,1.0013,0.80279,1.6214,173.92,0.35902
52.904,11.694,207.29,5,26.257,-2.0881,207.39,0,6,0.47485,1.0209,1.3043,157.37,0.33954
36.076,19.641,178.67,5,-3.914,20.517,178.8,0,8,1.0783,0.79483,0.98669,130.81,0.49046
7.8889,9.0832,150.45,5,-0.81238,14.011,150.48,0,2,1.0162,0.85989,0.67202,116.76,0.099805
58.898,29.622,172.7,5,-0.62867,37.142,172.89,0,12,1.0126,0.62858,0.92099,115.69,0.84581
67.824,40.599,13.672,5,101.82,48.91,13.785,0,7,1.0365,0.5109,0.84683,105.38,0.56436
66.558,30.937,52.747,5,102.79,78.762,52.941,0,12,1.0558,0.21238,0.41176,67.905,0.84483
12.297,40.548,31.53,5,101.62,95.735,31.87,0,21,1.0325,0.042655,0.64589,77.861,1.4915
59.276,38.874,-52.267,5,89.937,-0.62221,-52.106,0,10,0.79874,1.0062,1.579,178.64,0.80872
17.998,30.63,84.683,5,24.338,100.34,84.909,0,14,0.51324,0.0034251,0.056567,26.164,0.91628
83.581,41.355,174.36,5,-1.0289,49.49,174.64,0,17,1.0206,0.5051,0.94042,110.99,1.2578
11.415,10.134,-58.13,5,19.342,-2.6002,-58.082,0,3,0.61317,1.026,1.6454,182.74,0.15338
75.658,47.549,156.14,5,-2.163,81.738,156.41,0,17,1.0433,0.18262,0.73792,86.401,1.4557
18.359,38.077,-50.273,5,50.375,-0.32797,-50.111,0,10,0.0075091,1.0033,1.5568,172.33,0.71903
17.104,34.551,28.373,5,100.56,79.932,28.68,0,19,1.0113,0.20068,0.68133,81.973,1.2969
63.228,39.213,119.95,5,25.642,104.11,120.19,0,15,0.48717,0.041146,0.33544,39.009,1.2056
70.643,17.098,174.58,5,-4.0382,24.007,174.83,0,15,1.0808,0.75993,0.94252,126.06,0.87787
90.471,44.278,-58.956,5,100.8,27.15,-58.891,0,4,1.016,0.7285,1.6543,173.37,0.29041
38.514,22.876,156.61,5,-2.8138,40.682,156.76,0,9,1.0563,0.59318,0.74173,103.75,0.57711
58.423,40.943,42.355,5,102.69,81.447,42.549,0,12,1.0538,0.18553,0.52723,73.293,1.0058
24.718,10.727,187.9,5,-0.04165,7.2712,187.98,0,5,1.0008,0.92729,1.0886,143.88,0.26944
24.688,23.696,108.64,5,-1.0637,99.438,108.9,0,16,1.0213,0.0056241,0.20999,54.452,0.99511
26.69,34.603,84.413,5,33.358,104.29,84.639,0,14,0.33285,0.042851,0.059564,18.002,1.0083
20.059,40.623,-53.782,5,52.631,-3.6943,-53.604,0,11,0.052625,1.0369,1.5956,177.15,0.82708
32.29,17.207,101.11,5,15.693,100.57,101.39,0,17,0.68614,0.0057095,0.12654,36.152,1.0039
14.869,24.429,-52.255,5,36.325,-3.2234,-52.142,0,7,0.2735,1.0322,1.5794,176.2,0.41998
16.656,40.73,14.965,5,103.54,64.204,15.256,0,18,1.0708,0.35796,0.83049,98.664,1.3234
58.904,48.47,65.695,5,83.5,103.2,65.889,0,12,0.66999,0.031972,0.2679,41.398,1.1474
66.749,39.598,65.751,5,95.362,103.48,65.978,0,14,0.90725,0.034829,0.26692,51.449,1.1168
63.373,11.719,246.15,5,57.316,-2.0034,246.2,0,3,0.14633,1.02,1.7356,186.7,0.168
23.122,18.446,197.22,5,-0.75162,11.025,197.3,0,5,1.015,0.88975,1.1922,148.34,0.29114
48.934,40.065,52.562,5,97.413,103.7,52.821,0,16,0.94826,0.037029,0.4131,60.365,1.3346
30.473,8.6011,152.39,5,-0.55876,24.789,152.5,0,7,1.0112,0.75211,0.69444,110.09,0.37449
43.943,26.425,129.55,5,-0.74282,80.306,129.77,0,14,1.0149,0.19694,0.44194,67.415,0.9482
12.109,20.58,188.18,5,-2.7375,18.437,188.23,0,3,1.0547,0.81563,1.0914,138.14,0.17046
66.893,12.389,-43.145,5,81.495,-1.2775,-43.081,0,4,0.62991,1.0128,1.4787,170.18,0.22415
14.942,7.3363,62.319,5,63.43,100.47,62.659,0,21,0.26861,0.0046993,0.30379,30.465,1.0598
63.379,38.086,101.24,5,50.589,101.81,101.45,0,13,0.011777,0.018148,0.12717,11.603,1.0262
16.358,34.166,-44.46,5,52.1,-0.79919,-44.298,0,10,0.041992,1.008,1.4922,167.93,0.6763
18.55,11.24,-38.87,5,34.13,-1.3006,-38.806,0,4,0.31739,1.013,1.4312,164.63,0.21239
21.47,15.439,24.293,5,103.4,52.684,24.584,0,18,1.068,0.47316,0.72685,96.797,1.0085
34.213,16.355,0.37506,5,104.21,16.962,0.60141,0,14,1.0842,0.83038,0.99332,133.51,0.82235
83.791,37.239,110.07,5,59.635,102.94,110.29,0,14,0.19271,0.029386,0.22547,22.655,0.98204
22.861,16.117,-62.155,5,32.215,-1.5604,-62.09,0,4,0.35569,1.0156,1.6899,183.75,0.22685
85.587,37.389,110.8,5,60.586,102.77,111.03,0,14,0.21173,0.02772,0.23367,23.707,0.97198
33.955,14.147,134.1,5,-0.8958,50,134.26,0,10,1.0179,0.5,0.49179,83.961,0.57248
91.962,14.329,2.8052,5,101.95,14.822,2.8375,0,2,1.039,0.85178,0.96847,132.48,0.10483
41.125,10.182,156.27,5,-0.097542,28.23,156.42,0,9,1.002,0.7177,0.738,109.87,0.49858
41.605,49.262,54.786,5,78.981,102.44,54.996,0,13,0.57963,0.024412,0.38893,45.51,1.2639
60.378,13.638,47.284,5,101,57.796,47.478,0,12,1.02,0.42204,0.47246,78.677,0.68979
20.858,39.599,223.6,5,-0.84719,18.889,223.7,0,6,1.0169,0.81111,1.4855,164.44,0.44733
37.167,36.478,15.894,5,104.45,55.79,16.12,0,14,1.089,0.4421,0.82089,101.87,1.0802
52.634,42.794,125.1,5,9.3741,104.06,125.34,0,15,0.81252,0.040605,0.39266,53.998,1.3097
35.837,19.867,72.933,5,60.576,101.19,73.208,0,17,0.21153,0.011866,0.18658,19.881,1.0445
43.348,22.463,110.99,5,12.692,101.74,111.27,0,17,0.74616,0.017424,0.23633,42.981,1.0922
70.859,25.246,64.568,5,100.79,88.527,64.794,0,14,1.0157,0.11473,0.28006,57.846,0.90195
17.739,8.0507,14.467,5,104.82,30.768,14.758,0,18,1.0965,0.69232,0.83603,116.02,0.9236
34.307,35.109,254.5,5,23.664,-3.4495,254.63,0,8,0.52672,1.0345,1.8292,196.21,0.59914
87.473,26.689,-3.4278,5,102.45,25.801,-3.3793,0,3,1.0489,0.74199,1.0375,130.29,0.18219
72.695,39.651,176.63,5,-2.185,43.887,176.88,0,15,1.0437,0.56113,0.96529,115.84,1.1632
70.957,11.555,155.36,5,-1.8392,44.731,155.62,0,16,1.0368,0.55269,0.72912,100.24,0.88014
46.84,16.123,-54.533,5,58.457,-0.15784,-54.469,0,4,0.16913,1.0016,1.6052,176,0.23828
77.827,14.525,-31.115,5,103.53,-0.95185,-31.018,0,6,1.0705,1.0095,1.3446,166.44,0.33374
64.275,45.459,95.961,5,58.471,100.15,96.139,0,11,0.16941,0.0015158,0.068209,10.462,0.97555
67.432,13.604,253.24,5,63.116,-0.76121,253.29,0,3,0.26232,1.0076,1.8144,192.33,0.17019
53.516,36.229,-76.837,5,62.674,-2.7089,-76.708,0,8,0.25348,1.0271,1.8523,196.22,0.62629
76.592,39.191,-46.733,5,100.61,13.732,-46.619,0,7,1.0122,0.86268,1.518,169.32,0.52735
52.154,21.011,106.72,5,27.491,102.35,107,0,17,0.45019,0.02354,0.18885,28.304,1.0757
41.304,24.849,-24.934,5,95.757,-0.34596,-24.74,0,12,0.91515,1.0035,1.2749,159.15,0.7931
28.963,7.883,242.52,5,24.353,-0.99089,242.56,0,2,0.51294,1.0099,1.6951,184.74,0.10583
63.218,47.102,-31.136,5,101.77,23.889,-30.99,0,9,1.0354,0.76111,1.3443,152.02,0.82532
86.214,41.17,117.86,5,53.37,102.99,118.09,0,14,0.067391,0.029862,0.31209,28.447,1.0133
44.843,18.077,180.7,5,-0.15274,17.464,180.85,0,9,1.0031,0.82536,1.0094,132.59,0.54821
26.666,9.76,186.24,5,-3.1535,6.4705,186.34,0,6,1.0631,0.93529,1.0704,144.41,0.32186
64.723,37.754,141.14,5,-1.6015,90.914,141.42,0,17,1.032,0.090857,0.5713,73.409,1.3289
43.038,23.803,203.81,5,-2.6748,3.5462,203.97,0,10,1.0535,0.96454,1.2664,158.33,0.65347
34.299,42.025,194.07,5,-4.4894,32.254,194.2,0,8,1.0898,0.67746,1.1577,135.7,0.66596
80.295,28.742,138.84,5,-2.7535,100.87,139.19,0,22,1.0551,0.0087393,0.5466,72.137,1.4206
88.777,26.09,-68.393,5,99.851,-1.7906,-68.296,0,6,0.99703,1.0179,1.7588,194.69,0.35944
81.54,34.141,37.827,5,101.27,49.49,37.907,0,5,1.0255,0.5051,0.57881,88.848,0.34236
92.742,16.639,144.88,5,-1.5479,82.475,145.25,0,23,1.031,0.17525,0.61394,77.572,1.2276
59.029,23.652,-38.813,5,90.229,-1.3799,-38.683,0,8,0.80458,1.0138,1.4298,168.69,0.52029
9.1616,25.108,-23.724,5,68.72,-0.92599,-23.514,0,13,0.37441,1.0093,1.2613,153.04,0.76199
69.417,22.926,212.96,5,31.695,-1.6111,213.11,0,9,0.36611,1.0161,1.3679,160.67,0.56616
70.144,31.554,-26.332,5,101.53,16.064,-26.219,0,7,1.0306,0.83936,1.2913,152.34,0.49055
89.335,18.409,242.85,5,77.945,-3.846,242.93,0,5,0.55891,1.0385,1.6992,186.96,0.27601
26.244,23.063,-58.5,5,41.945,-2.5004,-58.403,0,6,0.16111,1.025,1.6489,180.54,0.37257
62.05,14.767,-73.782,5,67.65,-4.4336,-73.717,0,4,0.35299,1.0443,1.8191,194.99,0.23234
69.193,21.94,147.82,5,-2.8656,67.024,148.1,0,17,1.0573,0.32976,0.64552,85.191,1.0574
40.013,33.976,-82.206,5,44.798,-0.69539,-82.093,0,7,0.10404,1.007,1.9121,199.46,0.52415
85.309,41.424,178.51,5,-4.6662,43.531,178.8,0,18,1.0933,0.56469,0.98662,118.58,1.3159
76.928,23.482,132.22,5,6.1283,101.02,132.56,0,21,0.87743,0.010219,0.47289,61.132,1.2944
56.493,29.792,9.0251,5,100.93,36.914,9.1706,0,9,1.0185,0.63086,0.8981,114.48,0.63823
28.382,26.42,-8.0234,5,102.67,16.12,-7.7809,0,15,1.0534,0.8388,1.0865,139.18,0.97797
76.183,49.402,-79.203,5,86.577,-4.6063,-79.025,0,11,0.73155,1.0461,1.8781,202.11,0.96541
53.067,10.744,198.75,5,19.938,-0.54515,198.87,0,7,0.60124,1.0055,1.2096,151.21,0.3919
92.066,9.8787,248.18,5,86.5,-4.0501,248.23,0,3,0.73,1.0405,1.7581,192.86,0.15082
8.5633,36.405,192.15,5,-1.212,34.297,192.18,0,2,1.0242,0.65703,1.1353,131.83,0.13175
52.936,45.07,233.64,5,17.455,-3.3142,233.84,0,12,0.65091,1.0331,1.5982,180.06,1.0908
60.831,12.928,-11.591,5,100.03,4.9409,-11.462,0,8,1.0005,0.95059,1.1274,147.76,0.45588
22.664,8.7983,-51.501,5,32.008,-2.9358,-51.452,0,3,0.35983,1.0294,1.5717,175.86,0.15755
60.014,47.405,37.604,5,103.53,81.04,37.782,0,11,1.0706,0.1896,0.5802,77.148,1.0273
42.314,49.327,250.41,5,23.96,-2.52,250.59,0,11,0.52081,1.0252,1.7843,192.29,1.0731
65.191,49.497,186.06,5,-4.4016,41.961,186.29,0,14,1.088,0.58039,1.0698,124.9,1.3273
35.956,35.482,-2.1005,5,100.92,33.228,-1.8903,0,13,1.0183,0.66772,1.021,124.48,0.98443
32.414,36.248,100.02,5,20.972,100.23,100.24,0,13,0.58055,0.0023276,0.11372,30.78,0.98286
42.397,32.913,180.19,5,-2.6025,32.703,180.33,0,9,1.052,0.67297,1.0037,124.32,0.66651
57.184,30.727,120.09,5,14.388,104.17,120.36,0,17,0.71225,0.041673,0.33734,46.983,1.2205
51.017,10.551,169.05,5,-2.9989,20.912,169.22,0,11,1.06,0.79088,0.88026,123.86,0.61484
92.669,22.245,259.65,5,88.2,-2.3523,259.73,0,5,0.764,1.0235,1.8859,201.85,0.28187
36.795,45.121,73.69,5,53.539,102.74,73.884,0,12,0.070777,0.027376,0.17906,16.725,1.063
42.555,16.362,-44.764,5,60.32,-1.2273,-44.684,0,5,0.2064,1.0123,1.4965,168.8,0.29773
33.567,38.222,191.83,5,-0.68133,31.006,191.95,0,7,1.0136,0.68994,1.1327,133.12,0.54751
66.666,7.4215,213.56,5,54.17,-0.87701,213.61,0,3,0.083407,1.0088,1.3734,159.6,0.15946
86.321,40.151,-74.642,5,98.3,-3.2252,-74.497,0,9,0.96599,1.0323,1.8277,200.12,0.64279
39.524,37.287,172.62,5,-0.15154,42.371,172.75,0,8,1.003,0.57629,0.91949,112.63,0.62911
26.288,18.569,152.29,5,-0.2856,32.492,152.39,0,6,1.0057,0.67508,0.6932,104.78,0.35372
48.064,33.82,-4.8798,5,102.87,29.234,-4.702,0,11,1.0575,0.70766,1.0522,129.51,0.83071
22.233,42.675,186.09,5,-2.6239,40.001,186.17,0,5,1.0525,0.59999,1.0686,124.97,0.39249
87.365,11.639,-24.398,5,101.03,5.4508,-24.35,0,3,1.0206,0.94549,1.2706,156.91,0.15635
15.522,28.06,-20.432,5,95.25,-1.4104,-20.157,0,17,0.905,1.0141,1.224,156.42,1.0655
84.047,11.261,-74.1,5,88.164,-3.163,-74.052,0,3,0.76328,1.0316,1.8228,197.51,0.15782
54.927,40.217,22.298,5,101.16,59.261,22.46,0,10,1.0232,0.40739,0.75044,94.014,0.83354
22.392,21.575,-14.348,5,104.79,0.72102,-14.073,0,17,1.0959,0.99279,1.1564,153.92,1.0223
50.873,45.974,136.41,5,-3.5677,97.56,136.66,0,15,1.0714,0.024396,0.51839,71.079,1.388
15.732,23.807,-70.338,5,25.854,-4.4341,-70.241,0,6,0.48292,1.0443,1.7805,192.79,0.35909
50.11,25.564,269.12,5,49.68,-4.4329,269.22,0,6,0.0063978,1.0443,1.9913,207.43,0.40303
76.798,27.883,232,5,52.212,-3.6692,232.13,0,8,0.044241,1.0367,1.5792,175.94,0.51992
18.829,23.77,243.85,5,5.6331,-3.1717,243.95,0,6,0.88734,1.0317,1.7105,190.56,0.36427
85.904,37.684,132.6,5,28.21,100.1,132.88,0,17,0.4358,0.0010409,0.4764,48.096,1.1819
36.523,47.249,-45.081,5,86.055,-2.2138,-44.855,0,14,0.72109,1.0221,1.4984,173.01,1.2857
69.83,34.799,209.93,5,9.2428,-0.26065,210.16,0,14,0.81514,1.0026,1.3351,161.72,1.0271
41.252,39.242,210.68,5,-1.7099,13.664,210.84,0,10,1.0342,0.86336,1.3427,157.26,0.81454
34.732,30.747,262.49,5,30.194,-3.9574,262.6,0,7,0.39612,1.0396,1.9178,202.46,0.49354
54.241,21.208,133.01,5,-0.46941,79.576,133.27,0,16,1.0094,0.20424,0.48076,69.545,1.0139
38.015,39.53,59.004,5,76.493,103.91,59.247,0,15,0.52985,0.039073,0.3417,40.778,1.2166
49.342,36.874,260.18,5,42.572,-2.5491,260.31,0,8,0.14855,1.0255,1.8924,198.94,0.63362
35.187,43.026,176.07,5,-4.7223,45.719,176.2,0,8,1.0944,0.54281,0.95773,115.63,0.67948
89.059,8.3727,38.473,5,100.8,17.711,38.521,0,3,1.0159,0.82289,0.57199,109.55,0.15059
63.988,19.105,-7.0621,5,103.69,14.237,-6.9328,0,8,1.0738,0.85763,1.077,140.12,0.48723
68.157,33.857,122.62,5,24.871,101.13,122.88,0,16,0.50257,0.011348,0.36531,41.397,1.1663
63.798,9.0449,35.563,5,100.37,35.268,35.708,0,9,1.0073,0.64732,0.60324,98.36,0.48915
45.815,17.359,167.42,5,-3.0005,28.177,167.58,0,10,1.06,0.71823,0.86198,118.26,0.60425
80.632,19.105,173.18,5,-3.7919,28.987,173.45,0,17,1.0758,0.71013,0.92726,122.07,0.98265
18.848,42.979,-40.103,5,72.485,-1.9993,-39.877,0,14,0.44969,1.02,1.4431,166.67,1.0773
57.586,22.745,200.43,5,-3.2791,-0.068247,200.64,0,13,1.0656,1.0007,1.2294,158.41,0.83734
50.325,28.053,225.74,5,22.444,-0.62887,225.87,0,8,0.55113,1.0063,1.5096,171.3,0.55596
37.37,26.326,256.87,5,30.585,-2.8965,256.97,0,6,0.38831,1.029,1.8552,197.09,0.40135
10.638,48.837,-21.886,5,103.54,11.837,-21.562,0,20,1.0708,0.88163,1.2396,151.94,1.5491
64.372,32.217,153.04,5,-2.5537,66.068,153.28,0,15,1.0511,0.33932,0.70314,88.983,1.0824
38.048,33.672,202.01,5,-3.6473,16.745,202.16,0,9,1.0729,0.83255,1.2462,149.63,0.66769
8.6561,10.607,260.93,5,6.2995,-4.2072,260.98,0,3,0.87401,1.0421,1.8997,204.94,0.1523
63.016,16.943,55.257,5,102.79,74.548,55.483,0,14,1.0557,0.25452,0.38352,68.013,0.83263
17.494,18.543,2.8246,5,102.38,22.947,3.0995,0,17,1.0476,0.77053,0.96556,127.41,0.96917
35.523,13.546,35.283,5,100.72,59.911,35.541,0,16,1.0143,0.40089,0.6051,84.528,0.91264
17.463,45.019,-56.06,5,48.248,-0.55847,-55.882,0,11,0.035043,1.0056,1.6209,177.19,0.86089
86.983,24.158,-72.935,5,95.815,-4.5127,-72.838,0,6,0.91631,1.0451,1.8093,198.84,0.35554
36.444,38.647,196.09,5,-1.9757,27.515,196.21,0,8,1.0395,0.72485,1.1802,138.7,0.63661
53.862,36.508,231.71,5,22.939,-2.7834,231.87,0,10,0.54122,1.0278,1.5763,177.27,0.78604
11.712,20.057,-73.371,5,18.887,-3.8909,-73.29,0,5,0.62227,1.0389,1.8143,196.02,0.28204
23.811,37.967,169.83,5,-0.80002,42.36,169.91,0,5,1.016,0.5764,0.88791,110.86,0.37128
82.491,32.045,-64.554,5,99.723,-4.053,-64.424,0,8,0.99446,1.0405,1.7158,192.73,0.53105
86.356,41.416,12.941,5,100.97,44.783,12.989,0,3,1.0195,0.55217,0.85567,107.6,0.21755
53.755,49.345,167.64,5,-4.8786,62.077,167.84,0,12,1.0976,0.37923,0.86487,102.51,1.1813
79.151,25.63,79.425,5,93.645,104.31,79.684,0,16,0.87289,0.043063,0.11463,45.054,1.0015
55.221,18.571,179.65,5,-4.7781,18.831,179.84,0,12,1.0956,0.81169,0.99823,132.89,0.73533
50.334,34.813,20.788,5,101.72,54.42,20.966,0,11,1.0344,0.4558,0.76704,97.561,0.84371
18.93,27.45,40.485,5,102.36,99.139,40.841,0,22,1.0472,0.0086148,0.54621,71.826,1.3938
74.778,40.553,150.66,5,-3.7989,84.435,150.96,0,18,1.076,0.15565,0.67728,82.778,1.3974
18.481,7.9269,111.54,5,-1.8009,59.051,111.72,0,11,1.036,0.40949,0.24134,69.512,0.56515
32.87,47.395,263.13,5,26.963,-2.2551,263.29,0,10,0.46075,1.0226,1.9254,202.52,0.90377
31.649,41.435,232.6,5,-1.6822,-2.3141,232.78,0,11,1.0336,1.0231,1.5864,183.1,0.89617
58.387,45.013,249.74,5,41.149,-1.9216,249.91,0,10,0.17702,1.0192,1.7767,189.83,0.8989
54.228,38.321,117.63,5,21.63,100.27,117.86,0,14,0.5674,0.0026731,0.30955,39.763,1.1322
9.2237,26.201,142.67,5,-2.7085,35.29,142.72,0,3,1.0542,0.6471,0.58575,98.715,0.1779
51.823,23.009,247.37,5,42.223,-0.073656,247.45,0,5,0.15554,1.0007,1.7494,186.72,0.32462
78.34,43.511,44.112,5,103.44,67.901,44.226,0,7,1.0688,0.32099,0.50861,77.341,0.5538
58.014,44.52,246.06,5,37.796,-1.2104,246.22,0,10,0.24407,1.0121,1.7358,186.54,0.89196
64.488,15.891,145.39,5,-1.4608,61.177,145.64,0,16,1.0292,0.38823,0.61828,85.158,0.93735
13.196,24.489,150.1,5,-4.1477,34.448,150.16,0,4,1.083,0.65552,0.66844,104.15,0.23809
87.3,41.871,84.437,5,93.007,101.6,84.631,0,12,0.86014,0.015988,0.059651,43.37,0.86872
72.08,24.933,259.84,5,66.819,-4.602,259.94,0,6,0.33638,1.046,1.8882,200.26,0.3834
91.966,44.158,49.998,5,101.6,55.654,50.047,0,3,1.032,0.44346,0.44393,78.902,0.21474
46.108,17.608,192.39,5,-2.7105,6.8016,192.55,0,10,1.0542,0.93198,1.1395,148.26,0.60618
82.924,46.29,110.98,5,61.336,102.27,111.18,0,12,0.22673,0.022714,0.2353,24.127,0.95241
58.503,13.402,233.9,5,46.729,-2.7658,233.96,0,4,0.065415,1.0277,1.5996,176.91,0.22985
45.734,15.844,233.87,5,33.954,-0.31892,233.94,0,4,0.32092,1.0032,1.5993,176.18,0.23735
72.582,44.947,12.582,5,101.86,51.511,12.679,0,6,1.0371,0.48489,0.85912,104.97,0.50416
64.897,35.564,-45.787,5,99.82,-0.21917,-45.625,0,10,0.99639,1.0022,1.5069,175.84,0.75602
42.029,18.837,168,5,-2.0006,28.13,168.15,0,9,1.04,0.7187,0.8683,118.22,0.55179
31.371,45.537,207.57,5,-4.0638,26.979,207.7,0,8,1.0813,0.73021,1.3078,148.69,0.69491
40.542,28.41,160.13,5,-1.8002,43.645,160.28,0,9,1.036,0.56355,0.78084,103.91,0.62316
78.756,33.214,116.91,5,44.666,100.02,117.15,0,15,0.10668,0.00018871,0.30164,27.667,1.0314
35.04,26.626,166.97,5,-3.9413,35.598,167.1,0,8,1.0788,0.64402,0.85662,114.02,0.53416
83.059,37.997,-83.299,5,87.777,-1.724,-83.17,0,8,0.75553,1.0172,1.9241,204.36,0.56927
65.031,25.856,67.615,5,97.201,104.53,67.89,0,17,0.94402,0.045328,0.24567,52.32,1.1236
17.065,42.031,26.948,5,101.63,85.322,27.255,0,19,1.0326,0.14678,0.69717,82.57,1.4249
28.176,21.737,45.249,5,101.87,96.534,45.589,0,21,1.0373,0.03466,0.49346,68.37,1.2923
54.004,31.163,52.496,5,102.56,94.744,52.755,0,16,1.0511,0.05256,0.41384,64.63,1.1602
41.239,29.161,146.71,5,-0.59891,56.539,146.87,0,10,1.012,0.43461,0.63192,87.656,0.70049
88.779,38.061,54.029,5,100.51,54.255,54.093,0,4,1.0103,0.45745,0.39896,77.03,0.27368
78.541,12.777,-68.232,5,84.112,-1.1507,-68.183,0,3,0.68223,1.0115,1.7576,190.83,0.16344
14.245,14.048,26.719,5,103.43,59.274,27.043,0,20,1.0687,0.40726,0.69953,92.073,1.0742
32.949,7.5023,104.37,5,7.8504,104.3,104.69,0,20,0.84299,0.043013,0.16321,44.843,1.0632
15.202,13.3,137.21,5,-3.1588,30.267,137.29,0,5,1.0632,0.69733,0.52546,99.624,0.2676
80.902,48.892,115.5,5,54.97,103,115.7,0,12,0.099398,0.029983,0.28551,26.343,1.0046
92.729,30.802,95.565,5,85.793,100.46,95.791,0,14,0.71587,0.0045779,0.064349,36.262,0.86072
35.439,25.49,87.05,5,39.129,100.4,87.293,0,15,0.21742,0.0039917,0.03008,11.21,0.98789
13.109,45.173,-66.732,5,32.932,-0.72981,-66.57,0,10,0.34136,1.0073,1.7397,186.95,0.75662
44.512,42.545,52.032,5,90.519,101.78,52.275,0,15,0.81039,0.01776,0.41917,55.391,1.2995
59.759,42.202,229.04,5,20.514,-3.1837,229.24,0,12,0.58972,1.0318,1.5471,175.79,1.0236
87.076,15.204,3.0896,5,102.05,16.021,3.1381,0,3,1.0411,0.83979,0.96513,131.56,0.16208
84.216,32.515,91.382,5,82.38,102.49,91.609,0,14,0.64759,0.024904,0.017875,32.515,0.92514
59.702,42.235,101.48,5,47.652,101.01,101.67,0,12,0.046957,0.010128,0.12971,11.951,1.0243
24.378,26.517,64.048,5,61.382,103.04,64.323,0,17,0.22764,0.030402,0.2853,28.251,1.0922
90.081,33.662,160.34,5,-4.1894,67.026,160.66,0,20,1.0838,0.32974,0.78515,94.959,1.2902
68.934,21.916,96.117,5,60.219,101.44,96.375,0,16,0.20439,0.014403,0.070836,12.131,0.99569
54.876,13.729,112.34,5,18.518,101.5,112.65,0,19,0.62964,0.014966,0.25164,38.811,1.0994
66.753,25.338,211.06,5,23.961,-0.52364,211.22,0,10,0.52079,1.0052,1.3469,159.62,0.65343
69.899,22.481,73.516,5,93.81,104.05,73.791,0,17,0.8762,0.040489,0.1801,46.888,1.0621
40.23,40.349,174.34,5,-4.5571,44.726,174.48,0,9,1.0911,0.55274,0.9387,114.76,0.74447
44.004,36.831,250.28,5,30.553,-0.83911,250.41,0,8,0.38895,1.0084,1.7823,190.46,0.63039
74.444,37.34,-50.64,5,103.03,2.5871,-50.494,0,9,1.0606,0.97413,1.561,179,0.66905
40.534,32.409,75.377,5,58.063,100.18,75.603,0,14,0.16126,0.0017861,0.15996,16.502,1.0256
11.329,16.834,210.31,5,-1.6164,9.2565,210.36,0,3,1.0323,0.90743,1.3373,159.32,0.16355
8.3454,44.14,-61.895,5,34.337,-4.3313,-61.717,0,11,0.31325,1.0433,1.6857,184.79,0.78931
64.538,28.509,-11.522,5,103.74,20.569,-11.393,0,8,1.0748,0.79431,1.1266,139.56,0.54829
56.159,12.254,151.62,5,-1.0898,43.037,151.83,0,13,1.0218,0.56963,0.687,98.376,0.73896
58.564,9.407,-69.717,5,63.772,-4.6599,-69.668,0,3,0.27545,1.0466,1.7741,191.41,0.16484
20.115,7.8437,66.663,5,61.41,104.38,67.003,0,21,0.2282,0.043824,0.25553,26.043,1.0838
78.571,33.548,97.247,5,69.594,102.97,97.473,0,14,0.39189,0.029698,0.083033,21.18,0.96773
81.293,11.201,236.9,5,73.108,-1.3692,236.95,0,3,0.46216,1.0137,1.6327,180.01,0.15932
16.289,29.231,-38.464,5,55.488,-1.8094,-38.302,0,10,0.10975,1.0181,1.4256,163.88,0.63785
55.106,7.1969,186.01,5,-4.5532,0.81003,186.2,0,12,1.0911,0.9919,1.0689,148.56,0.64555
79.989,46.423,265.31,5,75.977,-3.4154,265.47,0,10,0.51954,1.0342,1.9497,205.33,0.81435
50.441,18.671,-53.73,5,65.248,-1.4722,-53.649,0,5,0.30497,1.0147,1.5961,176.53,0.30739
50.675,32.181,184.64,5,-4.1372,27.64,184.82,0,11,1.0827,0.7236,1.0535,130.99,0.81094
14.135,35.449,96.112,5,7.0859,100.07,96.323,0,13,0.85828,0.00065267,0.070251,43.377,0.88021
21.71,47.358,122.57,5,-2.5708,85.245,122.72,0,9,1.0514,0.14755,0.36355,63.655,0.75299
44.895,47.503,146.13,5,-0.82342,78.078,146.31,0,11,1.0165,0.21922,0.62563,78.956,1.0427
45.867,43.107,101.74,5,33.547,101.83,101.94,0,12,0.32906,0.018284,0.13265,20.41,1.0518
54.634,36.243,42.188,5,102.71,79.99,42.399,0,13,1.0542,0.2001,0.52891,73.787,1.0168
27.579,31.894,222.08,5,-2.0756,5.0497,222.21,0,8,1.0415,0.9495,1.469,170.9,0.55786
41.983,11.842,69.785,5,74.559,101.08,70.092,0,19,0.49117,0.010826,0.2212,31.633,1.0732
32.816,24.26,210.01,5,-1.7959,4.2091,210.14,0,8,1.0359,0.95791,1.3349,162.15,0.51503
41.712,23.778,39.762,5,103.09,75.092,40.02,0,16,1.0617,0.24908,0.55533,77.049,1.0434
19.062,18.186,-58.747,5,32.051,-3.1754,-58.666,0,5,0.35899,1.0318,1.6518,181.85,0.28582
43.928,18.063,17.12,5,101.24,35.831,17.314,0,12,1.0247,0.64169,0.80762,109.66,0.73027
43.538,12.126,88.224,5,46.086,102.09,88.515,0,18,0.078284,0.020897,0.016499,4.679,1.0214
67.751,17.474,192.63,5,-0.52384,2.029,192.85,0,14,1.0105,0.97971,1.1428,150.76,0.82925
13.372,23.937,-88.778,5,13.926,-1.0569,-88.697,0,5,0.72148,1.0106,1.9855,208.44,0.29613
25.978,7.0559,-21.895,5,44.541,-0.38922,-21.831,0,4,0.10918,1.0039,1.2426,150.38,0.20834
19.254,18.527,-27.039,5,59.364,-1.8729,-26.893,0,9,0.18728,1.0187,1.2988,155.34,0.51676
18.924,32.752,234.38,5,-1.4279,4.2774,234.49,0,7,1.0286,0.95723,1.6055,180.79,0.47246
87.787,16.511,83.762,5,96.808,101.03,84.037,0,17,0.93617,0.010307,0.066261,47.198,0.92752
39.337,29.523,5.3541,5,104.04,35.716,5.5643,0,13,1.0808,0.64284,0.93817,119.09,0.9119
12.879,25.762,-27.413,5,66.192,-1.7642,-27.219,0,12,0.32384,1.0176,1.3024,156.07,0.72288
9.2452,48.051,65.015,5,34.489,102.48,65.209,0,12,0.31023,0.024825,0.27546,29.349,0.90871
89.694,39.784,-87.354,5,91.591,-0.17116,-87.225,0,8,0.83182,1.0017,1.9692,207.78,0.55461
65.483,37.356,142.25,5,-1.8539,89.228,142.52,0,17,1.0371,0.10772,0.58357,74.588,1.3172
54.499,16.379,188.05,5,-4.8943,7.8656,188.25,0,12,1.0979,0.92134,1.0916,145.45,0.71648
26.61,22.947,230.73,5,7.6459,-0.29816,230.83,0,6,0.84708,1.003,1.5648,178.01,0.37256
80.648,24.305,24.487,5,103.39,34.686,24.568,0,5,1.0678,0.65314,0.72703,106.76,0.30613
59.343,46.138,237.28,5,29.688,-0.18217,237.45,0,11,0.40624,1.0018,1.6384,179.42,1.0061
57.877,21.301,217.1,5,26.006,-2.8699,217.23,0,8,0.47989,1.0287,1.4137,165.37,0.50574
45.046,45.887,-78.055,5,55.47,-3.014,-77.894,0,10,0.10941,1.0301,1.8655,197.05,0.92015
52.789,37.809,-25.451,5,102.49,14.258,-25.273,0,11,1.0498,0.85742,1.2808,152.95,0.88349
35.942,15.072,25.894,5,103.34,47.977,26.136,0,15,1.0668,0.52023,0.7096,98.132,0.87124
41.732,30.588,-72.454,5,52.321,-2.7714,-72.341,0,7,0.046415,1.0277,1.8038,192.15,0.5007
54.535,18.817,-3.0594,5,104.47,16.226,-2.8977,0,10,1.0894,0.83774,1.0322,136.44,0.61493
27.91,13.629,254.31,5,23.862,-0.81451,254.36,0,3,0.52276,1.0081,1.8262,194.58,0.16825
87.467,42.205,172.17,5,-1.7274,54.22,172.47,0,18,1.0345,0.4578,0.91628,107.57,1.3067
22.12,22.496,-22.036,5,82.42,-1.7719,-21.825,0,13,0.64839,1.0177,1.2425,154.64,0.78916
7.1031,20.606,161.86,5,-2.4014,23.715,161.89,0,2,1.048,0.76285,0.79883,117.19,0.11081
60.772,30.352,68.053,5,90.493,104.63,68.312,0,16,0.80986,0.046257,0.24098,46.168,1.1351
31.719,28.571,184.16,5,-3.1863,25.995,184.27,0,7,1.0637,0.74005,1.0474,131.12,0.4747
72.567,31.77,179.16,5,-2.4271,32.702,179.4,0,15,1.0485,0.67298,0.99335,123.57,1.0436
62.516,12.298,91.583,5,59.788,102.26,91.874,0,18,0.19576,0.02257,0.020825,10.218,1.0159
36.864,10.962,-36.774,5,52.893,-0.9996,-36.71,0,4,0.057859,1.01,1.4079,162.06,0.22222
24.043,35.908,65.344,5,55.176,104.14,65.587,0,15,0.10353,0.041402,0.27126,25.297,1.0846
66.719,18.042,-86.487,5,67.958,-1.9198,-86.422,0,4,0.35917,1.0192,1.9602,204.54,0.2391
52.776,19.014,250.64,5,44.51,-4.5799,250.72,0,5,0.1098,1.0458,1.7858,191.83,0.30851
84.954,23.885,-81.052,5,88.863,-0.80702,-80.971,0,5,0.77727,1.0081,1.8997,202.25,0.29848
64.744,42.998,259.74,5,56.791,-1.2933,259.89,0,9,0.13582,1.0129,1.8876,197.91,0.7643
11.896,26.364,119.69,5,-0.50457,48.072,119.77,0,5,1.0101,0.51928,0.33078,78.317,0.30153
66.051,37.936,144.01,5,-2.8549,87.705,144.29,0,17,1.0571,0.12295,0.60322,76.76,1.3259
69.515,23.075,119.37,5,25.165,101.39,119.66,0,18,0.4967,0.013895,0.32956,38.71,1.1341
16.986,9.4791,262.72,5,15.722,-0.44069,262.75,0,2,0.68555,1.0044,1.9194,202.74,0.10378
31.495,32.584,256.38,5,23.29,-1.4409,256.49,0,7,0.5342,1.0144,1.8499,196.78,0.50065
22.977,15.301,32.992,5,102.51,67.255,33.299,0,19,1.0502,0.32745,0.63001,83.933,1.0685
87.229,23.799,8.358,5,102.07,25.987,8.4065,0,3,1.0414,0.74013,0.90659,121.85,0.17687
20.067,24.076,44.9,5,97.732,101.97,45.256,0,22,0.95464,0.01974,0.49716,65.455,1.3478
18.276,25.707,-57.055,5,37.343,-3.6436,-56.942,0,7,0.25314,1.0364,1.6327,180.26,0.43326
59.858,7.4721,116.37,5,12.923,101.4,116.71,0,21,0.74155,0.013979,0.29681,45.72,1.1284
74.917,17.121,71.287,5,100.4,92.953,71.546,0,16,1.008,0.070469,0.20505,54.134,0.92439
55.965,9.6403,88.664,5,57.912,104.62,88.971,0,19,0.15824,0.046202,0.011431,9.2196,1.0491
62.239,16.514,211.34,5,32.366,-1.7235,211.45,0,7,0.35267,1.0172,1.3495,159.4,0.4148
90.512,43.394,92.16,5,88.141,103.35,92.354,0,12,0.76283,0.033471,0.026154,38.36,0.86195
30.983,39.105,-4.7051,5,100.76,33.51,-4.4787,0,14,1.0152,0.6649,1.0498,126.19,1.0973
89.332,33.671,126.09,5,39.083,102.23,126.37,0,17,0.21835,0.022278,0.4041,38.038,1.1023
21.844,10.885,1.8944,5,101.79,13.721,2.1531,0,16,1.0359,0.86279,0.97608,133.58,0.85601
80.837,46.176,161.87,5,-0.0089239,72.423,162.14,0,17,1.0002,0.27577,0.80159,92.011,1.3703
69.366,16.885,117.38,5,25.439,101.12,117.69,0,19,0.49121,0.011197,0.30763,37.027,1.1132
76.714,24.365,265.84,5,74.921,-0.57034,265.92,0,5,0.49842,1.0057,1.9547,204.16,0.31167
14.74,20.8,94.107,5,8.8187,100.58,94.366,0,16,0.82363,0.0058097,0.04851,41.416,0.92279
12.212,38.205,110.36,5,-0.0020365,71.004,110.47,0,7,1,0.28996,0.22748,61.32,0.4832
52.525,42.689,219.15,5,-1.6635,-1.6233,219.38,0,14,1.0333,1.0162,1.4376,172.44,1.2202
74.856,20.667,72.795,5,99.793,101.93,73.07,0,17,0.99586,0.019267,0.18812,52.628,1.0224
71.692,11.724,-50.493,5,84.426,-3.6978,-50.428,0,4,0.68852,1.037,1.5603,177.93,0.22002
30.21,29.559,260.15,5,25.109,-0.0038052,260.25,0,6,0.49781,1,1.8917,199.01,0.41002
68.095,20.41,14.925,5,101.9,29.462,15.038,0,7,1.0381,0.70538,0.83291,115.28,0.42881
80.131,46.201,140.14,5,14.746,100.51,140.41,0,17,0.70508,0.0051326,0.56016,61.52,1.3785
28.962,10.813,211.77,5,7.7192,-2.3689,211.85,0,5,0.84562,1.0237,1.3539,164.67,0.27282
57.286,47.769,-68.03,5,77.949,-3.2021,-67.852,0,11,0.55898,1.032,1.7539,190.65,1.0429
57.279,19.26,207.98,5,17.57,-1.9112,208.13,0,9,0.64859,1.0191,1.3125,159.35,0.55509
23.425,26.029,51.628,5,82.187,100.67,51.935,0,19,0.64374,0.0067467,0.42294,49.853,1.2086
78.085,36.105,-15.263,5,102.21,29.545,-15.182,0,5,1.0442,0.70455,1.1687,136.94,0.35819
34.357,12.754,151.73,5,-0.89492,31.656,151.86,0,8,1.0179,0.68344,0.68729,105.3,0.45128
56.105,14.3,-36.844,5,76.125,-0.674,-36.763,0,5,0.52249,1.0067,1.4085,163.97,0.29098
47.943,46.048,108.78,5,28.52,102.82,108.98,0,12,0.42961,0.028175,0.21086,28.801,1.1113
9.8328,9.3161,199.82,5,-4.2755,4.2215,199.87,0,3,1.0855,0.95779,1.2208,155.53,0.15124
45.818,23.454,194.27,5,-2.6194,11.053,194.43,0,10,1.0524,0.88947,1.1604,146.92,0.65223
38.329,29.891,166.2,5,-0.52818,39.385,166.33,0,8,1.0106,0.60615,0.84806,109.79,0.5628
81.947,21.134,144.04,5,-3.2364,82.524,144.38,0,21,1.0647,0.17476,0.60424,78.083,1.234
90.836,10.267,121.33,5,33.34,104.04,121.68,0,22,0.3332,0.04044,0.35203,36.023,1.1158
42.594,20.293,4.9803,5,102.36,25.611,5.1743,0,12,1.0472,0.74389,0.94251,124.38,0.74953
72.254,49.794,-22.834,5,104.53,36.248,-22.721,0,7,1.0905,0.63752,1.2525,140.51,0.63733
74.178,15.419,267.25,5,73.233,-4.5583,267.31,0,4,0.46466,1.0456,1.9702,207.15,0.22735
75.994,25.242,172.39,5,-3.3262,35.644,172.65,0,16,1.0665,0.64356,0.91833,117.54,1.0108
49.858,41.787,38.343,5,100.76,82.211,38.553,0,13,1.0152,0.17789,0.57163,74.429,1.1166
13.299,32.413,237.67,5,-0.053926,11.277,237.75,0,5,1.0011,0.88723,1.6416,179.46,0.32506
23.664,25.592,179.7,5,-1.3359,25.703,179.78,0,5,1.0267,0.74297,0.99754,127.34,0.31673
10.37,47.692,184.92,5,-4.5741,46.396,184.97,0,3,1.0915,0.53604,1.0552,121.95,0.22857
55.059,14.905,89.262,5,55.977,104.9,89.553,0,18,0.11954,0.049005,0.0049712,7.7422,1.0558
51.535,49.752,217.75,5,-3.7252,6.7835,217.97,0,14,1.0745,0.93216,1.4219,167.19,1.3925
89.767,36.194,55.26,5,101.15,52.638,55.325,0,4,1.023,0.47362,0.38528,77.859,0.26602
87.408,27.618,-6.555,5,102.31,25.914,-6.5065,0,3,1.0462,0.74086,1.0723,132.43,0.1841
41.081,37.318,111.08,5,15.764,102.58,111.31,0,14,0.68471,0.025798,0.23675,40.407,1.1056
72.07,49.806,256.48,5,59.298,-3.6908,256.65,0,11,0.18597,1.0369,1.8517,196.5,1.0031
53.016,48.446,-48.375,5,96.288,-0.05598,-48.165,0,13,0.92577,1.0006,1.5352,176.76,1.2587
11.425,20.087,118.87,5,-0.66421,41.97,118.95,0,5,1.0133,0.5803,0.32167,82.295,0.28173
52.663,45.752,104.6,5,37.434,103.79,104.79,0,12,0.25132,0.037871,0.16436,19.775,1.1047
44.15,30.335,166.47,5,-4.48,41.958,166.63,0,10,1.0896,0.58042,0.85146,110.5,0.7152
8.434,41.44,-38.697,5,63.159,-2.2084,-38.47,0,14,0.26318,1.0221,1.4274,164.69,0.97476
48.149,18.044,42.873,5,103,69.196,43.116,0,15,1.06,0.30804,0.52094,77.174,0.91489
63.912,14.293,10.362,5,103.25,21.538,10.492,0,8,1.065,0.78462,0.88343,123.75,0.46068
24.047,15.388,27.662,5,103.65,57.385,27.953,0,18,1.073,0.42615,0.68941,92.433,1.0169
82.709,27.257,55.429,5,102.54,56.1,55.542,0,7,1.0507,0.439,0.38287,76.646,0.43883
22.414,48.664,56.684,5,58.008,103.05,56.894,0,13,0.16016,0.030517,0.36784,34.197,1.1153
79.626,33.459,45.58,5,100.6,54.907,45.677,0,6,1.012,0.45093,0.49248,80.985,0.41187
82.438,40.749,77.384,5,96.51,104.21,77.594,0,13,0.9302,0.042071,0.13785,48.32,0.96226
77.002,45.633,64.526,5,100.57,95.326,64.704,0,11,1.0115,0.046741,0.28107,56.74,0.90605
35.752,32.656,234.72,5,12.689,-0.025716,234.85,0,8,0.74622,1.0003,1.6094,179.94,0.5811
67.378,23.231,174.58,5,-2.3236,29.69,174.81,0,14,1.0465,0.7031,0.94234,121.96,0.88932
89.053,30.341,104.44,5,70.189,102.93,104.68,0,15,0.40378,0.029298,0.16312,25.134,0.93915
33.755,10.063,-24.487,5,56.516,-0.27983,-24.406,0,5,0.13031,1.0028,1.2712,152.27,0.27355
14.997,26.93,-86.64,5,16.785,-3.0166,-86.543,0,6,0.6643,1.0302,1.9616,207.08,0.37027
85.692,34.638,-89.489,5,86.044,-0.36033,-89.376,0,7,0.72088,1.0036,1.9931,208.68,0.46997
9.6131,15.964,73.788,5,34.509,102.45,74.079,0,18,0.30982,0.024523,0.1769,22.349,0.96528
17.945,7.3719,171.75,5,-1.8501,10.228,171.81,0,4,1.037,0.89772,0.90904,132.06,0.20404
37.454,40.559,67.196,5,62.528,100.53,67.407,0,13,0.25056,0.0052831,0.25104,25.84,1.07
44.544,9.1162,-72.133,5,47.616,-0.40022,-72.1,0,2,0.047682,1.004,1.8011,190.69,0.10983
14.835,32.544,-3.2097,5,104.71,27.745,-2.9187,0,18,1.0941,0.72255,1.0324,129.8,1.1831
79.358,43.86,256.9,5,68.101,-4.8562,257.06,0,10,0.36202,1.0486,1.8562,198.07,0.78923
49.045,16.473,-8.5649,5,103.45,8.3743,-8.387,0,11,1.0689,0.91626,1.0932,144.68,0.65843
53.164,39.771,35.124,5,102.17,74.382,35.318,0,12,1.0435,0.25618,0.60758,79.804,0.99482
46.666,34.491,240.24,5,26.856,-0.25908,240.37,0,8,0.46288,1.0026,1.6708,182.21,0.60981
20.895,37.772,117.99,5,-0.27731,77.48,118.13,0,9,1.0055,0.2252,0.31257,61.857,0.65504
44.264,45.022,51.499,5,90.821,103.82,51.741,0,15,0.81642,0.038221,0.4251,56.078,1.3568
22.392,34.233,134.64,5,-2.2291,59.109,134.75,0,7,1.0446,0.40891,0.49726,80.017,0.4907
35.203,41.528,269.81,5,35.119,-3.4724,269.96,0,9,0.29762,1.0347,1.9995,208.12,0.74607
91.364,12.463,-6.3935,5,101.3,11.353,-6.3612,0,2,1.026,0.88647,1.0707,140.63,0.10329
9.0324,33.12,-50.109,5,37.941,-1.3664,-49.963,0,9,0.24118,1.0137,1.5551,173.23,0.57376
42.042,45.015,107.33,5,24.066,102.26,107.52,0,12,0.51868,0.022594,0.19469,31.38,1.08
38.734,15.959,68.74,5,72.932,104.59,69.047,0,19,0.45864,0.045901,0.23281,31.4,1.1204
89.233,12.333,79.475,5,100.08,71.344,79.669,0,12,1.0017,0.28656,0.11479,58.621,0.62471
80.693,8.8658,158.99,5,-3.4069,40.915,159.28,0,18,1.0681,0.59085,0.76973,105.56,0.9359
91.193,19.181,-41.839,5,102.37,9.1812,-41.791,0,3,1.0475,0.90819,1.4643,168.4,0.16536
65.934,46.107,129.91,5,17.683,103.52,130.16,0,15,0.64635,0.035243,0.44617,51.665,1.3345
84.399,15.318,181.59,5,-0.56228,12.739,181.87,0,17,1.0112,0.87261,1.0208,136.42,0.92996
36.778,25.001,-33.941,5,74.146,-0.071563,-33.795,0,9,0.48293,1.0007,1.3755,161.01,0.5909
77.434,33.872,175.88,5,-2.3729,39.426,176.14,0,16,1.0475,0.60574,0.95712,117.61,1.1174
76.24,9.8906,252.28,5,71.683,-4.4007,252.33,0,3,0.43367,1.044,1.8037,194.22,0.15983
49.792,39.471,177.27,5,-0.15508,41.779,177.43,0,10,1.0031,0.58221,0.97142,116.4,0.82605
78.477,13.73,74.631,5,100.8,95.747,74.906,0,17,1.0159,0.042532,0.16771,53.162,0.93562
60.157,47.084,210.63,5,-4.2914,8.7244,210.87,0,15,1.0858,0.91276,1.343,160.9,1.3919
84.006,32.048,119.79,5,44.096,101.38,120.05,0,16,0.11809,0.013817,0.33386,30.653,1.0528
80.524,8.4992,228.75,5,70.64,-2.7842,228.8,0,3,0.4128,1.0278,1.5422,173.94,0.15551
42.065,8.5644,178.61,5,-2.9235,9.59,178.76,0,9,1.0585,0.9041,0.98621,137.31,0.49031
20.315,13.188,128.15,5,-1.3338,40.689,128.26,0,7,1.0267,0.59311,0.42509,87.273,0.38148
28.885,20.939,54.645,5,86.508,102.67,54.968,0,20,0.73016,0.026676,0.38924,50.667,1.222
41.948,23.606,129.53,5,-2.7185,77.503,129.76,0,14,1.0544,0.22497,0.44172,69.755,0.91126
21.353,15.088,-55.934,5,32.567,-1.4719,-55.869,0,4,0.34865,1.0147,1.6208,178.54,0.22318
34.794,40.093,-5.7175,5,104.46,33.266,-5.4912,0,14,1.0892,0.66734,1.061,128.6,1.1326
70.671,36.791,206.67,5,-0.73186,0.71406,206.93,0,16,1.0146,0.99286,1.2992,161.57,1.203
78.206,19.615,21.373,5,101.48,28.745,21.454,0,5,1.0296,0.71255,0.76162,111.47,0.29346
51.981,20.988,209.46,5,12.832,-1.2014,209.61,0,9,0.74337,1.012,1.329,161.03,0.56935
76.685,30.951,4.6671,5,101.6,33.006,4.7479,0,5,1.032,0.66994,0.94725,120.08,0.33772
65.529,17.047,74.313,5,89.63,103.76,74.604,0,18,0.79261,0.037598,0.17106,42.682,1.0664
40.073,30.16,267.01,5,38.289,-4.7946,267.13,0,7,0.23423,1.0479,1.9681,206.14,0.49616
71.949,49.16,-5.4782,5,101.81,46.325,-5.3812,0,6,1.0363,0.53675,1.0598,121.09,0.54175
52.456,9.2118,182.48,5,-2.4885,6.7435,182.65,0,11,1.0498,0.93257,1.0295,141.55,0.60558
58.77,43.858,265.78,5,55.522,-1.0243,265.93,0,9,0.11044,1.0102,1.9547,202.94,0.79194
86.936,24.609,-89.877,5,87.01,-0.39074,-89.796,0,5,0.74021,1.0039,1.9977,209.22,0.29779
53.516,15.932,-11.058,5,102.6,6.4185,-10.896,0,10,1.052,0.93581,1.1211,147.32,0.59424
35.019,11.126,179.11,5,-4.9766,11.695,179.24,0,8,1.0995,0.88305,0.99157,137.06,0.44381
71.372,30.362,31.728,5,101.12,48.801,31.841,0,7,1.0224,0.51199,0.64621,92.828,0.48048
78.581,30.761,254.72,5,69.392,-3.0118,254.83,0,7,0.38785,1.0301,1.8314,195.34,0.46725
83.784,22.33,106.7,5,59.145,103.68,106.98,0,17,0.18289,0.036802,0.18866,19.633,1.0035
36.815,33.781,196.78,5,-1.4665,22.181,196.91,0,8,1.0293,0.77819,1.1879,141.9,0.59242
71.145,12.398,206.06,5,44.209,-0.80878,206.16,0,6,0.11583,1.0081,1.2907,153.91,0.3329
9.1629,24.82,173.31,5,-0.76939,25.982,173.34,0,2,1.0154,0.74018,0.92599,122.48,0.11688
74.198,22.793,178.15,5,-0.76806,25.042,178.39,0,15,1.0154,0.74958,0.98217,126.53,0.92696
83.735,17.432,-43.345,5,101.93,0.28757,-43.264,0,5,1.0386,0.99712,1.4807,174.35,0.28029
26.356,22.051,13.35,5,104.15,40.71,13.609,0,16,1.083,0.5929,0.84879,110.83,0.98212
86.764,9.2065,123.36,5,25.977,100.89,123.72,0,22,0.48045,0.0088505,0.37462,41.408,1.123
21.009,43.051,-29.678,5,99.322,-1.3001,-29.387,0,18,0.98645,1.013,1.3265,164.16,1.4084
50.189,49.971,37.947,5,101.37,90.043,38.157,0,13,1.0274,0.099575,0.57604,73.658,1.2992
11.049,16.187,53.222,5,73.652,100.48,53.562,0,21,0.47305,0.0048304,0.40487,43.444,1.1361
35.695,16.873,247,5,27.895,-1.5431,247.07,0,4,0.4421,1.0154,1.7452,188.33,0.23711
65.754,48.371,67.67,5,88.448,103.91,67.864,0,12,0.76897,0.039134,0.24595,44.537,1.1115
87.869,7.2509,129.71,5,7.6533,103.12,130.11,0,25,0.84693,0.031173,0.44572,58.414,1.2477
75.893,17.018,245.69,5,67.672,-1.214,245.75,0,4,0.35343,1.0121,1.7306,186.59,0.23008
72.641,42.537,116.45,5,43.577,100.68,116.66,0,13,0.12846,0.0067759,0.29619,27.428,1.0524
75.162,21.149,-9.5537,5,104.75,16.199,-9.4567,0,6,1.095,0.83801,1.1051,141.11,0.36246
33.865,32.135,208.77,5,-1.173,12.839,208.9,0,8,1.0235,0.87161,1.3211,156.05,0.57342
31.98,24.31,220.34,5,1.5243,-1.6221,220.47,0,8,0.96951,1.0162,1.4497,172.33,0.5141
59.868,49.621,-16.668,5,102.99,36.774,-16.523,0,9,1.0599,0.63226,1.1836,134.73,0.87657
78.14,36.062,-0.37819,5,103.14,35.918,-0.29735,0,5,1.0628,0.64082,1.0033,122.82,0.35788
47.918,24.16,125.8,5,-1.976,92.976,126.07,0,17,1.0395,0.07024,0.40081,63.656,1.1204
75.845,11.518,205.72,5,48.83,-1.5276,205.82,0,6,0.023402,1.0153,1.2868,154.02,0.32545
79.333,22.244,64.825,5,100.53,67.527,64.987,0,10,1.0106,0.32473,0.27793,65.067,0.60165
56.213,37.135,177.29,5,-3.7254,39.863,177.48,0,12,1.0745,0.60137,0.97203,118.98,0.94981
72.178,23.733,64.549,5,102.13,87.003,64.775,0,14,1.0425,0.12997,0.28028,59.349,0.88132
89.246,31.638,215.9,5,44.748,-0.68804,216.08,0,11,0.10504,1.0069,1.4009,161.44,0.69774
30.766,33.76,121.81,5,-0.95419,84.69,122,0,12,1.0191,0.1531,0.3556,62.089,0.86987
89.858,10.694,90.18,5,89.335,100.69,90.471,0,18,0.7867,0.006922,0.0052291,39.344,0.92027
51.857,10.877,235.68,5,43.406,-1.5161,235.73,0,3,0.13187,1.0152,1.6192,177.72,0.16827
83.057,25.877,191.42,5,-0.2166,8.8349,191.69,0,17,1.0043,0.91165,1.1299,145.52,1.0473
19.768,33.652,3.8245,5,104.56,39.537,4.0994,0,17,1.0913,0.60463,0.95445,118.37,1.1658
45.326,43.292,-19.366,5,101.97,23.5,-19.172,0,12,1.0394,0.765,1.213,143.08,1.0545
33.131,27.782,31.612,5,101.16,69.878,31.871,0,16,1.0232,0.30122,0.64588,83.088,1.0787
75.67,49.462,-32.743,5,100.92,33.261,-32.646,0,6,1.0184,0.66739,1.3627,148.62,0.52925
27.372,37.196,45.17,5,90.651,101.19,45.461,0,18,0.81302,0.011939,0.49488,60.313,1.3482
90.739,48.809,141.73,5,23.87,101.28,142.01,0,17,0.52259,0.012842,0.57785,58.215,1.2992
80.969,24.281,137.5,5,-0.36625,98.339,137.85,0,22,1.0073,0.016608,0.53168,69.493,1.3446
91.73,31.058,246.09,5,77.583,-0.95563,246.21,0,7,0.55165,1.0096,1.7356,188.02,0.43431
68.95,27.814,140.05,5,-0.20074,85.418,140.34,0,18,1.004,0.14582,0.55936,72.575,1.2059
83.337,15.546,52.332,5,101.65,39.311,52.429,0,6,1.0329,0.60689,0.41746,88.103,0.33041
92.327,24.301,147.19,5,-0.31591,83.607,147.54,0,22,1.0063,0.16393,0.63938,78.178,1.2683
84.516,49.801,145.14,5,10.53,101.05,145.43,0,18,0.7894,0.010464,0.61589,68.055,1.4773
16.326,8.5529,132.51,5,-0.58395,26.967,132.59,0,5,1.0117,0.73033,0.47326,98.523,0.25654
55.774,48.364,178.6,5,-4.2102,49.723,178.79,0,12,1.0842,0.50277,0.98658,115.54,1.1548
63.976,29.502,3.5619,5,103.9,32.038,3.6913,0,8,1.0779,0.67962,0.95899,122.36,0.55656
89.731,30.229,-79.103,5,96.387,-4.1326,-78.99,0,7,0.92774,1.0413,1.8777,203.85,0.43592
66.883,29.348,-68.749,5,79.606,-3.2579,-68.636,0,7,0.59212,1.0326,1.7626,191.58,0.48182
83.543,21.199,-7.3076,5,103.38,18.669,-7.2429,0,4,1.0676,0.81331,1.0805,137.55,0.23353
16.8,20.37,-7.7644,5,101.05,9.1002,-7.4895,0,17,1.021,0.909,1.0832,142.73,0.98523
63.072,9.8449,9.1553,5,102.55,16.259,9.2846,0,8,1.0511,0.83741,0.89684,127.63,0.43909
31.237,44.843,69.959,5,51.695,101.25,70.153,0,12,0.033895,0.012473,0.22052,19.958,1.0298
72.009,32.942,191.98,5,-1.3237,17.214,192.22,0,15,1.0265,0.82786,1.1358,141.2,1.0627
16.798,49.078,215.49,5,-3.5439,34.545,215.58,0,5,1.0709,0.65455,1.3953,151.4,0.41125
11.356,27.047,27.235,5,100.13,73.074,27.559,0,20,1.0027,0.26926,0.69379,84.482,1.2113
61.198,16.903,118.76,5,15.256,100.06,119.07,0,19,0.69487,0.00055648,0.32295,45.298,1.133
58.871,32.795,71.434,5,82.591,103.95,71.677,0,15,0.65181,0.039453,0.20359,37.596,1.1064
10.046,29.094,56.783,5,56.43,100.32,57.058,0,17,0.1286,0.0032304,0.36603,33.565,1.0444
16.292,26.775,72.318,5,40.408,103.05,72.576,0,16,0.19184,0.030531,0.19359,20.122,0.99242
54.398,41.632,162.31,5,-2.7969,59.763,162.5,0,12,1.0559,0.40237,0.80556,98.299,1.0251
82.012,9.2443,-10.915,5,101.65,5.4712,-10.85,0,4,1.0331,0.94529,1.1206,147.56,0.20782
46.529,48.217,194.42,5,-1.877,35.694,194.58,0,10,1.0375,0.64306,1.162,133.28,0.96341
45.861,21.337,-68.726,5,54.952,-1.9512,-68.645,0,5,0.099035,1.0195,1.7627,188.64,0.31737
70.718,28.792,-18.027,5,104.01,17.999,-17.914,0,7,1.0802,0.82001,1.199,145.9,0.47195
43.739,14.254,180.61,5,-1.2581,13.711,180.76,0,9,1.0252,0.86289,1.0084,135.31,0.52341
38.678,47.498,-83.818,5,44.14,-2.2026,-83.656,0,10,0.1172,1.022,1.9295,201.58,0.93095
78.299,33.943,103.95,5,61.281,101.84,104.18,0,14,0.22563,0.018433,0.1575,18.21,0.97408
62.944,38.245,-55.984,5,90.979,-3.1556,-55.822,0,10,0.81958,1.0316,1.6202,183.26,0.79243
82.471,7.6176,15.949,5,101.7,13.127,16.014,0,4,1.034,0.86873,0.82207,125.27,0.20424
22.473,46.831,-65.455,5,45.405,-3.1605,-65.277,0,11,0.091905,1.0316,1.7253,186.48,0.91862
56.974,34.398,144.46,5,-0.069454,74.969,144.68,0,14,1.0014,0.25031,0.60759,78.255,1.0611
81.357,9.406,204.07,5,58.54,-0.80882,204.15,0,5,0.17079,1.0081,1.2683,152.53,0.26078
52.487,36.857,-13.534,5,101.12,25.231,-13.373,0,10,1.0223,0.74769,1.1486,137.44,0.79124
53.722,37.208,254.32,5,42.958,-1.3161,254.45,0,8,0.14084,1.0132,1.8272,193.28,0.63591
45.231,10.672,-69.358,5,50.527,-3.3619,-69.309,0,3,0.010531,1.0336,1.7701,189.9,0.16768
61.133,41.236,158.83,5,-4.196,66.378,159.06,0,14,1.0839,0.33622,0.76728,94.001,1.1704
36.696,47.713,97.269,5,29.646,102.26,97.446,0,11,0.40709,0.022593,0.082737,21.791,1.0194
89.028,10.165,-15.468,5,103.49,6.1721,-15.42,0,3,1.0697,0.93828,1.1713,150.92,0.15314
73.652,46.31,191.72,5,-4.641,29.874,191.98,0,16,1.0928,0.70126,1.1331,135.29,1.3636
32.416,13.529,215.25,5,12.012,-0.91575,215.33,0,5,0.75977,1.0092,1.3925,165.33,0.28332
74.497,18.646,-7.9881,5,104.21,14.506,-7.8911,0,6,1.0842,0.85494,1.0877,140.82,0.3531
34.608,42.671,205.99,5,-1.3259,25.1,206.11,0,8,1.0265,0.749,1.2902,147.4,0.67386
56.079,31.589,12.967,5,104.79,42.883,13.128,0,10,1.0957,0.57117,0.85413,110.33,0.728
67.125,41.239,68.972,5,90.329,101.96,69.182,0,13,0.80658,0.019564,0.23131,45.427,1.062
45.375,27.023,10.454,5,104.36,38.019,10.648,0,12,1.0872,0.61981,0.88169,114.43,0.82054
65.082,45.858,237.07,5,35.261,-0.35605,237.25,0,11,0.29478,1.0036,1.6361,178.8,0.97858
71.259,18.202,158.27,5,-3.1267,47.643,158.53,0,16,1.0625,0.52357,0.76143,101.29,0.94657
18.337,12.311,-21.275,5,50.966,-0.35219,-21.162,0,7,0.01933,1.0035,1.2351,149.76,0.37541
19.533,32.157,-63.59,5,37.37,-3.6458,-63.46,0,8,0.2526,1.0365,1.7051,185.61,0.53785
77.72,38.085,243.31,5,57.564,-2.1485,243.45,0,9,0.15127,1.0215,1.705,184.5,0.66335
49.367,35.16,230.44,5,17.585,-3.4398,230.61,0,10,0.64829,1.0344,1.5623,177.54,0.77109
53.313,19.135,261.34,5,50.317,-0.63953,261.41,0,4,0.0063472,1.0064,1.9045,198.77,0.24712
10.133,21.029,260.28,5,5.9347,-3.6165,260.37,0,5,0.88131,1.0362,1.893,204.21,0.2826
38.393,20.293,-46.472,5,59.076,-1.4371,-46.375,0,6,0.18151,1.0144,1.5153,170.21,0.37245
85.756,12.826,29.562,5,103.15,22.705,29.627,0,4,1.0629,0.77295,0.67081,111.55,0.21226
84.183,28.485,131.5,5,17.695,103.18,131.83,0,20,0.6461,0.031793,0.46475,52.946,1.2616
57.149,37.025,-79.44,5,64.53,-2.2883,-79.311,0,8,0.29059,1.0229,1.8812,198.34,0.63112
52.398,8.3791,207.77,5,34.708,-0.9522,207.84,0,4,0.30584,1.0095,1.3093,155.92,0.21822
36.239,43.409,-1.415,5,101.22,41.932,-1.2048,0,13,1.0244,0.58068,1.0134,119.64,1.1161
57.008,47.32,-72.797,5,71.871,-0.4199,-72.635,0,10,0.43741,1.0042,1.8071,192.39,0.94084
11.642,7.8866,155.33,5,-1.9926,14.139,155.38,0,3,1.0399,0.85861,0.72645,119.79,0.15033
58.482,11.903,196.65,5,15.387,-1.0499,196.79,0,9,0.69227,1.0105,1.1866,151.04,0.50845
60.135,10.019,-65.06,5,66.468,-3.5784,-65.011,0,3,0.32936,1.0358,1.7223,187.16,0.16565
18.697,40.922,-56.737,5,46.186,-0.84292,-56.575,0,10,0.076281,1.0084,1.6286,177.96,0.74785
27.457,17.477,-52.264,5,42.774,-2.2812,-52.183,0,5,0.14452,1.0228,1.5798,175.3,0.29224
80.818,37.023,174.15,5,-3.7602,45.476,174.42,0,17,1.0752,0.54524,0.93802,113.97,1.2123
62.946,29.2,27.5,5,102.83,50.034,27.645,0,9,1.0566,0.49966,0.69283,95.791,0.62522
63.913,12.055,-36.786,5,83.947,-2.8983,-36.705,0,5,0.67895,1.029,1.4078,166.72,0.28078
8.6998,48.465,259.33,5,-0.47793,-0.68592,259.5,0,10,1.0096,1.0069,1.8833,203.51,0.75709
17.652,27.099,146.41,5,-3.1851,40.912,146.49,0,5,1.0637,0.59088,0.62767,97.525,0.31346
31.956,39.445,110.92,5,8.6243,100.11,111.13,0,13,0.82751,0.0011325,0.23481,46.46,1.0287
43.79,18.489,181.34,5,-1.1959,17.37,181.49,0,9,1.0239,0.8263,1.0166,133.49,0.55048
84.26,38.323,56.459,5,100.81,63.344,56.556,0,6,1.0162,0.36656,0.3716,71.021,0.42521
87.695,17.983,101.94,5,69.9,101.1,102.21,0,17,0.39801,0.010998,0.13571,23.375,0.94168
89.109,18.513,0.030463,5,104.11,18.53,0.078967,0,3,1.0822,0.8147,0.99912,132.86,0.16596
86.78,9.949,17.784,5,101.06,14.539,17.833,0,3,1.0212,0.85461,0.80186,122.96,0.15421
57.876,15.742,138.92,5,-2.5512,68.168,139.18,0,16,1.051,0.31832,0.54641,78.697,0.94534
75.66,28.573,144.29,5,-1.6368,83.802,144.6,0,19,1.0327,0.16198,0.60666,76.876,1.2517
75.452,17.035,126.3,5,13.025,101.46,126.64,0,21,0.73949,0.014619,0.40713,52.075,1.2099
16.672,29.178,211.62,5,-0.35123,18.679,211.69,0,4,1.007,0.81321,1.3521,154.78,0.25552
86.188,28.424,9.94,5,100.96,31.021,9.9885,0,3,1.0192,0.68979,0.88902,117.29,0.18702
63.117,46.444,93.542,5,59.626,101.33,93.72,0,11,0.19251,0.013329,0.041334,10.405,0.99748
90.78,15.483,-49.973,5,100.43,4.0023,-49.925,0,3,1.0087,0.95998,1.5547,177.03,0.15984
32.572,24.046,61.472,5,75.343,103.23,61.763,0,18,0.50686,0.032334,0.31374,38.08,1.1549
33.787,36.835,-56.926,5,58.397,-0.8386,-56.781,0,9,0.16795,1.0084,1.6309,178.28,0.69005
41.58,19.693,20.339,5,102.48,42.405,20.549,0,13,1.0496,0.57595,0.77168,104.38,0.80498
16.078,32.535,11.782,5,104.13,51.148,12.073,0,18,1.0826,0.48852,0.86586,106.72,1.1918
20.349,7.0283,12.094,5,103.42,25.049,12.369,0,17,1.0683,0.74951,0.86256,120.41,0.87103
54.37,44.449,-74.789,5,67.564,-3.779,-74.627,0,10,0.35127,1.0378,1.8292,195.4,0.8973
84.806,12.632,210.14,5,58.878,-2.4583,210.24,0,6,0.17755,1.0246,1.336,158.22,0.31899
75.84,46.469,-40.571,5,102.45,23.735,-40.458,0,7,1.049,0.76265,1.4495,159.96,0.58881
50.407,24.413,-27.514,5,99.229,-0.91226,-27.336,0,11,0.98459,1.0091,1.3037,162.4,0.72763
56.466,33.067,-12.8,5,100.36,23.16,-12.654,0,9,1.0072,0.7684,1.1406,137.76,0.6692
51.714,49.535,86.369,5,55.104,104.43,86.547,0,11,0.10208,0.044304,0.038363,7.5895,1.0892
66.759,24.691,-77.48,5,73.291,-4.5891,-77.383,0,6,0.46582,1.0459,1.8598,198.74,0.38885
32.184,41.462,34.741,5,101.91,90.078,35.016,0,17,1.0382,0.099224,0.61094,76.264,1.3891
14.165,28.978,42.06,5,95.594,102.93,42.416,0,22,0.91189,0.029321,0.52871,65.967,1.3828
70.595,29.564,199.63,5,-4.6917,2.5109,199.89,0,16,1.0938,0.97489,1.221,156.75,1.0901
77.254,15.147,-45.47,5,94.801,-2.6601,-45.39,0,5,0.89603,1.0266,1.5043,175.72,0.28051
77.606,34.43,-84.197,5,81.184,-0.38701,-84.084,0,7,0.62368,1.0039,1.9343,203.36,0.49196
84.052,29.161,106.03,5,63.182,101.2,106.27,0,15,0.26363,0.011987,0.18078,20.974,0.95422
59.154,39.699,217.92,5,7.9599,-0.35322,218.14,0,13,0.8408,1.0035,1.4237,168.1,1.0657
39.927,10.64,174.19,5,-4.8489,15.129,174.34,0,9,1.097,0.84871,0.93711,131.62,0.50041
35.551,43.109,43.82,5,96.73,102.12,44.095,0,17,0.9346,0.021187,0.51005,65.54,1.4481
78.227,14.59,-43.373,5,96.414,-2.5629,-43.292,0,5,0.92827,1.0256,1.481,174.47,0.27792
82.67,8.8954,157.22,5,-0.40241,43.521,157.51,0,18,1.008,0.56479,0.75011,101.43,0.92989
70.104,25.798,46.742,5,100.9,58.614,46.888,0,9,1.0179,0.41386,0.47903,78.498,0.58535
91.251,24.157,68.467,5,100.41,47.42,68.548,0,5,1.0081,0.5258,0.23835,75.932,0.28957
20.485,21.019,23.062,5,103.2,56.497,23.353,0,18,1.064,0.43503,0.74052,95.73,1.0674
83.927,17.622,21.844,5,102.49,25.077,21.909,0,4,1.0497,0.74923,0.75657,114.04,0.22449
42.163,37.444,-38.29,5,93.259,-2.7318,-38.08,0,13,0.86519,1.0273,1.4231,169.79,1.031
81.934,10.576,76.226,5,100.8,88.32,76.484,0,16,1.0159,0.1168,0.15017,53.845,0.8425
9.6135,39.388,162.02,5,-4.6562,44.011,162.06,0,3,1.0931,0.55989,0.80071,106.37,0.20595
25.448,36.236,110.63,5,0.65155,101.7,110.85,0,14,0.98697,0.016968,0.23169,53.6,1.0245
80.158,31.018,234.64,5,57.051,-1.6317,234.77,0,8,0.14101,1.0163,1.6085,177.02,0.53131
43.079,22.4,86.036,5,48.095,97.232,86.278,1,15,0.038101,0.027685,0.041355,5.0147,0.96267
29.013,46.954,78.032,5,40.326,100.78,78.21,0,11,0.19347,0.0077808,0.131,15.27,0.96412
28.845,25.542,162.91,5,-4.6216,35.79,163.02,0,7,1.0924,0.6421,0.81138,111.53,0.45217
41.6,14.819,218.25,5,21.981,-0.67498,218.33,0,5,0.56039,1.0067,1.4259,165.5,0.29208
57.241,23.064,-10.19,5,101.54,15.165,-10.044,0,9,1.0309,0.84835,1.1116,140.93,0.58233
25.833,29.456,66.032,5,58.156,102.64,66.291,0,16,0.16312,0.026356,0.26343,25.211,1.0728
70.752,10.029,215.04,5,54.385,-1.4652,215.1,0,4,0.087705,1.0147,1.3901,161.14,0.21661
65.47,12.876,219.02,5,46.061,-2.8818,219.11,0,5,0.078776,1.0288,1.4345,165.13,0.28253
24.186,33.116,105.5,5,5.3408,100.53,105.72,0,14,0.89318,0.0053122,0.17469,47.349,0.97638
20.96,7.2431,187.73,5,-3.8098,3.8575,187.82,0,5,1.0762,0.96143,1.0868,147.33,0.25721
72.772,25.106,-69.547,5,83.283,-2.9925,-69.45,0,6,0.66565,1.0299,1.7717,192.72,0.38324
57.374,14.489,172.3,5,-2.0993,22.419,172.49,0,12,1.042,0.77581,0.9166,124.65,0.69907
52.949,17.882,240.14,5,40.52,-3.81,240.22,0,5,0.18959,1.0381,1.6691,182.85,0.30424
72.205,45.142,-65.233,5,93.222,-0.22592,-65.071,0,10,0.86444,1.0023,1.723,189.63,0.84486
22.783,38.694,160.82,5,-0.83542,46.889,160.9,0,5,1.0167,0.53111,0.78776,102.14,0.37271
73.821,28.582,63.179,5,100.8,82.177,63.373,0,12,1.0159,0.17823,0.29586,60.057,0.79696
59.566,43.798,151.49,5,-2.0137,77.083,151.71,0,14,1.0403,0.22917,0.6857,83.9,1.2279
52.029,19.849,163.43,5,-0.7132,35.446,163.61,0,11,1.0143,0.64554,0.81785,110.26,0.68599
39.819,31.41,229.63,5,10.719,-2.9151,229.78,0,9,0.78561,1.0292,1.5531,177.97,0.64897
79.494,45.648,248.04,5,60.869,-0.75323,248.2,0,10,0.21737,1.0075,1.7578,187.88,0.80856
77.127,7.0584,-88.887,5,77.326,-2.9396,-88.855,0,2,0.54652,1.0294,1.9873,208.16,0.10328
14.522,18.211,-81.792,5,17.391,-1.5819,-81.728,0,4,0.65217,1.0158,1.9081,202.17,0.22434
43.471,21.666,104.89,5,21.425,103.76,105.16,0,17,0.57151,0.037568,0.16847,32.566,1.0813
86.651,19.835,31.711,5,103.66,30.36,31.775,0,4,1.0731,0.6964,0.64694,105.45,0.2269
80.915,21.641,-40.277,5,100,5.4947,-40.196,0,5,1,0.94505,1.4466,168.47,0.29678
50.671,43.836,48.353,5,100.38,99.992,48.595,0,15,1.0077,7.537e-05,0.46005,65.215,1.3353
66.829,34,72.14,5,88.157,100.67,72.366,0,14,0.76314,0.0067164,0.19593,42.04,1.0277
47.731,47.837,-59.941,5,77.88,-4.0379,-59.747,0,12,0.5576,1.0404,1.6639,184.46,1.1492
31.065,26.221,121.53,5,-0.40127,77.308,121.72,0,12,1.008,0.22692,0.35244,63.729,0.78772
82.477,27.171,67.471,5,101.56,73.385,67.632,0,10,1.0313,0.26615,0.24853,62.188,0.62702
71.172,27.12,219.9,5,36.689,-1.7925,220.04,0,9,0.26622,1.0179,1.4449,165.68,0.59294
47.12,28.418,85.475,5,52.495,98.212,85.701,1,14,0.049898,0.017882,0.047762,5.2821,0.97712
26.734,10.679,-65.742,5,32.905,-2.9933,-65.694,0,3,0.34191,1.0299,1.7299,187.46,0.16251
83.402,17.026,220.17,5,60.498,-2.3499,220.27,0,6,0.20996,1.0235,1.4475,166,0.3354
68.209,44.531,247.68,5,49.293,-1.7525,247.84,0,10,0.014147,1.0175,1.7538,187.8,0.85644
19.013,23.938,263,5,15.989,-0.87865,263.08,0,5,0.68023,1.0088,1.9231,203.2,0.30439
62.452,45.546,83.603,5,68.488,100.21,83.781,0,11,0.36975,0.0021345,0.069102,19.507,0.9846
8.212,33.784,-6.8057,5,102.57,22.792,-6.4985,0,19,1.0515,0.77208,1.0722,134.3,1.2133
52.359,38.175,128.67,5,2.2233,100.52,128.93,0,16,0.95553,0.0051542,0.43254,61.63,1.293
57.6,25.638,-2.0978,5,102.57,24.054,-1.9522,0,9,1.0514,0.75946,1.0217,130.33,0.60201
43.891,7.4376,129.18,5,-0.44319,61.609,129.4,0,14,1.0089,0.38391,0.4378,74.639,0.7546
89.386,11.104,-77.187,5,92.721,-3.5204,-77.139,0,3,0.85441,1.0352,1.8571,201.19,0.15427
83.216,17.618,-86.791,5,84.35,-2.3494,-86.726,0,4,0.687,1.0235,1.9636,207.09,0.22516
77.083,13.041,226.75,5,63.39,-1.5361,226.82,0,4,0.26781,1.0154,1.5202,170.9,0.21959
15.202,22.16,123.63,5,-1.4377,47.122,123.73,0,6,1.0288,0.52878,0.37476,81.114,0.35185
57.326,35.71,143.29,5,-2.9006,80.407,143.53,0,15,1.058,0.19593,0.5948,77.769,1.1591
44.27,13.01,180.69,5,-0.72613,12.401,180.84,0,9,1.0145,0.87599,1.0093,136.01,0.51618
27.794,34.97,218.65,5,-3.4116,9.9451,218.78,0,8,1.0682,0.90055,1.4309,165.98,0.5821
14.256,48.8,-78.674,5,24.151,-0.21121,-78.513,0,10,0.51698,1.0021,1.8724,197.75,0.80073
78.845,42.936,-72.051,5,94.327,-4.607,-71.89,0,10,0.88654,1.0461,1.7988,197.78,0.78198
53.946,47.556,25.73,5,103.45,71.518,25.908,0,11,1.069,0.28482,0.71213,88.183,1.0458
76.356,32.86,194.26,5,-1.1302,12.964,194.52,0,16,1.0226,0.87036,1.1614,145.31,1.1091
75.73,9.1313,11.952,5,100.18,14.329,12.032,0,5,1.0037,0.85671,0.86631,126.24,0.26471
63.197,28.055,260.23,5,58.134,-1.5145,260.32,0,6,0.16268,1.0151,1.8925,198.45,0.41014
71.37,31.417,17.627,5,104.71,42.054,17.74,0,7,1.0943,0.57946,0.80289,107.58,0.48723
29.025,45.122,70.848,5,48.606,101.84,71.042,0,12,0.027887,0.018374,0.21064,19.097,1.0213
77.175,11.229,219.45,5,61.741,-1.4915,219.52,0,4,0.23482,1.0149,1.4391,164.96,0.21543
9.3761,45.664,233.98,5,-2.3748,29.48,234.04,0,4,1.0475,0.7052,1.6005,168.71,0.2948
52.073,12.169,-25.994,5,79.051,-0.95315,-25.897,0,6,0.58103,1.0095,1.2877,156.42,0.34147
67.725,42.748,-77.46,5,77.558,-1.1642,-77.314,0,9,0.55116,1.0116,1.859,197.45,0.75084
72.174,48.156,33.433,5,101.36,67.473,33.547,0,7,1.0272,0.32527,0.62726,82.964,0.62071
61.889,21.749,-12.07,5,101.02,13.434,-11.941,0,8,1.0203,0.86566,1.1327,143.14,0.50538
74.613,38.093,10.382,5,104.12,43.528,10.479,0,6,1.0823,0.56472,0.88357,111.54,0.45031
57.089,25.103,-56.855,5,76.259,-4.1804,-56.742,0,7,0.52517,1.0418,1.6305,181.87,0.46523
9.0663,28.119,10.176,5,102.52,45.167,10.483,0,19,1.0505,0.54833,0.88352,109.95,1.1485
36.219,19.356,-28.475,5,75.806,-2.0429,-28.329,0,9,0.51611,1.0204,1.3148,158.37,0.55004
41.337,36.999,-16.676,5,103.64,18.469,-16.466,0,13,1.0728,0.81531,1.183,144.43,1.0221
64.304,26.052,65.986,5,98.698,103.78,66.261,0,17,0.97396,0.037825,0.26377,54.308,1.1285
22.071,15.308,131.91,5,-1.3382,41.327,132.02,0,7,1.0268,0.58673,0.46694,88.567,0.39247
30.135,31.066,250.12,5,18.272,-1.862,250.24,0,7,0.63457,1.0186,1.7804,192.5,0.48788
68.445,36.206,255.38,5,58.395,-2.5107,255.51,0,8,0.16791,1.0251,1.839,194.86,0.60235
73.679,33.132,251.28,5,62.484,-0.029,251.39,0,7,0.24967,1.0003,1.7933,190.29,0.4934
12.129,18.555,265.2,5,10.471,-1.3765,265.27,0,4,0.79057,1.0138,1.9474,206.3,0.22267
73.41,27.44,155.12,5,-3.7943,63,155.4,0,17,1.0759,0.37,0.72665,92.411,1.1149
42.856,23.346,-13.223,5,101.29,9.7294,-13.029,0,12,1.0258,0.90271,1.1448,146.27,0.77937
39.933,8.2757,80.036,5,56.107,101.89,80.343,0,19,0.12214,0.018886,0.1073,11.581,1.0295
35.67,48.961,109.96,5,16.808,100.63,110.14,0,11,0.66384,0.0062577,0.22375,38.828,1.0375
79.782,24.547,76.327,5,98.507,102.32,76.585,0,16,0.97013,0.023245,0.14905,50.381,0.98621
78.062,49.622,98.621,5,69.726,103.99,98.799,0,11,0.39452,0.039862,0.097767,21.964,0.95375
86.588,38.778,114.27,5,57.675,102.53,114.5,0,14,0.15349,0.025277,0.27224,25.799,0.98147
90.315,42.453,255.46,5,79.078,-1.121,255.6,0,9,0.58157,1.0112,1.8401,196.2,0.64045
62.586,23.322,81.567,5,74.128,102.48,81.826,0,16,0.48257,0.024845,0.090827,25.596,1.0295
85.423,7.6387,-33.59,5,97.922,-0.65297,-33.542,0,3,0.95845,1.0065,1.3727,166.4,0.15164
47.555,30.349,-68.511,5,60.413,-2.204,-68.398,0,7,0.20825,1.022,1.76,188.8,0.50219
63.591,45.254,-50.532,5,101.81,-0.99459,-50.338,0,12,1.0363,1.0099,1.5593,180.5,1.0637
44.648,19.05,264.69,5,42.811,-0.86553,264.75,0,4,0.14378,1.0087,1.9417,201.9,0.24653
59.353,17.911,-42.259,5,81.577,-2.2412,-42.162,0,6,0.63153,1.0224,1.4685,170.05,0.36311
53.87,42.596,211.32,5,-1.5894,8.6957,211.53,0,13,1.0318,0.91304,1.3504,160.52,1.1298
78.668,15.76,105.99,5,53.643,102.21,106.28,0,18,0.072867,0.022106,0.1809,16.83,1.0114
82.245,12.203,218.29,5,66.555,-0.19989,218.35,0,4,0.33111,1.002,1.4261,163.67,0.21383
84.381,16.368,-62.288,5,93.694,-1.3311,-62.223,0,4,0.87388,1.0133,1.6914,188.01,0.22118
47.783,42.906,78.982,5,59.142,101.82,79.176,0,12,0.18284,0.018211,0.12027,14.285,1.0501
42.584,28.618,-44.842,5,74.537,-3.0686,-44.696,0,9,0.49073,1.0307,1.4966,171.37,0.62704
18.377,44.43,127.06,5,-2.7488,72.336,127.18,0,7,1.055,0.27664,0.41306,70.212,0.54741
29.816,44.187,-69.081,5,47.741,-2.4899,-68.919,0,10,0.045178,1.0249,1.7658,189.12,0.84245
46.367,38.055,32.04,5,101.4,72.647,32.25,0,13,1.028,0.27353,0.64167,82.006,1.0475
41.505,29.66,231.92,5,16.877,-1.8593,232.05,0,8,0.66246,1.0186,1.5784,177.91,0.56457
73.939,9.9828,10.362,5,103.44,15.408,10.459,0,6,1.0689,0.84592,0.88378,127.82,0.32208
39.626,44.181,61.186,5,70.841,101.19,61.396,0,13,0.41683,0.011948,0.31782,35.412,1.1449
27.629,32.699,82.586,5,36.516,102.13,82.812,0,14,0.26969,0.021328,0.079867,15.429,0.98701
84.275,47.192,204.44,5,-2.1016,7.6445,204.75,0,19,1.042,0.92356,1.275,156.24,1.509
67.966,38.958,233.9,5,38.566,-1.4844,234.06,0,10,0.22868,1.0148,1.6006,176.59,0.78579
12.611,21.444,-88.439,5,13.313,-3.546,-88.359,0,5,0.73375,1.0355,1.9818,209.47,0.28736
78.216,28.82,41.818,5,100.55,48.845,41.915,0,6,1.0111,0.51155,0.53427,86.514,0.3918
26.491,29.998,14.215,5,103.99,49.828,14.473,0,16,1.0799,0.50172,0.83919,105.53,1.0834
12.88,10.654,-65.398,5,19.132,-2.981,-65.349,0,3,0.61735,1.0298,1.7261,188.92,0.15504
42.244,12.305,69.486,5,75.284,101.37,69.793,0,19,0.50569,0.013746,0.22452,32.396,1.0791
84.309,22.206,-46.736,5,101.46,4.0159,-46.655,0,5,1.0292,0.95984,1.5184,174.74,0.29404
55.944,44.626,35.487,5,100.67,76.631,35.665,0,11,1.0135,0.23369,0.60372,77.886,0.98758
10.605,13.121,-62.427,5,17.556,-0.17175,-62.378,0,3,0.64888,1.0017,1.6931,185.22,0.15724
70.685,26.631,150.57,5,-3.4516,68.208,150.84,0,17,1.069,0.31792,0.67605,87.005,1.1151
67.135,31.568,136.33,5,-1.7654,96.972,136.64,0,19,1.0353,0.030275,0.51819,69.741,1.3467
82.488,35.481,225.15,5,47.279,-0.020651,225.31,0,10,0.054411,1.0002,1.5035,168.29,0.69217
47.206,13.077,-65.472,5,53.441,-0.56537,-65.423,0,3,0.068827,1.0057,1.7269,185.15,0.17248
68.425,20.243,151.62,5,-2.0506,58.101,151.88,0,16,1.041,0.41899,0.68753,91.069,0.97731
63.108,29.835,167.44,5,-0.36368,43.846,167.65,0,13,1.0073,0.56154,0.86276,108.25,0.91063
50.414,27.984,89.222,5,51.216,97.979,89.448,1,14,0.024326,0.020207,0.0061318,2.4222,0.97199
87.494,23.739,-47.828,5,100.93,8.926,-47.763,0,4,1.0186,0.91074,1.5307,172.82,0.23535
27.676,36.451,212.13,5,-1.9416,17.802,212.24,0,7,1.0388,0.82198,1.3583,156.2,0.51963
90.432,16.252,183.72,5,-4.3491,9.8152,184.03,0,19,1.087,0.90185,1.0448,141.17,1.0215
57.233,24.327,93.615,5,52.336,99.167,93.857,1,15,0.046713,0.0083319,0.042856,4.5854,0.98661
49.625,35.009,177.73,5,-0.3385,36.908,177.9,0,10,1.0068,0.63092,0.97662,119.33,0.76932
32.968,10.853,207.35,5,10.772,-0.65016,207.43,0,5,0.78456,1.0065,1.3048,159.56,0.27545
40.504,40.338,-25.427,5,103.79,10.417,-25.201,0,14,1.0757,0.89583,1.28,155.53,1.1587
16.405,45.922,225.49,5,-1.1068,28.08,225.57,0,5,1.0221,0.7192,1.5063,161.75,0.39269
92.982,44.163,-76.724,5,101.06,10.107,-76.611,0,7,1.0212,0.89893,1.8512,196.08,0.4967
53.843,49.897,93.963,5,50.31,99.773,94.125,1,10,0.0061945,0.002275,0.045829,4.1425,0.99503
82.122,10.02,265.51,5,80.957,-4.9352,265.56,0,3,0.61914,1.0494,1.9507,206.86,0.157
86.353,31.263,65.326,5,100.93,63.084,65.44,0,7,1.0186,0.36916,0.27289,67.525,0.45011
36.055,37.991,-85.084,5,39.533,-1.8574,-84.955,0,8,0.20934,1.0186,1.9439,202.72,0.62935
39.169,46.675,106.73,5,21.789,104.1,106.93,0,12,0.56421,0.041032,0.18807,33.154,1.1027
47.754,28.351,21.23,5,103.64,50.18,21.424,0,12,1.0729,0.4982,0.76196,100.31,0.83701
88.772,49.226,94.883,5,83.998,104.02,95.061,0,11,0.67996,0.040181,0.056228,34.606,0.86092
92.363,26.601,63.375,5,101.31,44.487,63.439,0,4,1.0263,0.55513,0.29512,80.126,0.236
25.336,15.31,209.79,5,-0.68396,0.37865,209.89,0,6,1.0137,0.99621,1.3321,163.91,0.3401
69.491,29.779,208.47,5,12.412,-1.3182,208.68,0,13,0.75175,1.0132,1.3187,160.51,0.89193
51.021,30.734,-13.217,5,104.59,18.249,-13.04,0,11,1.0917,0.81751,1.1449,142.41,0.79396
57.553,13.139,-71.2,5,62.395,-1.0581,-71.151,0,3,0.24789,1.0106,1.7906,190.62,0.17204
65.764,33.168,-10.924,5,100.14,26.574,-10.811,0,7,1.0028,0.73426,1.1201,134.42,0.50971
41.94,34.086,109.91,5,16.239,104.54,110.15,0,15,0.67521,0.04545,0.22393,39.58,1.1294
17.972,14.276,-89.64,5,18.074,-0.72412,-89.592,0,3,0.63851,1.0072,1.9955,208.37,0.16391
42.962,28.005,-32.447,5,89.426,-1.4252,-32.269,0,11,0.78851,1.0143,1.3585,163.68,0.76032
64.348,7.7706,-46.917,5,74.6,-3.1791,-46.868,0,3,0.492,1.0318,1.5208,173.16,0.1607
88.883,48.962,-78.871,5,98.61,-0.082941,-78.709,0,10,0.9722,1.0008,1.8745,202.09,0.77928
49.474,44.097,-2.5646,5,104.42,41.729,-2.3867,0,11,1.0885,0.58271,1.0265,122.04,0.9838
78.747,41.984,136.43,5,17.013,100.41,136.71,0,17,0.65974,0.0041285,0.51895,57.181,1.3128
7.1925,23.328,235.59,5,-1.278,10.949,235.63,0,3,1.0256,0.89051,1.6182,178.24,0.17082
65.51,23.289,137.5,5,-1.0113,83.91,137.79,0,18,1.0202,0.1609,0.53105,71.731,1.15
27.921,31.571,263.42,5,23.951,-3.2033,263.54,0,7,0.52098,1.032,1.9282,203.58,0.48677
80.073,19.188,155.68,5,-2.0427,56.026,155.98,0,18,1.0409,0.43974,0.73306,94.842,1.0438
37.799,49.438,-59.765,5,68.107,-2.3446,-59.571,0,12,0.36213,1.0234,1.6619,182.14,1.1535
28.526,41.888,-59.608,5,53.889,-1.2018,-59.446,0,10,0.077782,1.012,1.6605,180.53,0.80707
52.688,41.427,175.98,5,-2.183,45.193,176.15,0,11,1.0437,0.54807,0.95727,114.67,0.93801
19.183,25.829,36.137,5,103.79,88.013,36.476,0,21,1.0758,0.11987,0.59471,76.823,1.3073
48.151,32.258,-37.51,5,91.836,-1.1572,-37.332,0,11,0.83672,1.0116,1.4148,167.92,0.81161
84.858,34.528,-31.342,5,101.95,24.138,-31.277,0,4,1.0389,0.75862,1.3475,152.19,0.26964
55.668,47.059,191.92,5,-3.0158,34.563,192.11,0,12,1.0603,0.65437,1.1346,132.36,1.1269
65.969,27.047,3.7145,5,100.89,29.354,3.8277,0,7,1.0179,0.70646,0.95747,122.5,0.46867
55.957,17.697,24.949,5,101.26,38.858,25.11,0,10,1.0252,0.61142,0.721,102.84,0.60593
85.329,45.064,196.05,5,-1.0948,19.947,196.34,0,18,1.0219,0.80053,1.1816,142.58,1.3779
86.62,14.69,96.315,5,76.481,104.12,96.606,0,18,0.52961,0.041171,0.073398,27.601,0.96944
60.922,46.267,149.03,5,-3.4713,84.717,149.27,0,15,1.0694,0.15283,0.65857,81.276,1.3678
40.471,38.82,204.35,5,-0.50063,20.21,204.49,0,9,1.01,0.7979,1.2722,148.41,0.72677
58.63,10.655,242.05,5,51.606,-2.5993,242.1,0,3,0.032127,1.026,1.69,183.47,0.16711
11.609,29.662,-47.213,5,42.223,-3.3194,-47.067,0,9,0.15553,1.0332,1.523,171.82,0.56157
39.692,41.952,-2.1255,5,104.65,39.669,-1.9153,0,13,1.093,0.60331,1.0213,122.78,1.1025
83.06,37.644,46.133,5,100.37,55.682,46.214,0,5,1.0074,0.44318,0.48651,80.115,0.35422
28.407,17.873,186.21,5,-1.4138,14.599,186.3,0,6,1.0283,0.85401,1.0701,138.6,0.35328
11.288,36.467,133.3,5,-2.4385,51.013,133.36,0,4,1.0488,0.48987,0.48183,83.845,0.26883
71.215,49.022,48.209,5,101.16,82.615,48.354,0,9,1.0231,0.17385,0.46273,68.217,0.81498
29.378,44.731,200.19,5,-3.4571,32.612,200.31,0,7,1.0691,0.67388,1.2256,139.88,0.59331
46.656,10.911,113.14,5,7.0914,102.75,113.46,0,20,0.85817,0.027514,0.26067,48.981,1.1217
23.115,29.863,37.812,5,101.94,91.404,38.135,0,20,1.0387,0.085964,0.57627,73.899,1.3313
34.071,38.25,95.678,5,27.512,102.92,95.888,0,13,0.44975,0.029181,0.065427,23.428,1.0193
74.995,15.793,154.12,5,-1.5726,52.703,154.39,0,17,1.0315,0.47297,0.71548,95.096,0.96769
11.514,41.45,154.28,5,-2.0043,47.951,154.33,0,3,1.0401,0.52049,0.71481,97.736,0.21408
88.357,10.937,237.04,5,80.203,-1.6531,237.09,0,3,0.60405,1.0165,1.6343,181.33,0.15468
50.856,33.441,23.786,5,101.15,55.708,23.963,0,11,1.0229,0.44292,0.73374,94.544,0.82626
13.664,43.576,-37.97,5,72.893,-2.434,-37.728,0,15,0.45785,1.0243,1.4192,165.32,1.1175
38.862,33.763,269.12,5,38.363,-1.2336,269.23,0,7,0.23274,1.0123,1.9915,206.17,0.52109
51.492,49.592,-8.4476,5,100.96,42.324,-8.2859,0,10,1.0192,0.57676,1.0921,124.83,0.99147
41.228,36.952,-66.729,5,59.065,-4.3616,-66.584,0,9,0.1813,1.0436,1.7398,188.39,0.70694
71.299,25.077,202.07,5,6.4859,-1.3666,202.3,0,14,0.87028,1.0137,1.2478,157.42,0.89869
