38.1,36.26,9.2201,5,50.122,102.88,88.132,1,15,0.0024363,0.028786,0.020756,3.4349,1.1567
41.335,13.156,30.91,5,50.109,103.78,90.073,1,19,0.002173,0.037792,0.00081111,3.7823,1.0885
19.148,8.2432,-6.5796,5,50.004,104.62,88.49,1,23,7.9938e-05,0.046185,0.016778,4.8605,1.188
30.648,20.047,231.74,5,19.547,-1.6108,-58.796,0,6,0.60907,1.0161,1.6533,182.74,0.36469
48.547,37.388,133.75,5,49.945,101.22,89.698,1,13,0.0011074,0.012157,0.0033556,1.258,1.0379
90.623,46.089,112.18,5,49.326,101.7,81.528,0,16,0.013486,0.017038,0.094133,8.6671,1.1851
92.388,44.538,248.41,5,50.194,104.99,87.05,1,20,0.0038711,0.049916,0.032778,5.8,1.4326
64.126,47.783,57.215,5,49.429,102.7,76.113,0,12,0.011412,0.027022,0.1543,14.159,1.1092
43.393,15.553,34.595,5,50.135,100.5,88.67,1,18,0.0026994,0.0050018,0.014778,1.4273,1.0625
39.579,26.961,26.153,5,50.147,100.86,88.984,1,16,0.0029387,0.0085863,0.011289,1.3392,1.0843
49.849,36.019,222.51,5,50.829,100.48,96.392,0,17,0.016582,0.0047789,0.071022,6.4634,1.3285
73.139,14.457,-81.014,5,76.63,-4.9768,265.23,0,4,0.5326,1.0498,1.947,206,0.22569
21.512,14.991,157.2,5,8.6157,-0.93769,-78.853,0,5,0.82769,1.0094,1.8761,201.03,0.27885
58.649,46.419,156.33,5,49.924,101.27,89.288,1,12,0.0015163,0.012671,0.0079111,1.458,1.1055
59.671,45.21,107.74,5,50.065,102.45,88.86,1,12,0.0013042,0.02448,0.012667,2.703,1.0784
68.397,20.44,-3.2522,5,49.881,102.97,90.257,1,35,0.0023706,0.029675,0.0028556,2.9835,2.143
63.019,35.898,32.092,5,49.662,103.82,77.242,0,15,0.0067502,0.038152,0.14176,13.322,1.1466
64.012,26.035,197.43,5,50.004,101.64,88.853,1,17,8.3108e-05,0.01637,0.012744,2.0013,1.1291
90.998,16.846,190.51,5,49.918,101.24,89.387,1,23,0.0016426,0.012412,0.0068111,1.3857,1.2404
31.914,25.409,16.065,5,49.987,101.32,91.012,1,17,0.00025749,0.013183,0.011244,1.6633,1.1075
81.387,23.158,76.815,5,49.948,102.84,88.88,1,19,0.0010445,0.0284,0.012444,3.0533,1.1445
37.417,29.986,213.2,5,49.853,101.74,91.01,1,34,0.0029361,0.017372,0.011222,2.0173,2.3898
42.107,37.416,-1.2634,5,49.957,102.08,89.727,1,14,0.0008606,0.02085,0.0030333,2.0983,1.1097
38.99,30.464,269.87,5,17.852,-0.19042,-40.868,0,10,0.64296,1.0019,1.4541,167.92,0.7102
42.574,43.308,254.02,5,49.99,105,89.957,1,34,0.00020384,0.049975,0.00047778,5.0002,2.9733
64.315,36.387,222.86,5,49.868,100.91,91.101,1,16,0.0026437,0.0090854,0.012233,1.4345,1.2269
21.283,24.696,151.65,5,49.966,101.21,89.014,1,32,0.00068705,0.0121,0.010956,1.5612,1.9853
80.362,16.289,105.59,5,49.941,104.97,89.057,1,21,0.0011885,0.049661,0.010478,5.059,1.1791
82.317,49.827,-40.268,5,50.117,101.51,90.496,1,22,0.002335,0.015088,0.0055111,1.5937,1.8432
70.657,12.454,33.653,5,50.121,102.65,89.821,1,21,0.0024244,0.026535,0.0019889,2.6588,1.1673
86.009,19.484,62.387,5,50.068,103.79,89.319,1,21,0.0013597,0.037946,0.0075667,3.8513,1.1905
70.359,14.034,-83.154,5,79.348,-3.363,-82.183,0,4,0.58695,1.0336,1.9131,202.96,0.22639
42.055,13.071,83.066,5,50.043,100.68,88.328,1,18,0.00085965,0.0068274,0.018578,1.8055,1.031
31.45,49.174,224.99,5,50.11,102.87,90.482,1,27,0.0021944,0.028674,0.0053556,2.9123,2.4951
38.712,49.597,35.414,5,50.127,103.6,89.487,1,12,0.0025404,0.036004,0.0057,3.6386,1.1616
40.223,34.856,127.53,5,49.948,102.19,88.998,1,14,0.001033,0.021894,0.011133,2.4089,1.0626
70.865,30.027,110.97,5,49.952,103.43,92.45,1,17,0.00095426,0.034281,0.027222,4.2154,1.1641
59.752,28.041,115.91,5,49.932,104.04,91.32,1,16,0.0013591,0.0404,0.014667,4.2507,1.1017
29.581,9.9981,-29.465,5,50.024,103.67,89.714,1,22,0.00048051,0.036672,0.0031778,3.6812,1.1919
48.029,40.615,28.506,5,49.998,103.52,90.829,1,13,3.1651e-05,0.035169,0.0092111,3.6163,1.094
43.909,47.929,198.12,5,53.461,103.24,85.126,0,14,0.069228,0.032384,0.054156,6.7994,1.3352
74.563,41.406,244.95,5,49.915,104.92,92.012,1,18,0.0017026,0.049236,0.022356,5.3162,1.4166
62.08,32.329,93.346,5,49.993,102.56,89.189,1,15,0.00013958,0.025613,0.0090111,2.6854,1.0911
36.019,33.998,227.59,5,50.076,102.39,88.131,1,32,0.0015216,0.023903,0.020767,3.035,2.3715
74.198,7.2136,111.39,5,50.082,104.96,88.371,1,22,0.0016402,0.049562,0.0181,5.2213,1.1471
50.862,17.06,-88.051,5,49.88,104.8,90.949,1,26,0.0023987,0.048023,0.010544,4.8944,1.5673
54.329,26.577,116.72,5,49.884,100.31,91.762,1,15,0.0023106,0.0030665,0.019578,1.7928,1.0197
84.001,33.048,-5.7215,5,50.01,103.35,91.389,1,29,0.00020926,0.033514,0.015433,3.6266,1.931
44.821,29.242,-3.7188,5,49.907,103.38,90.095,1,16,0.0018621,0.033756,0.0010556,3.3826,1.1276
71.758,36.494,219.42,5,49.933,103.16,91.013,1,17,0.0013423,0.0316,0.011256,3.3191,1.2662
71.664,12.626,148.02,5,50.053,101.91,90,1,20,0.001063,0.019071,0,1.9107,1.1109
55.133,44.711,192.67,5,49.945,101.38,92.468,1,13,0.001094,0.013807,0.027422,2.8282,1.1706
25.32,33.28,252.6,5,50.132,104.5,89.361,1,27,0.0026331,0.044952,0.0071,4.5471,1.8977
33.456,30.26,20.719,5,50.133,100.06,89.425,1,16,0.0026618,0.00060139,0.0063889,0.59322,1.1161
23.368,13.516,-49.11,5,49.882,104.36,91.507,1,23,0.0023661,0.043615,0.016744,4.6146,1.2708
89.146,23.736,265.09,5,50.109,103.45,88.63,1,24,0.0021888,0.034489,0.015222,3.7137,1.3999
77.932,25.572,192.56,5,49.964,103.31,88.755,1,19,0.00071722,0.033078,0.013833,3.5366,1.195
92.204,26.661,155.14,5,49.951,101.84,90.62,1,20,0.00097481,0.018376,0.0068889,1.9423,1.1818
34.87,18.767,71.313,5,50.059,102.86,90.962,1,18,0.0011891,0.028569,0.010689,3.018,1.0892
29.009,32.558,116.32,5,50.241,102.73,90.131,1,16,0.0048286,0.027253,0.0014556,2.7437,1.1326
41.948,46.849,-22.648,5,49.796,102.04,93.655,1,13,0.0040798,0.020372,0.040611,4.1907,1.2091
37.218,11.766,-36.579,5,50.133,103.29,89.238,1,21,0.0026647,0.032921,0.0084667,3.3797,1.1777
32.712,21.8,142.86,5,50.035,102.61,92.196,1,18,0.00069727,0.026053,0.0244,3.4111,1.1238
35.01,10.728,156.86,5,50.071,100.03,89.935,1,20,0.0014211,0.00031382,0.00072222,0.10083,1.1047
23.395,21.195,97.771,5,49.891,102.28,89.766,1,19,0.0021731,0.022797,0.0026,2.2946,1.1422
14.611,39.442,169.4,5,50.09,104.74,90.492,1,30,0.0017993,0.047374,0.0054667,4.7663,2.1386
13.213,26.714,89.803,5,49.872,101.81,91.756,1,19,0.0025512,0.018119,0.019511,2.5251,1.1585
26.908,41.04,227.68,5,50.129,100.09,88.328,1,26,0.0025811,0.00088514,0.018578,1.6794,2.053
82.251,9.132,17.325,5,94.889,-3.2606,-82.002,0,4,0.89778,1.0326,1.9111,205.58,0.20742
18.068,16.554,158.73,5,8.7528,-3.6835,-51.88,0,6,0.82494,1.0368,1.5764,180.5,0.33577
85.77,19.362,-8.6378,5,88.036,-0.95449,226.01,0,5,0.76073,1.0095,1.5112,173.6,0.2834
92.146,40.028,176.61,5,50.049,100.55,90.133,1,18,0.00098065,0.0055397,0.0014778,0.56797,1.2278
76.817,8.0634,16.22,5,91.558,-1.8035,-71.08,0,4,0.83117,1.018,1.7898,195.03,0.20884
33.398,37.127,96.878,5,50.041,101.56,89.873,1,14,0.00081763,0.015622,0.0014111,1.5657,1.0765
40.633,14.968,-14.074,5,50.087,101.02,89.295,1,19,0.0017304,0.010192,0.0078333,1.243,1.1105
80.82,17.894,26.447,5,92.183,-1.3178,237.86,0,6,0.84366,1.0132,1.6429,184.14,0.34208
14.403,33.41,177.71,5,49.934,104.13,89.428,1,30,0.001314,0.041261,0.0063556,4.1699,1.9866
32.277,20.514,167.36,5,50.082,100.82,89.408,1,19,0.0016482,0.0082091,0.0065778,1.0147,1.1665
73.988,7.3883,178.13,5,49.988,102.57,90.772,1,22,0.00023326,0.025675,0.0085778,2.6835,1.1498
9.5146,20.047,88.747,5,49.943,100.79,88.989,1,21,0.0011481,0.007875,0.011233,1.2843,1.1716
15.474,37.411,85.418,5,49.897,103.53,93.195,1,17,0.0020675,0.035335,0.0355,4.7623,1.1891
81.482,11.571,226.57,5,50.03,101.62,88.256,1,23,0.00059433,0.016214,0.019378,2.3805,1.2251
71.194,10.785,-48.761,5,82.632,-3.9051,-84.398,0,4,0.65263,1.0391,1.9378,205.61,0.21811
29.922,49.306,124.6,5,53.27,101.14,100.27,0,12,0.065406,0.011406,0.11411,10.838,1.1004
22.215,18.392,201.07,5,23.199,-2.0636,-37.257,0,5,0.53602,1.0206,1.414,165.32,0.29
66.968,44.404,200.02,5,50.113,103.6,90.733,1,14,0.0022658,0.036009,0.0081444,3.6756,1.2043
7.1554,41.107,62.048,5,50.065,100.56,88.11,1,17,0.0013052,0.0055802,0.021,1.9723,1.1671
16.129,14.976,46.578,5,50.115,100.73,90.591,1,21,0.0023037,0.0073071,0.0065667,0.94626,1.1473
46.187,27.271,246.76,5,49.856,103.82,91.179,1,39,0.0028872,0.038225,0.0131,4.0004,2.6775
49.164,32.776,28.869,5,50.016,100.66,91.391,1,14,0.00032176,0.0066341,0.015456,1.5397,1.0412
68.075,35.14,-36.602,5,49.994,101.71,90.296,1,30,0.00012216,0.017119,0.0032889,1.7354,2.2278
64.789,13.174,159.66,5,50.039,104.23,91.227,1,20,0.00077113,0.042284,0.013633,4.4045,1.1354
85.17,23.598,243.7,5,50.133,101.7,88.603,1,22,0.0026647,0.016963,0.015522,2.2044,1.3078
23.16,41.704,144.74,5,49.824,104.64,103.98,0,16,0.0035147,0.046372,0.15533,14.731,1.2465
84.721,32.045,186.72,5,49.991,102.01,90.551,1,19,0.00017343,0.020057,0.0061222,2.0842,1.2449
73.96,45.933,266.51,5,49.864,102.23,91.47,1,18,0.0027215,0.022277,0.016333,2.6744,1.5219
38.989,15.159,123.54,5,50.034,101.78,91,1,18,0.00067679,0.017778,0.011111,2.0419,1.052
80.48,24.416,-8.4774,5,50.021,103.63,88.703,1,30,0.00041096,0.036343,0.014411,3.8548,1.8405
7.7625,37.311,86.298,5,49.883,103.31,94.928,0,18,0.0023407,0.033084,0.054756,5.9376,1.1906
39.632,29.243,-40.217,5,50.064,104.44,90.827,1,18,0.0012886,0.044355,0.0091889,4.5168,1.2585
16.425,27.689,-89.469,5,49.976,103.73,91.651,1,23,0.00047801,0.037318,0.018344,4.0791,1.4424
39.971,49.31,82.006,5,49.908,102.04,91.861,1,11,0.0018387,0.0204,0.020678,2.7629,1.0644
14.769,44.047,86.93,5,49.954,103.74,100.28,0,16,0.0009272,0.037444,0.11422,10.939,1.2099
55.934,45.29,-35.781,5,47.099,102.64,66.189,0,16,0.058026,0.026391,0.26457,24.132,1.4537
59.799,22.093,223.34,5,49.964,100.88,89.96,1,19,0.00071363,0.0088128,0.00044444,0.88164,1.2099
92.614,8.642,145.99,5,49.9,100.99,90.225,1,24,0.001991,0.0098692,0.0025,1.0202,1.1904
16.171,38.112,216.12,5,50.133,101.08,89.287,1,25,0.0026507,0.010818,0.0079222,1.3009,1.7723
35.138,40.183,-79.333,5,49.961,101.05,91.838,1,18,0.00077072,0.01052,0.020422,2.1171,1.4602
36.85,43.307,-36.926,5,50.116,104.73,88.252,1,15,0.0023251,0.047291,0.019422,5.044,1.2887
35.731,36.231,53.253,5,49.945,102.1,91.443,1,15,0.0010972,0.021032,0.016033,2.5486,1.1477
40.036,42.968,248.23,5,49.928,103.01,91.866,1,32,0.0014303,0.030053,0.020733,3.5422,2.7636
40.862,37.149,108.22,5,50.109,104.43,87.776,1,14,0.0021879,0.04427,0.024711,4.9581,1.1022
46.564,23.391,260.25,5,49.884,103.72,89.482,1,24,0.0023279,0.037243,0.0057556,3.7577,1.5648
82.496,39.445,164.16,5,50.181,100.18,85.121,0,16,0.0036158,0.001822,0.054211,4.8857,1.1641
76.177,25.771,98.847,5,49.998,103.24,91.437,1,18,3.7507e-05,0.032413,0.015967,3.5444,1.1435
10.814,8.4042,20.047,5,50.057,103.75,88.139,1,24,0.0011483,0.037516,0.020678,4.1868,1.2045
11.357,11.526,121.95,5,49.897,104.94,88.929,1,23,0.0020514,0.049406,0.0119,5.0558,1.1912
10.871,47.145,208.5,5,50.135,104.43,88.855,1,25,0.0026979,0.044299,0.012722,4.5776,1.9008
7.1534,21.47,139.09,5,49.828,102.86,92.241,1,22,0.0034429,0.028601,0.0249,3.6375,1.2296
42.649,15.554,119.93,5,50.065,103.77,90.853,1,18,0.001297,0.037661,0.0094778,3.8658,1.0618
62.634,49.995,-33.4,5,50.197,101.01,86.859,1,30,0.0039417,0.010126,0.0349,3.3053,2.9083
77.313,18.582,-72.131,5,49.994,100.14,90.573,1,26,0.00011315,0.0014008,0.0063667,0.58989,1.5138
19.263,45.158,45.283,5,50.04,100.96,87.051,1,15,0.00080652,0.0095692,0.032767,3.1016,1.193
64,22.261,244.86,5,50.128,104.37,89.55,1,21,0.0025568,0.043666,0.005,4.395,1.3293
7.7077,40.085,130.51,5,51.515,100.51,96.831,0,17,0.030307,0.0050658,0.0759,7.0155,1.159
35.255,20.41,103.93,5,50.027,100.61,88.649,1,17,0.00053556,0.00613,0.015011,1.4826,1.0501
11.779,26.981,161.23,5,-0.3559,19.86,235.26,0,3,1.0071,0.8014,1.614,173.37,0.182
28.591,26.356,14.272,5,50.112,104.61,90.716,1,18,0.0022417,0.046051,0.0079556,4.6666,1.1735
15.538,25.677,170.51,5,49.929,103.37,89.281,1,32,0.0014199,0.033714,0.0079889,3.4466,1.953
87.014,43.773,-4.9487,5,50.074,102.29,90.708,1,27,0.0014874,0.022916,0.0078667,2.3981,2.0054
73.724,24.653,-22.589,5,50.076,100.64,89.676,1,30,0.0015212,0.0063748,0.0036,0.72135,1.8989
48.638,27.102,4.8626,5,49.963,102.46,90.04,1,16,0.00074783,0.02459,0.00044444,2.4606,1.0972
69.376,20.656,-24.462,5,81.438,-1.3277,212.41,0,8,0.62876,1.0133,1.3601,161.99,0.48974
29.259,15.809,255.52,5,20.55,-1.4951,267.04,0,4,0.589,1.015,1.9671,206.18,0.23066
79.265,33.291,268.38,5,50.108,101.01,88.38,1,21,0.002165,0.010081,0.018,1.9121,1.4414
19.77,32.984,129.23,5,50.497,101.28,86.342,1,17,0.0099308,0.012795,0.040644,3.9072,1.1562
22.772,13.443,233.26,5,23.796,-0.61567,-61.292,0,3,0.52407,1.0062,1.681,183.57,0.16531
78.594,9.3065,173.04,5,49.978,101.2,90.693,1,22,0.00043476,0.012017,0.0077,1.3859,1.1567
77.67,13.462,-64.373,5,68.351,-1.7327,202.07,0,4,0.36703,1.0173,1.2452,152.47,0.22013
78.277,20.925,25.251,5,84.912,-1.1377,211.3,0,7,0.69824,1.0114,1.3478,161.74,0.41677
84.583,9.3786,85.41,5,50.082,100.48,90.353,1,22,0.001639,0.0047987,0.0039222,0.60144,1.1341
43.825,9.3654,77.815,5,49.923,103.32,91.822,1,19,0.0015304,0.033159,0.020244,3.7879,1.0457
8.3807,21.265,67.119,5,49.936,100.82,88.287,1,21,0.0012707,0.0082073,0.019033,1.9002,1.179
36.541,13.002,116.79,5,50.148,102.57,88.945,1,19,0.0029656,0.025711,0.011722,2.7821,1.0791
10.087,20.407,101.94,5,49.926,103.63,88.748,1,21,0.0014891,0.036335,0.013911,3.8406,1.1792
48.243,49.755,145.65,5,50.056,102.77,88.43,1,11,0.0011253,0.027702,0.017444,3.1845,1.094
78.152,40.315,-37.67,5,49.996,102.5,88.514,1,24,8.057e-05,0.025014,0.016511,2.9083,1.8184
67.722,31.988,263.57,5,49.965,102.35,89.015,1,20,0.00070679,0.023503,0.010944,2.5483,1.4228
70.574,21.413,-73.76,5,78.024,-0.22544,249.18,0,5,0.56049,1.0023,1.7687,190.18,0.30775
65.061,41.215,159.76,5,50.121,102.3,87.048,1,14,0.0024142,0.023037,0.0328,3.7442,1.1535
91.361,17.757,124.47,5,49.853,102.99,91.153,1,22,0.0029439,0.029907,0.012811,3.208,1.1949
14.318,25.77,-7.6359,5,50.109,102.53,90.579,1,20,0.0021891,0.025334,0.0064333,2.5977,1.2142
13.696,10.801,155.93,5,-0.42851,0.11084,254.55,0,4,1.0086,0.99889,1.8283,198.99,0.20768
59.106,14.629,71.678,5,50.036,101.87,91.247,1,18,0.00071338,0.018697,0.013856,2.2479,1.0483
34.413,26.265,-0.0086576,5,49.917,101.91,92.283,1,17,0.0016647,0.0191,0.025367,2.9778,1.1279
15.592,39.282,-41.354,5,49.973,104.13,88.861,1,18,0.00053648,0.041296,0.012656,4.2843,1.2896
80.965,21.895,60.051,5,49.953,101.32,88.905,1,19,0.00093083,0.013236,0.012167,1.7157,1.1307
86.173,9.5388,259.82,5,50.007,101.92,90.982,1,26,0.00014297,0.019163,0.010911,2.1566,1.3344
60.723,49.145,47.561,5,50.133,104.82,84.016,0,12,0.0026609,0.048166,0.066489,7.6849,1.1544
31.932,8.761,197.3,5,9.5375,-1.7265,262.12,0,6,0.80925,1.0173,1.9124,203.99,0.32254
19.727,13.849,-61.118,5,50.126,102.37,88.503,1,23,0.0025235,0.023687,0.016633,2.806,1.2594
86.475,22.201,130.66,5,50.141,101.27,88.688,1,20,0.0028111,0.012724,0.014578,1.8314,1.1638
50.621,29.049,20.527,5,49.895,100.45,92.501,1,15,0.0020954,0.0045004,0.027789,2.5433,1.057
90.839,28.885,37.544,5,50.413,102.34,88.024,1,20,0.0082524,0.023351,0.021956,3.0904,1.2194
76.357,37.203,11.965,5,49.864,102.41,91.47,1,29,0.0027241,0.024056,0.016333,2.8262,2.1291
27.462,39.762,180.91,5,50.01,101.76,91.44,1,29,0.00019447,0.017616,0.016,2.274,2.2545
68.372,13.143,151.98,5,50.121,102.71,88.749,1,20,0.0024164,0.027112,0.0139,2.9873,1.1264
24.218,30.151,197.19,5,50.005,103.51,88.484,1,29,9.1043e-05,0.035139,0.016844,3.8234,1.9475
27.056,21.23,266.42,5,24.171,-3.2285,-79.522,0,5,0.51658,1.0323,1.8836,200.15,0.30471
31.765,13.945,77.502,5,50.056,101.28,88.797,1,19,0.0011269,0.012801,0.013367,1.7575,1.08
57.891,33.512,-43.959,5,49.982,100.85,89.215,1,35,0.00035929,0.0084763,0.0087222,1.1572,2.6137
37.7,8.1278,41.09,5,50.029,101.77,90.999,1,20,0.00058338,0.017735,0.0111,2.0327,1.0788
70.982,28.611,255.36,5,50.009,102.22,88.823,1,20,0.00017676,0.022202,0.013078,2.5127,1.3439
72.405,12.607,212,5,50.135,100.08,89.152,1,21,0.0026972,0.00083687,0.0094222,0.8624,1.1638
70.372,40.032,140.93,5,49.835,102.82,92.317,1,15,0.0033087,0.028214,0.025744,3.6535,1.1842
89.971,37.928,195.61,5,49.986,104.5,91.652,1,19,0.00027699,0.045013,0.018356,4.7937,1.2868
47.876,32.965,207.86,5,49.99,100.46,87.243,1,17,0.00019139,0.0046166,0.030633,2.7951,1.2674
34.565,45.921,51.371,5,50.026,101.61,92.867,1,13,0.00052796,0.016073,0.031856,3.2882,1.1558
14.515,12.225,153.19,5,-0.18796,2.3172,251.3,0,4,1.0038,0.97683,1.7922,195.14,0.21125
62.583,22.501,220.38,5,50.068,102.68,88.735,1,19,0.0013683,0.026849,0.014056,2.9643,1.21
41.753,45.539,-41.597,5,50.065,104.51,88.413,1,15,0.0013091,0.045111,0.017633,4.7815,1.3616
86.868,27.907,25.743,5,101.35,17.688,-72.581,0,4,1.027,0.82312,1.8065,189.33,0.24699
52.798,15.39,27.598,5,49.944,102.83,90.908,1,18,0.0011269,0.028291,0.010089,2.9726,1.0631
66.291,42.898,70.628,5,50.086,100.85,94.484,1,13,0.0017125,0.0085008,0.049822,4.5647,1.0946
7.868,29.226,15.938,5,49.99,103.04,91.249,1,20,0.00020135,0.03042,0.013878,3.2866,1.2141
36.662,26.19,174.56,5,50.341,103.58,103.81,0,18,0.0068261,0.035794,0.15344,14.271,1.1999
15.905,23.446,-45.113,5,50.058,103.17,88.188,1,21,0.0011686,0.031724,0.020133,3.6518,1.2529
11.931,9.2857,58.982,5,50.133,101.26,89.315,1,23,0.0026592,0.012591,0.0076111,1.4403,1.169
32.503,36.534,-55.457,5,49.889,102.4,90.539,1,17,0.0022281,0.023997,0.0059889,2.4623,1.2911
91.662,14.985,177.53,5,50.028,104.59,88.461,1,24,0.00055322,0.045949,0.0171,4.8412,1.2675
28.092,15.582,120.28,5,49.987,100.28,88.731,1,19,0.00025961,0.0028417,0.0141,1.2996,1.0893
7.1,39.571,59.942,5,50.071,102.26,88.005,1,18,0.0014248,0.022611,0.022167,3.0154,1.2144
54.78,36.328,20.437,5,49.811,101.26,92.699,1,14,0.0037774,0.012621,0.029989,2.9846,1.0963
44.28,36.391,254.93,5,50.105,104.92,88.086,1,36,0.0021078,0.049244,0.021267,5.2802,2.8184
87.055,15.425,-71.932,5,49.982,101.91,91.631,1,27,0.00035783,0.019061,0.018122,2.5117,1.462
92.358,48.51,-16.066,5,49.964,100.25,91.614,1,26,0.00072462,0.0024599,0.017933,1.6336,1.9498
85.379,37.757,199.03,5,49.887,104.18,90.883,1,18,0.0022578,0.041845,0.0098111,4.2737,1.2571
87.259,30.326,188.32,5,50.04,104.93,90.794,1,20,0.00080298,0.049291,0.0088222,4.9937,1.2657
13.421,26.589,157.64,5,-0.33708,15.442,256.5,0,4,1.0067,0.84558,1.85,193.41,0.24384
86.261,21.198,183.94,5,49.908,100.18,89.98,1,21,0.0018368,0.0018231,0.00022222,0.20314,1.2104
62.768,45.104,-53.425,5,50.017,100.44,91.011,1,30,0.00033572,0.0044439,0.011233,1.1027,2.6614
78.584,21.382,159.79,5,49.899,103.86,89.662,1,20,0.0020172,0.038648,0.0037556,3.8761,1.1954
75.658,15.205,150.19,5,50.033,101.7,89.194,1,20,0.00065081,0.017042,0.0089556,1.8817,1.1288
34.23,34.763,94.107,5,49.897,103.47,89.523,1,15,0.0020657,0.034651,0.0053,3.5041,1.1175
22.309,40.946,40.162,5,50.063,103.5,89.252,1,16,0.0012627,0.035008,0.0083111,3.5796,1.2266
81.369,9.7058,166.96,5,49.89,100.76,89.817,1,22,0.0021929,0.0075582,0.0020333,0.78942,1.1508
84.675,23.658,96.238,5,49.882,100.05,89.703,1,19,0.0023676,0.00046774,0.0033,0.32347,1.133
62.04,18.27,170.02,5,49.981,101.68,89.368,1,18,0.00037392,0.016799,0.0070222,1.795,1.0894
62.495,8.1379,144.65,5,49.916,101.84,89.517,1,20,0.0016807,0.018424,0.0053667,1.9042,1.0787
72.552,38.122,266.62,5,50.106,100.9,87.52,1,19,0.0021223,0.0090187,0.027556,2.6404,1.4425
42.955,9.3312,206.6,5,49.885,104.4,90.661,1,23,0.0022959,0.044019,0.0073444,4.4509,1.2645
29.724,9.35,12.845,5,50.034,102.53,88.526,1,21,0.00068563,0.02526,0.016378,2.9283,1.1304
47.425,17.211,30.766,5,49.982,100.09,88.857,1,17,0.00035299,0.00093343,0.0127,1.1467,1.0262
43.798,11.117,197.73,5,49.804,101.21,93.449,1,21,0.0039184,0.012102,0.038322,3.6603,1.1785
36.339,38.045,-30.052,5,49.986,101.34,90.952,1,15,0.0002882,0.013353,0.010578,1.6438,1.1822
75.498,43.267,18.079,5,49.915,104.18,90.107,1,29,0.0017084,0.0418,0.0011889,4.1822,2.3312
72.261,40.583,-16.762,5,49.924,102.46,89.302,1,28,0.00153,0.024583,0.0077556,2.5582,2.2065
71.7,42.855,130,5,49.929,104.41,89.705,1,15,0.0014107,0.044083,0.0032778,4.4204,1.227
63.986,45.031,75.42,5,50.129,101.29,83.151,0,12,0.0025792,0.012929,0.0761,6.9706,1.0578
81.516,25.985,70.412,5,50.072,103.59,87.914,1,19,0.0014411,0.035866,0.023178,4.1527,1.1809
16.958,36.621,70.778,5,50.131,102.79,86.506,1,17,0.0026244,0.027949,0.038822,4.4732,1.1892
31.893,49.6,195.08,5,49.891,101.55,89.839,1,28,0.002186,0.015485,0.0017889,1.5621,2.6142
72.609,21.693,38.515,5,50.081,100.17,88.165,1,18,0.0016219,0.0016923,0.020389,1.8446,1.1042
48.852,33.824,84.404,5,50.106,103.71,88.277,1,14,0.0021291,0.037059,0.019144,4.092,1.0576
30.12,30.813,-6.8438,5,49.919,104.17,90.562,1,17,0.0016135,0.041659,0.0062444,4.2085,1.1808
32.714,16.911,14.102,5,50.129,100.88,89.559,1,19,0.0025818,0.0088277,0.0049,0.99273,1.1194
50.021,19.05,49.241,5,49.902,103.09,90.826,1,17,0.0019693,0.030915,0.0091778,3.2,1.05
27.428,45.179,143.35,5,51.042,103.38,93.423,1,14,0.02085,0.03382,0.038033,4.9221,1.1807
48.66,27.251,-46.818,5,49.942,101.31,91.343,1,19,0.0011688,0.013136,0.014922,1.877,1.3056
46.839,36.623,-81.736,5,49.915,104.21,89.184,1,21,0.0017088,0.042079,0.0090667,4.2892,1.6547
19.236,11.872,143.68,5,50.066,104.2,89.89,1,22,0.0013124,0.041968,0.0012222,4.202,1.1784
52.346,23.122,105.98,5,49.89,102.9,90.211,1,16,0.0021962,0.029039,0.0023444,2.9097,1.0401
58.963,30.901,156.77,5,50.005,100.65,91.479,1,15,0.00010191,0.0065162,0.016433,1.6155,1.0764
85.372,36.125,-76.544,5,49.866,102.61,91.115,1,22,0.0026817,0.026109,0.012389,2.8414,1.5065
51.009,8.4014,155.54,5,50.053,100.94,88.236,1,19,0.0010595,0.0093752,0.0196,1.9995,1.0371
32.332,47.746,11.655,5,50.092,103.46,93.312,1,13,0.0018468,0.034606,0.0368,4.7906,1.1784
68.401,31.478,58.562,5,49.842,103.93,83.396,0,16,0.003161,0.039326,0.073378,7.6865,1.1276
67.64,13.505,-15.428,5,88.902,-3.1118,238.62,0,8,0.77804,1.0311,1.6513,185.02,0.45313
76.775,12.316,26.867,5,93.501,-2.5425,255.78,0,6,0.87003,1.0254,1.842,199.73,0.32722
33.752,26.26,-52.555,5,49.872,103.09,90.399,1,19,0.0025693,0.030902,0.0044333,3.1183,1.2581
44.272,26.369,242.07,5,50.089,102.68,90.431,1,22,0.0017806,0.026773,0.0047889,2.7159,1.4894
10.538,24.143,-25.121,5,50.126,104.55,89.856,1,22,0.0025253,0.045523,0.0016,4.554,1.2864
43.345,14.871,42.732,5,50.025,104.82,90.313,1,19,0.00049187,0.048214,0.0034778,4.8302,1.1126
56.071,8.5901,123.14,5,49.908,100.18,90.537,1,19,0.001832,0.0017981,0.0059667,0.57379,1.037
70.495,31.992,41.107,5,49.712,100.52,76.791,0,16,0.0057553,0.0052255,0.14677,13.222,1.1263
23.79,23.578,40.336,5,50.116,104.11,90.239,1,19,0.002322,0.041085,0.0026556,4.1186,1.1759
58.972,16.992,-55.085,5,89.072,-1.8493,224.95,0,11,0.78143,1.0185,1.4994,173.53,0.65875
47.179,10.116,15.134,5,50.131,101.72,89.411,1,19,0.0026224,0.017188,0.0065444,1.8228,1.0564
62.79,45.233,269.53,5,49.944,101.77,91.081,1,18,0.001128,0.017681,0.012011,2.0748,1.6003
74.546,33.088,61.619,5,49.887,101.27,91.336,1,16,0.0022698,0.012743,0.014844,1.8468,1.1225
16.188,29.796,94.727,5,49.889,102.87,89.134,1,18,0.0022149,0.028696,0.0096222,2.9999,1.155
38.278,10.14,66.35,5,49.856,100.04,90.904,1,19,0.0028736,0.0004317,0.010044,0.91627,1.0483
39.077,19.317,118.55,5,49.972,100.94,89.441,1,17,0.00055467,0.0094312,0.0062111,1.094,1.044
87.89,24.176,262.34,5,50.024,100.73,89.155,1,23,0.00047175,0.0073127,0.0093889,1.1169,1.3567
21.53,49.462,255.78,5,49.993,100.83,90.86,1,19,0.00014886,0.0082806,0.0095556,1.1952,1.6378
42.07,26.792,232.26,5,50.221,103.59,103.45,0,23,0.0044247,0.035857,0.14944,13.923,1.5617
14.096,16.727,-32.532,5,50.105,102.31,90.237,1,22,0.0021042,0.023134,0.0026333,2.3245,1.213
70.623,8.8436,227.31,5,50.07,100.63,88.128,1,22,0.0013963,0.0062679,0.0208,1.9764,1.177
53.561,15.379,94.86,5,49.91,104.63,89.608,1,18,0.0018052,0.046262,0.0043556,4.6474,1.0626
81.184,11.797,-88.916,5,49.862,104.04,90.995,1,26,0.002757,0.040447,0.011056,4.163,1.3896
14.671,38.859,118.05,5,50.224,102.9,87.354,1,17,0.0044714,0.029,0.0294,3.9321,1.2037
7.2318,41.813,-18.972,5,49.942,104.73,88.996,1,19,0.0011645,0.047293,0.011156,4.8357,1.3155
54.845,26.965,117.09,5,49.997,100.53,90.96,1,15,6.9104e-05,0.0053495,0.010667,1.0966,1.0247
49.92,12.648,96.837,5,49.879,102.61,91.488,1,18,0.0024181,0.026095,0.016533,3.0068,1.0303
86.464,15.169,-65.507,5,50.12,103.91,88.855,1,28,0.0023936,0.039084,0.012722,4.076,1.5162
17.881,17.184,-36.638,5,49.863,103.79,91.433,1,22,0.0027312,0.03785,0.015922,4.0542,1.2384
58.013,48.482,22.253,5,49.965,102.07,82.531,0,12,0.00070562,0.020672,0.082989,7.7506,1.1508
74.759,21.248,216.26,5,50.084,102.87,90.588,1,20,0.0016838,0.028745,0.0065333,2.9308,1.2114
16.577,28.474,-87.987,5,49.916,104.27,90.397,1,23,0.0016742,0.042668,0.0044111,4.2892,1.4566
58.265,8.3375,226.67,5,49.88,100.53,90.901,1,22,0.0024065,0.0053489,0.010011,1.0522,1.1952
79.163,37.59,126.16,5,49.91,101.98,90.688,1,16,0.0018061,0.019836,0.0076444,2.0981,1.1613
78.575,14.951,268.6,5,49.976,102.49,89.172,1,25,0.00048136,0.024947,0.0092,2.6242,1.3932
61.864,24.272,208.64,5,50.037,103.08,91.235,1,18,0.00074831,0.030823,0.013722,3.3186,1.1741
49.231,42.584,-39.747,5,49.755,103.73,82.839,0,16,0.0048935,0.037336,0.079567,8.0779,1.3932
69.219,43.386,-8.0272,5,50.011,101.55,90.641,1,29,0.00022582,0.015549,0.0071222,1.6773,2.4253
10.592,48.868,78.49,5,51.847,102.46,92.145,1,15,0.03694,0.024607,0.023833,3.7502,1.1618
79.704,32.312,28.129,5,50.087,102.29,89.703,1,31,0.0017316,0.022891,0.0033,2.3108,2.0969
30.99,34.295,130.94,5,51.058,101.63,91.887,1,15,0.021151,0.016259,0.020967,2.7087,1.0965
91.619,39.508,89.476,5,49.782,101.34,76.834,0,17,0.0043628,0.013372,0.14629,13.236,1.1576
15.895,23.709,-68.918,5,50.121,100.89,88.062,1,22,0.0024153,0.0088581,0.021533,2.136,1.3163
51.019,16.786,140.24,5,49.872,104.38,90.861,1,18,0.0025501,0.043774,0.0095667,4.4657,1.0815
8.0149,15.944,-75.625,5,49.962,102.15,88.785,1,25,0.00075052,0.021514,0.0135,2.4699,1.3304
9.2065,12.088,4.0358,5,49.895,104.32,89.734,1,24,0.0021004,0.043184,0.0029556,4.3295,1.2382
57.128,33.143,54.965,5,49.899,101.22,91.864,1,14,0.0020203,0.012215,0.020711,2.23,1.0411
55.885,37.135,164.55,5,49.951,102.85,90.579,1,14,0.00098046,0.028547,0.0064333,2.9086,1.1087
14.88,38.986,-84.738,5,50.018,100.79,88.321,1,20,0.00035673,0.0078745,0.018656,1.8557,1.4205
78.972,32.123,134.29,5,49.882,104.85,89.615,1,18,0.0023516,0.048499,0.0042778,4.8667,1.2195
43.399,40.965,8.4781,5,50.053,100.75,89.119,1,13,0.0010579,0.0074528,0.0097889,1.1582,1.0942
17.366,27.244,132.42,5,50.409,102.85,85.105,0,19,0.0081815,0.028498,0.054389,5.679,1.1914
50.125,48.748,187.8,5,50.12,104.45,101.42,0,13,0.0024064,0.044526,0.12689,12.257,1.2682
83.596,28.335,228.43,5,50.108,102.26,90.177,1,20,0.0021589,0.022581,0.0019667,2.2695,1.2634
48.242,17.474,191.83,5,50.007,101.23,91.037,1,19,0.00013638,0.012287,0.011522,1.6088,1.1509
50.606,22.353,243.43,5,50.06,102.98,88.364,1,22,0.0011995,0.029825,0.018178,3.4001,1.4166
86.679,40.328,-79.988,5,49.888,102.01,89.329,1,21,0.0022306,0.020067,0.0074556,2.122,1.4991
14.685,30.265,202.24,5,50.129,102.11,88.35,1,28,0.0025795,0.021063,0.018333,2.6816,1.791
41.987,30.509,87.499,5,49.907,102.44,90.304,1,15,0.0018622,0.024441,0.0033778,2.4606,1.0722
43.56,35.26,262.5,5,49.912,101.61,90.801,1,36,0.0017651,0.016069,0.0089,1.8004,2.7667
57.193,35.673,142.65,5,49.883,100.91,89.906,1,14,0.0023436,0.0090994,0.0010444,0.92229,1.0814
26.09,14.299,180.46,5,11.594,-0.29277,-84.892,0,5,0.76813,1.0029,1.9432,205.23,0.28098
69.208,49.486,7.2436,5,100.8,49.169,-73.313,0,8,1.016,0.50831,1.8146,178.43,0.74015
65.489,44.56,107.32,5,50.073,103.89,87.231,1,13,0.0014517,0.038885,0.030767,4.7754,1.1292
53.459,14.597,73.493,5,49.866,104.31,91.386,1,18,0.0026736,0.043102,0.0154,4.5294,1.053
65.93,38.004,14.796,5,50.195,104.5,80.288,0,16,0.0038993,0.045043,0.10791,10.706,1.2498
61.239,43.309,85.288,5,50.084,100.21,90.355,1,12,0.0016885,0.0020597,0.0039444,0.42093,1.0382
88.207,41.891,152.44,5,50.11,103.91,90.972,1,17,0.0022075,0.039133,0.0108,4.0305,1.2222
64.4,22.692,-73.659,5,84.624,-0.10079,257.12,0,7,0.69247,1.001,1.8569,197.86,0.44508
32.188,42.73,70.395,5,50.35,104.72,87.806,1,14,0.0070072,0.047176,0.024378,5.2168,1.1671
27.739,16.686,179.72,5,13.526,-2.4502,-51.941,0,7,0.72947,1.0245,1.5771,178.81,0.40586
18.72,45.85,259.63,5,49.865,102.51,90.537,1,20,0.002707,0.025094,0.0059667,2.5703,1.5991
81.184,12.75,33.87,5,50.088,101.12,87.919,1,22,0.0017611,0.011156,0.023122,2.3649,1.1872
28.685,31.229,36.581,5,50.031,103.41,88.215,1,17,0.00061677,0.034145,0.019833,3.8491,1.1806
15.678,40.436,116.61,5,49.691,100.57,106.23,0,16,0.0061704,0.00566,0.18033,16.243,1.1637
46.553,33.462,-87.897,5,49.799,104.65,92.996,1,22,0.0040233,0.046472,0.033289,5.5352,1.651
30.917,10.937,-13.503,5,50.138,104.73,89.013,1,21,0.0027569,0.047337,0.010967,4.8339,1.1528
62.725,18.041,129.59,5,49.94,104.33,89.084,1,19,0.0012076,0.043334,0.010178,4.4262,1.1454
25.495,43.852,154.12,5,49.951,101.46,89.535,1,29,0.00097811,0.01463,0.0051667,1.533,2.3668
52.144,46.883,-78.206,5,49.599,103.92,76.937,0,19,0.0080106,0.03923,0.14514,13.644,1.787
58.206,24.501,-9.666,5,49.994,100.08,92.032,1,18,0.00012514,0.00075118,0.022578,2.0336,1.1851
79.059,9.4973,150.47,5,50.133,104.33,88.586,1,22,0.0026523,0.043323,0.015711,4.557,1.1572
70.668,16.317,30.656,5,49.933,101.36,92.109,1,20,0.001348,0.013583,0.023433,2.5104,1.1601
49.837,16.848,263.94,5,49.992,101.06,89.984,1,25,0.00015514,0.010616,0.00017778,1.0602,1.5033
24.662,33.517,-3.9189,5,49.886,103.7,92.605,1,17,0.0022898,0.03697,0.028944,4.5265,1.1947
22.886,7.5042,259.84,5,25.788,-1.8338,-60.656,0,2,0.48425,1.0183,1.674,183.45,0.10375
30.516,33.716,106.72,5,50.118,100.84,97.209,0,15,0.0023596,0.0083667,0.0801,7.2587,1.0856
81.129,28.638,151.47,5,50.064,101.58,91.445,1,18,0.0012853,0.015772,0.016056,2.1421,1.156
7.8888,19.965,-44.463,5,50.025,101.53,91.338,1,23,0.00049776,0.015321,0.014867,2.0327,1.2716
62.459,16.162,-9.9604,5,50.096,103.14,87.589,1,21,0.0019213,0.031361,0.026789,3.96,1.2388
74.025,33.208,146.99,5,50.141,104.59,89.013,1,17,0.00282,0.045904,0.010967,4.697,1.1975
32.367,31.172,266.44,5,49.938,104.74,89.253,1,32,0.0012487,0.04745,0.0083,4.7989,2.2519
9.5214,41.331,246.2,5,50.041,103.23,88.243,1,23,0.0008182,0.032312,0.019522,3.6772,1.6134
19.865,8.7729,94.828,5,50.083,103.13,90.615,1,22,0.001658,0.03134,0.0068333,3.1909,1.1449
39.573,32.043,29.457,5,49.919,101.55,92.146,1,15,0.0016281,0.015524,0.023844,2.6485,1.0909
87.337,14.222,79.505,5,50.025,100.56,88.908,1,21,0.00050182,0.0055714,0.012133,1.2275,1.1224
71.104,26.153,156.2,5,49.958,100.57,89.277,1,17,0.00084505,0.005691,0.0080333,0.92163,1.1067
32.419,15.745,113.41,5,50.114,103.18,90.188,1,19,0.0022887,0.031779,0.0020889,3.1876,1.1038
57.956,19.054,-51.425,5,49.913,101.99,90.216,1,24,0.0017397,0.019853,0.0024,2.0036,1.4754
78.863,38.051,165.82,5,49.905,101.21,90.527,1,16,0.0018997,0.012149,0.0058556,1.3232,1.1706
15.699,12.71,147.37,5,50.116,100.86,88.799,1,23,0.0023112,0.0085902,0.013344,1.4817,1.2262
49.987,47.04,-13.865,5,48.424,101.38,87.622,1,13,0.031525,0.0138,0.026422,3.1691,1.2273
82.854,23.288,-54.536,5,49.897,100.21,89.714,1,26,0.0020514,0.0020543,0.0031778,0.36947,1.5578
19.868,38.629,255.45,5,49.91,104.59,91.896,1,22,0.0017938,0.045883,0.021067,4.967,1.6089
73.196,32.795,126.59,5,50.086,103.37,91.029,1,17,0.0017227,0.033688,0.011433,3.5246,1.1956
46.044,33.085,225.3,5,50.797,102.86,94.058,1,19,0.015949,0.028552,0.045089,5.0281,1.4172
38.557,27.562,20.323,5,49.903,104.99,92.384,1,17,0.0019336,0.04992,0.026489,5.5311,1.159
21.869,27.165,44.942,5,50.072,104.81,88.547,1,19,0.0014409,0.048132,0.016144,5.0252,1.2167
31.586,10.998,128.78,5,49.903,103.28,91.063,1,20,0.0019389,0.032808,0.011811,3.4493,1.1003
44.573,24.289,238.88,5,49.915,101.53,90.734,1,22,0.0017089,0.015264,0.0081556,1.6991,1.4492
78.692,11.124,-52.79,5,75.765,-2.6585,233.41,0,3,0.51531,1.0266,1.5934,178.24,0.16061
58.654,36.941,242.81,5,50.034,101.8,92.23,1,18,0.00068461,0.017956,0.024778,2.866,1.414
40.971,31.012,-64.258,5,50.061,100.89,91.617,1,19,0.0012143,0.0088799,0.017967,1.8468,1.3654
46.935,39.553,221.07,5,51.756,102.22,106.47,0,17,0.035114,0.022164,0.183,16.711,1.4044
31.386,24.066,-55.321,5,49.951,104.25,90.842,1,20,0.00097296,0.042519,0.0093556,4.3329,1.2791
87.098,34.595,259.67,5,49.874,102.33,91.696,1,21,0.0025264,0.0233,0.018844,2.8846,1.3964
72.721,9.107,119.65,5,49.966,102.8,90.373,1,21,0.0006803,0.027987,0.0041444,2.8249,1.1207
76.855,28.371,158.85,5,50.131,102.9,89.335,1,18,0.0026156,0.028995,0.0073889,2.9782,1.1765
86.678,43.705,-40.142,5,49.947,102.63,88.901,1,24,0.0010515,0.026274,0.012211,2.8509,1.786
66.201,48.4,51.297,5,48.929,102.8,73.732,0,12,0.021424,0.027979,0.18076,16.542,1.1094
45.715,10.211,138.77,5,50.077,103.1,90.518,1,19,0.001539,0.031036,0.0057556,3.1439,1.0568
7.839,14.103,144.14,5,50.017,102.8,89.195,1,23,0.00034268,0.028028,0.0089444,2.9135,1.2018
76.157,36.304,176.75,5,49.989,104.19,88.569,1,17,0.00021901,0.041881,0.0159,4.4276,1.2344
12.979,22.715,134.34,5,50.238,100.47,89.145,1,20,0.0047615,0.0046878,0.0095,1.0043,1.1669
42.145,30.764,246.88,5,50.127,104.2,88.735,1,36,0.0025449,0.041993,0.014056,4.3882,2.5832
18.057,23,18.738,5,50.138,104.62,89.313,1,20,0.0027533,0.046192,0.0076333,4.6728,1.1996
71.557,19.438,230.47,5,50.104,104.68,90.275,1,21,0.0020773,0.04675,0.0030556,4.6892,1.259
43.79,19.24,56.549,5,50.025,100.68,88.865,1,17,0.00049947,0.0068303,0.012611,1.3233,1.0494
64.377,21.631,-6.7111,5,49.966,100.06,85.978,1,19,0.00068092,0.00064537,0.044689,4.0226,1.1923
19.826,31.47,-73.589,5,49.892,103.7,89.801,1,21,0.0021666,0.037039,0.0022111,3.7069,1.4023
77.811,29.646,248.85,5,49.999,101.63,88.973,1,20,1.4448e-05,0.016295,0.011411,1.9266,1.3219
54.6,14.11,47.35,5,50.027,102.38,90.237,1,18,0.00054932,0.023818,0.0026333,2.3919,1.0464
92.182,15.393,124.24,5,50.042,104.89,89.446,1,23,0.00083732,0.048879,0.0061556,4.9215,1.2164
71.346,8.398,-20.479,5,87.228,-0.99209,-64.118,0,4,0.74455,1.0099,1.7124,187.98,0.21264
54.606,10.469,-2.1428,5,49.889,100.11,92.241,1,20,0.00221,0.0010527,0.0249,2.2464,1.1155
12.657,43.375,246.28,5,49.999,102.13,90.601,1,22,1.4523e-05,0.02133,0.0066778,2.2132,1.6217
32.81,19.159,261.81,5,18.492,-3.7799,-76.926,0,6,0.63016,1.0378,1.8547,199.07,0.36298
56.575,33.346,-22.579,5,50.053,102.05,77.826,0,17,0.001057,0.020541,0.13527,12.346,1.2691
45.137,10.785,-9.8308,5,49.912,103.33,91.843,1,20,0.0017549,0.03325,0.020478,3.807,1.1192
74.893,49.484,186.12,5,49.791,104.78,93.339,1,14,0.0041712,0.04777,0.0371,5.8345,1.243
41.671,47.299,126.62,5,49.996,100.38,88.798,1,11,7.7933e-05,0.0037974,0.013356,1.2606,1.0308
90.231,16.573,26.286,5,103.27,11.265,-46.736,0,3,1.0655,0.88735,1.5193,171.49,0.16195
60.006,27.706,-78.863,5,79.767,-1.1739,200.64,0,11,0.59534,1.0117,1.2293,152.85,0.7536
28.409,24.259,206.79,5,50.104,100.98,88.088,1,31,0.0020837,0.009802,0.021244,2.151,1.9681
12.938,29.475,137.2,5,50.243,101.06,101.91,0,19,0.0048655,0.010631,0.13233,11.96,1.1924
66.191,44.524,-65.228,5,50.138,104.81,88.551,1,30,0.0027548,0.048142,0.0161,5.0254,2.5956
22.737,27.769,168.03,5,49.958,103.53,88.906,1,31,0.0008442,0.035275,0.012156,3.6959,2.0076
10.255,21.265,155.55,5,-2.5823,15.489,228.91,0,3,1.0516,0.84511,1.5434,170.89,0.17007
59.484,15.163,-19.498,5,49.866,101.17,90.657,1,21,0.0026744,0.011747,0.0073,1.3485,1.23
59.882,32.37,228.3,5,49.953,104.73,88.847,1,18,0.00093178,0.047306,0.012811,4.8687,1.3168
70.102,27.282,92.499,5,49.849,102.3,92.572,1,17,0.0030234,0.022992,0.028578,3.4537,1.1266
7.3075,30.76,194.74,5,49.864,104.98,91.164,1,31,0.0027289,0.049834,0.012933,5.116,1.9055
74.304,23.272,44.043,5,49.875,101.11,92.638,1,18,0.0024916,0.011124,0.029311,2.8647,1.1182
22.151,29.309,-15.888,5,49.946,100.45,90.354,1,18,0.0010789,0.0045197,0.0039333,0.57509,1.1845
71.258,7.3475,112.89,5,50.071,101.36,90.8,1,21,0.0014211,0.013621,0.0088889,1.5794,1.1046
27.737,35.29,-38.194,5,50.127,103.65,89.85,1,17,0.0025332,0.036469,0.0016667,3.6553,1.2421
18.03,16.438,7.0609,5,50.056,100.69,89.171,1,21,0.0011146,0.0069057,0.0092111,1.08,1.1736
88.996,13.839,-59.25,5,79.573,-1.0984,199.97,0,4,0.59145,1.011,1.2219,152.28,0.21147
16.925,15.923,257.27,5,50.133,102.45,89.316,1,26,0.0026531,0.024478,0.0076,2.5472,1.4389
79.496,47.696,219.01,5,49.928,104.84,88.614,1,16,0.0014499,0.04843,0.0154,5.0351,1.3323
35.117,41.777,-55.957,5,50.11,102.19,90.175,1,16,0.0021971,0.021933,0.0019444,2.1997,1.3312
88.412,30.521,109.29,5,49.974,102.85,89.28,1,19,0.00051562,0.028547,0.008,2.9397,1.1966
15.613,32.325,118.29,5,49.793,102.86,95.857,0,18,0.004144,0.028627,0.065078,6.5213,1.1856
53.82,42.904,33.334,5,50.026,100.76,88.237,1,12,0.00052557,0.0076235,0.019589,1.92,1.0485
42.754,24.466,138.71,5,50.039,101.14,91.137,1,16,0.0007725,0.011359,0.012633,1.6106,1.0543
31.946,39.147,64.904,5,50.061,100.49,93.736,1,14,0.0012166,0.0049482,0.041511,3.7685,1.1028
83.565,41.091,99.554,5,49.949,102.69,78.681,0,16,0.0010104,0.026904,0.12577,11.634,1.1799
43.513,44.799,126.22,5,50.004,103.39,91.494,1,12,7.5104e-05,0.033884,0.0166,3.7046,1.0795
54.409,19.167,-20.53,5,50.091,104.76,87.993,1,20,0.0018118,0.047564,0.0223,5.1666,1.2353
31.349,44.811,260.32,5,50.018,102.92,89.532,1,28,0.00036393,0.029237,0.0052,2.9573,2.4032
84.336,9.5857,117.26,5,49.881,100.46,90.027,1,22,0.0023754,0.0046176,0.0003,0.47591,1.1374
77.194,11.817,216.34,5,49.873,104.65,90.978,1,23,0.0025395,0.046474,0.010867,4.7534,1.2462
88.347,26.097,131.35,5,50.002,103.11,89.282,1,20,4.2438e-05,0.031114,0.0079778,3.1918,1.2011
38.093,22.988,189.22,5,49.907,100.52,91.364,1,19,0.0018594,0.0052036,0.015156,1.4627,1.2191
26.619,25.316,-86.845,5,50.008,101.49,88.415,1,22,0.0001684,0.014851,0.017611,2.1754,1.4056
43.863,9.4679,159.21,5,50.071,103.05,88.556,1,20,0.0014239,0.03055,0.016044,3.3753,1.1021
73.515,29.789,-2.7249,5,50.004,100.37,88.497,1,30,8.6503e-05,0.0036779,0.0167,1.5479,2.0258
19.938,35.118,-76.594,5,49.931,101.33,89.185,1,20,0.0013711,0.013276,0.0090556,1.5614,1.3984
53.369,40.299,232.87,5,49.804,100.57,91.165,1,17,0.003924,0.005678,0.012944,1.3117,1.4215
65.632,10.918,175.78,5,50.095,102.2,90.402,1,20,0.0018989,0.022,0.0044667,2.2384,1.1057
16.953,13.777,-25.492,5,50.083,101.25,90.613,1,22,0.0016564,0.012509,0.0068111,1.3947,1.1913
85.502,21.438,244.38,5,50.129,104.47,88.34,1,23,0.0025741,0.044661,0.018444,4.77,1.3339
42.498,44.8,240.92,5,50.113,104.93,89.286,1,34,0.0022548,0.049297,0.0079333,4.9827,3.0517
24.437,32.607,99.392,5,50.085,100.22,91.939,1,16,0.0017034,0.0021639,0.021544,1.9533,1.1099
65.187,39.675,5.3578,5,48.486,104.68,75.59,0,16,0.03028,0.046809,0.16011,15.226,1.286
64.958,24.273,223.58,5,50.116,103.47,89.909,1,19,0.0023184,0.0347,0.0010111,3.4731,1.2307
16.797,44.625,183.16,5,49.881,104.81,90.138,1,27,0.0023869,0.048107,0.0015333,4.8135,2.0909
48.732,35.294,-5.9234,5,50.192,101.88,87.111,1,15,0.0038318,0.018779,0.0321,3.4522,1.1589
76.653,46.681,-34.291,5,49.871,102.28,90.281,1,24,0.0025772,0.022755,0.0031222,2.3009,2.0131
73.539,41.881,-37.386,5,49.971,101.8,89.996,1,26,0.00057633,0.017998,4.4444e-05,1.8002,2.0732
49.529,11.763,218.02,5,50.126,102.54,89.088,1,22,0.0025151,0.02545,0.010133,2.7017,1.2466
50.368,49.489,72.83,5,50.081,104.45,89.173,1,11,0.0016117,0.044509,0.0091889,4.5269,1.0888
65.7,16.935,94.969,5,49.877,104.88,90.774,1,19,0.0024604,0.048816,0.0086,4.9425,1.1238
29.061,17.296,119.93,5,49.902,103.36,89.848,1,19,0.0019601,0.033626,0.0016889,3.3649,1.1135
39.325,12.12,-56.068,5,50.055,100.56,91.056,1,22,0.0011008,0.0056207,0.011733,1.1966,1.2426
77.03,35.779,100.5,5,49.907,101.76,90.93,1,16,0.0018641,0.017597,0.010333,1.9928,1.1481
47.424,41.962,224.89,5,51.076,103.88,114.91,0,17,0.021513,0.038795,0.27678,25.233,1.4631
86.089,18.739,227.42,5,49.968,104.35,89.24,1,23,0.00064749,0.043524,0.0084444,4.416,1.2934
12.013,8.7266,70.623,5,50.1,101.14,89.931,1,23,0.0020072,0.011393,0.00076667,1.1465,1.1632
38.694,19.291,208.94,5,50.08,103.48,93.333,1,22,0.0015913,0.034848,0.037033,4.8193,1.3497
81.974,39.349,121.23,5,50.03,101.56,90.643,1,16,0.00060671,0.015592,0.0071444,1.6876,1.1668
63.342,19.251,212.25,5,49.914,102.08,89.758,1,19,0.0017185,0.020764,0.0026889,2.0958,1.1607
34.966,23.971,28.395,5,49.89,104.95,91.727,1,18,0.0021967,0.049479,0.019189,5.2438,1.1613
12.69,42.962,234.2,5,50.102,101.99,89.461,1,23,0.0020364,0.019948,0.0059889,2.0642,1.6873
71.415,10.886,178.71,5,50.132,103.14,89.277,1,21,0.0026499,0.031431,0.0080333,3.2249,1.1457
69.553,39.931,267.51,5,50.075,103.79,88.615,1,19,0.0015028,0.037947,0.015389,4.0358,1.5038
17.443,48.649,232.51,5,49.929,100.32,88.593,1,21,0.00141,0.0031757,0.015633,1.4447,1.7269
43.854,17.5,79.638,5,50.01,101.33,88.999,1,17,0.00019809,0.013343,0.011122,1.6646,1.0275
78.567,23.388,4.3412,5,50.021,103.33,90.159,1,31,0.00041634,0.033287,0.0017667,3.3339,1.8957
15.689,21.308,223.51,5,50.081,102.47,88.596,1,28,0.0016225,0.02471,0.0156,2.8423,1.6308
80.204,31.101,184.09,5,49.939,101.84,89.552,1,18,0.0012136,0.018423,0.0049778,1.8947,1.1964
40.013,49.406,73.142,5,49.829,100.91,94.707,0,11,0.0034127,0.00913,0.0523,4.7972,1.0665
52.651,37.408,-26.598,5,49.947,100.38,90.61,1,16,0.0010672,0.0037759,0.0067778,0.72063,1.277
17.476,15.149,249.85,5,50.135,104.23,88.683,1,27,0.0026983,0.042335,0.014633,4.4323,1.4856
62.434,37.225,-78.519,5,49.959,102.05,90.927,1,33,0.00082128,0.020472,0.0103,2.2502,2.5783
25.473,12.601,-78.874,5,49.895,101.94,91.775,1,24,0.0020972,0.019446,0.019722,2.6316,1.3219
82.675,39.835,180.78,5,49.917,102.42,87.823,1,17,0.001658,0.024191,0.024189,3.2562,1.2415
62.803,23.817,186.39,5,50.065,104.56,89.71,1,18,0.0013051,0.045552,0.0032222,4.5697,1.165
37.462,43.031,93.082,5,49.973,103.75,89.07,1,13,0.000547,0.0375,0.010333,3.8637,1.1143
40.457,28.913,181.66,5,49.968,100.74,88.954,1,17,0.00064445,0.0074255,0.011622,1.2817,1.1851
69.045,13.684,227.62,5,50.128,101.94,88.673,1,21,0.0025626,0.019409,0.014744,2.3539,1.1879
49.18,21.716,166.3,5,50.129,102.07,88.934,1,17,0.0025791,0.020659,0.011844,2.3319,1.0857
41.01,36.12,-46.272,5,50.03,103.55,88.509,1,17,0.00059654,0.035536,0.016567,3.8505,1.3176
20.798,9.3495,46.402,5,49.874,103.25,90.308,1,22,0.0025248,0.032481,0.0034222,3.267,1.155
62.515,28.834,23.27,5,49.682,100.14,94.252,1,16,0.0063508,0.001437,0.047244,4.2662,1.1071
69.75,18.221,-14.643,5,84.789,-1.7015,220.59,0,8,0.69577,1.017,1.451,169.14,0.47545
89.003,44.401,223.69,5,49.938,103.15,86.475,1,18,0.0012351,0.031495,0.039167,4.7278,1.3252
21.996,36.025,179.38,5,49.868,103.39,91.55,1,28,0.0026389,0.033923,0.017222,3.7299,2.0047
33.743,45.018,227,5,50.079,101.61,90.224,1,29,0.001575,0.016088,0.0024889,1.6274,2.529
9.5289,15.979,152.46,5,-0.12591,14.545,201.01,0,2,1.0025,0.85455,1.2334,148.79,0.10723
53.121,30.821,100.77,5,49.942,100.5,89.162,1,14,0.0011555,0.0050269,0.0093111,0.97755,1.0108
75.44,19.918,26.462,5,82.123,-0.44125,187.8,0,9,0.64245,1.0044,1.0867,143.82,0.53555
78.64,11.452,25.288,5,92.312,-3.8372,261.72,0,5,0.84624,1.0384,1.908,205.09,0.26863
78.342,38.728,31.184,5,49.929,100.78,89.847,1,30,0.0014231,0.0077731,0.0017,0.79803,2.2219
52.059,32.001,265.67,5,50.102,102.74,89.545,1,22,0.0020398,0.027405,0.0050556,2.7794,1.6169
36.569,31.765,16.625,5,50.028,103.38,88.781,1,16,0.00055942,0.033814,0.013544,3.5932,1.1503
79.591,21.226,180.68,5,49.866,101.79,90.537,1,20,0.0026839,0.017875,0.0059667,1.8736,1.1884
38.533,16.312,236.33,5,10.682,-3.219,-65.298,0,9,0.78636,1.0322,1.7255,190.57,0.53273
80.553,46.419,-8.4449,5,50.018,100.67,88.303,1,25,0.00036293,0.0067447,0.018856,1.8246,2.0266
14.681,17.025,167.51,5,5.0568,-1.0545,-67.79,0,5,0.89886,1.0105,1.7532,192.69,0.27723
73.038,33.065,-53.755,5,49.884,103.51,89.918,1,28,0.002319,0.035127,0.00091111,3.5129,1.9777
65.621,7.2021,140.71,5,50.054,102.98,88.154,1,21,0.0010825,0.029774,0.020511,3.5059,1.1158
27.327,47.515,266.69,5,49.964,101.69,89.741,1,27,0.00072443,0.016909,0.0028778,1.7101,2.3613
91.758,12.237,55.458,5,50.031,100.59,88.594,1,22,0.00062315,0.0059021,0.015622,1.5251,1.1318
21.431,7.1182,75.347,5,50.036,101.83,89.863,1,22,0.00072399,0.018319,0.0015222,1.8355,1.132
43.917,16.961,115.05,5,50.041,100.41,91.103,1,17,0.00082144,0.0041072,0.012256,1.1775,1.0209
68.536,43.476,-20.107,5,49.858,102.68,90.807,1,29,0.0028358,0.026762,0.0089667,2.8025,2.4376
25.086,35.082,-11.42,5,49.836,103.61,92.758,1,17,0.0032737,0.036142,0.030644,4.5459,1.2224
70.808,30.31,-46.625,5,49.956,103.44,88.92,1,30,0.00088607,0.034366,0.012,3.6058,2.0624
25.755,13.143,120.88,5,49.898,100.28,91.957,1,20,0.0020324,0.002782,0.021744,1.9796,1.1089
49.776,38.725,224.25,5,50.354,102.81,98.31,0,17,0.0070724,0.028147,0.092333,8.7794,1.3872
18.906,36.455,-36.97,5,50.092,103.11,90.29,1,18,0.0018495,0.031085,0.0032222,3.1248,1.2722
30.758,31.493,171.13,5,50.858,102.6,96.764,0,18,0.017152,0.026025,0.075156,7.2971,1.2648
48.395,16.975,265.16,5,49.908,100.47,91.356,1,25,0.0018369,0.00466,0.015067,1.4381,1.5053
8.0436,31.427,123.56,5,49.923,103.31,86.302,1,19,0.0015372,0.033101,0.041089,4.9636,1.1817
30.562,11.182,30.535,5,49.891,100.46,91.914,1,20,0.0021804,0.0045589,0.021267,1.9715,1.0999
29.507,47.033,144.09,5,53.311,100.41,106.23,0,13,0.066216,0.004102,0.18033,16.569,1.1445
60.99,24.339,155.83,5,50.128,102.69,89.643,1,17,0.0025597,0.026895,0.0039667,2.7166,1.1118
28.395,11.512,20.011,5,49.996,104.92,88.506,1,21,7.3661e-05,0.049213,0.0166,5.1418,1.1527
17.433,43.015,-42.171,5,49.79,103.05,93.554,1,17,0.0042023,0.030466,0.039489,4.688,1.2951
7.8219,7.1483,83.251,5,49.854,103.39,90.948,1,24,0.0029129,0.033894,0.010533,3.5231,1.1767
90.037,9.4659,223.69,5,50.021,104.35,88.413,1,25,0.00042146,0.043453,0.017633,4.6305,1.2627
29.997,37.836,105.06,5,49.877,100.6,88.66,1,14,0.0024537,0.0059838,0.014889,1.4733,1.0719
35.612,38.953,265.32,5,50.081,103.52,90.624,1,32,0.0016221,0.035191,0.0069333,3.5758,2.5511
73.016,27.579,141.08,5,50.035,100.05,88.531,1,17,0.00069346,0.00050363,0.016322,1.4703,1.1186
14.291,10.472,165,5,2.187,-2.4443,264.44,0,4,0.95626,1.0244,1.9382,207.87,0.2075
18.942,25.363,35.426,5,50.033,102.86,90.285,1,19,0.00065144,0.028599,0.0031667,2.8744,1.1752
89.334,49.541,-62.911,5,49.988,101.31,89.298,1,21,0.00024686,0.013083,0.0078,1.4863,1.6412
75.098,33.402,-50.037,5,49.901,101.55,91.531,1,26,0.0019775,0.01552,0.017011,2.1809,1.8266
41.97,47.909,114.44,5,49.902,100.07,92.817,1,11,0.0019517,0.00066976,0.0313,2.8196,1.0435
52.674,25.231,-0.24544,5,50.005,101.57,88.539,1,17,9.4677e-05,0.015715,0.016233,2.1446,1.1361
26.356,33.857,-50.659,5,50.028,103,89.73,1,18,0.00056548,0.030048,0.003,3.0123,1.2813
80.067,22.51,35.649,5,49.961,104.58,89.971,1,20,0.00078657,0.045761,0.00032222,4.5803,1.2031
57.212,30.286,189.16,5,49.941,103.26,89.016,1,16,0.0011743,0.032635,0.010933,3.4058,1.1415
47.447,28.031,-31.972,5,50.15,101.52,87.878,1,18,0.0029973,0.015238,0.023578,2.6145,1.2498
41.889,15.399,156.36,5,49.997,104.55,88.9,1,19,5.0211e-05,0.045482,0.012222,4.6811,1.1178
83.543,26.141,161.16,5,50.011,100.16,88.418,1,19,0.00022752,0.001646,0.017578,1.5901,1.1711
26.493,27.625,130.7,5,50.004,101.18,89.092,1,17,7.2522e-05,0.011841,0.010089,1.4889,1.117
18.821,40.951,93.331,5,50.261,101.11,85.723,1,15,0.005221,0.011121,0.047522,4.4264,1.1232
22.239,17.931,118.73,5,50.11,103.13,87.444,1,20,0.0022047,0.031331,0.0284,4.0425,1.1542
59.664,23.175,55.907,5,49.946,100.45,92.001,1,16,0.0010703,0.0044885,0.022233,2.0517,1.0332
24.978,49.513,117.67,5,50.313,103.64,92.273,1,13,0.0062547,0.036425,0.025256,4.3028,1.1536
54.207,34.67,144.48,5,49.892,100.56,91.451,1,14,0.00215,0.0055566,0.016122,1.5591,1.0693
7.0387,13.804,121.65,5,49.956,104.74,91.716,1,23,0.00088113,0.047443,0.019067,5.0412,1.1941
37.409,35.736,-68.148,5,49.996,101.13,91.448,1,18,8.4459e-05,0.011284,0.016089,1.8367,1.3743
8.7701,26.065,-42.483,5,50.083,103.54,87.804,1,22,0.0016604,0.035419,0.0244,4.1666,1.2994
76.772,19.225,240.28,5,49.967,104.34,91.777,1,22,0.00066168,0.04341,0.019744,4.6898,1.2927
68.419,13.408,210.07,5,49.971,103.63,88.793,1,21,0.00058533,0.036336,0.013411,3.8255,1.1861
32.621,46.565,101.44,5,51.137,100.75,93.724,1,12,0.022737,0.0074682,0.041378,3.9653,1.0678
49.27,7.8091,-2.9228,5,50.091,100.05,89.972,1,20,0.0018141,0.00046273,0.00031111,0.10754,1.0847
65.854,31.029,21.406,5,49.859,104.43,84.73,0,17,0.0028212,0.044268,0.058556,6.886,1.2011
65.518,12.173,127.66,5,49.976,103.03,90.932,1,20,0.0004831,0.030316,0.010356,3.1702,1.1212
32.161,8.2771,-56.412,5,49.873,103.66,91.255,1,23,0.0025382,0.036552,0.013944,3.8713,1.2307
38.926,8.4542,104.5,5,49.993,101,90.094,1,19,0.00013932,0.0099703,0.0010444,1.0044,1.0302
24.738,45.667,-4.5544,5,50.059,101.03,88.962,1,14,0.0011762,0.010265,0.011533,1.4635,1.1683
80.17,9.037,93.535,5,49.991,101.69,89.019,1,22,0.00018483,0.016893,0.0109,1.9541,1.1478
50.772,39.775,227.83,5,51.534,102.51,99.825,0,17,0.030683,0.025148,0.10917,10.256,1.4113
31.588,9.4664,219.8,5,13.997,-4.1138,261.43,0,5,0.72007,1.0411,1.9048,203.77,0.2706
8.1101,47.871,105.09,5,51.518,104.45,93.486,1,16,0.030367,0.044534,0.038733,5.8531,1.1963
17.245,44.711,104.24,5,50.309,102.23,102.59,0,15,0.0061738,0.02234,0.13989,12.79,1.1671
67.246,38.169,120.94,5,50.134,103.46,89.201,1,15,0.0026841,0.034633,0.0088778,3.5536,1.1684
14.187,27.439,171.87,5,50.011,101.15,91.365,1,31,0.00021234,0.01146,0.015167,1.7849,1.9155
39.659,11.845,245.85,5,9.5015,-4.0832,266.04,0,8,0.80997,1.0408,1.956,208.48,0.45066
15.439,7.3858,32.488,5,50.116,101.84,89.695,1,23,0.0023273,0.018399,0.0033889,1.8687,1.1633
22.524,36.745,134.63,5,50.974,101.22,90.708,1,16,0.019471,0.012176,0.0078667,1.7142,1.16
57.188,45.101,23.157,5,49.806,104.17,85.947,1,13,0.0038774,0.041679,0.045033,5.8184,1.174
42.895,21.135,105.26,5,50.059,104.95,90.946,1,17,0.0011746,0.049473,0.010511,5.0399,1.0734
11.012,32.519,81.366,5,50.07,100.57,95.944,0,18,0.001391,0.0056777,0.066044,5.9717,1.1548
17.732,32.202,-23.407,5,49.911,104.4,89.164,1,19,0.0017758,0.043991,0.0092889,4.4796,1.2652
69.472,44.341,227.73,5,49.863,102.4,92.721,1,15,0.0027447,0.023971,0.030233,3.6308,1.2719
84.572,7.2209,68.417,5,49.85,103.4,91.117,1,23,0.0029949,0.033952,0.012411,3.5819,1.1615
75.038,46.689,138.91,5,49.833,104,91.926,1,14,0.0033402,0.040017,0.0214,4.4427,1.1885
8.4171,14.479,185.27,5,1.7273,-1.891,-74.526,0,4,0.96545,1.0189,1.8281,199.45,0.21032
39.067,42.703,257.54,5,50.1,101.64,89.621,1,32,0.0019939,0.016387,0.0042111,1.6862,2.743
73.866,13.823,204.83,5,50.047,101.63,90.096,1,21,0.00094168,0.016338,0.0010667,1.6335,1.1742
39.159,17.024,-21.8,5,49.955,102.34,89.005,1,19,0.00090954,0.023372,0.011056,2.5432,1.1353
46.164,38.747,-58.414,5,49.897,102.94,87.89,1,18,0.0020576,0.029428,0.023444,3.6203,1.4664
91.897,37.954,244.53,5,50.108,104.51,90.208,1,21,0.0021527,0.045083,0.0023111,4.5161,1.4025
42.527,11.6,127.68,5,49.986,104.91,88.659,1,19,0.00027316,0.049119,0.0149,5.0899,1.0708
45.471,35.175,12.742,5,50.094,100.75,90.239,1,14,0.0018817,0.0075049,0.0026556,0.79275,1.0772
7.9554,23.106,75.276,5,49.867,104.96,90.567,1,21,0.0026579,0.049571,0.0063,4.9941,1.1981
26.666,33.932,150.11,5,50.098,100.31,90.352,1,31,0.0019636,0.0031381,0.0039111,0.47917,2.2121
26.975,37.624,96.376,5,49.974,101.77,92.356,1,15,0.00051189,0.017738,0.026178,2.9469,1.128
27.3,47.583,155.92,5,50.143,102.64,89.129,1,29,0.0028643,0.026397,0.0096778,2.7836,2.5385
66.823,48.556,86.038,5,49.445,101.88,90.775,1,12,0.01111,0.018768,0.0086111,2.1079,1.1085
15.978,46.76,133.86,5,51.93,102.82,96.954,0,15,0.038602,0.028226,0.077267,7.7483,1.1871
9.3879,26.671,164.94,5,-2.2397,18.743,239.18,0,3,1.0448,0.81257,1.6576,177.73,0.17895
11.161,15.443,242.75,5,50.099,101.88,88.462,1,28,0.0019718,0.01883,0.017089,2.431,1.5046
72.873,11.29,77.205,5,49.903,100.54,92.215,1,20,0.0019312,0.0054323,0.024611,2.2819,1.0916
48.188,25.196,-75.231,5,49.975,101.21,87.57,1,22,0.00050375,0.012083,0.027,2.7147,1.4701
78.413,19.824,139.82,5,49.872,102.86,90.56,1,20,0.0025667,0.028582,0.0062222,2.9171,1.1756
87.137,29.147,117.47,5,50.104,100.54,88.998,1,19,0.0020814,0.0054499,0.011133,1.143,1.1876
13.736,32.116,159.86,5,49.95,101.03,88.913,1,31,0.0010083,0.010309,0.012078,1.4983,2.0139
43.168,16.972,260.11,5,8.0254,-1.4035,-81.957,0,10,0.83949,1.014,1.9106,203.99,0.60018
75.85,26.205,-30.093,5,49.909,104.11,89.541,1,29,0.0018205,0.041134,0.0051,4.1366,1.8544
75.263,9.4183,-10.899,5,86.503,-4.2661,-88.17,0,4,0.73007,1.0427,1.9797,209.64,0.21268
51.178,36.644,31.056,5,49.947,104.71,90.604,1,14,0.0010582,0.047076,0.0067111,4.7489,1.1047
87.599,31.402,56.614,5,50.009,100.21,87.128,1,18,0.0001864,0.0021187,0.031911,2.8797,1.1505
59.297,34.499,-82.767,5,50.079,103.08,88.113,1,35,0.001579,0.03083,0.020967,3.613,2.6452
64.245,21.173,191.78,5,50.093,100.29,89.967,1,18,0.0018683,0.0029396,0.00036667,0.30633,1.1235
87.363,32.869,78.882,5,49.615,104.2,95.507,0,18,0.0076986,0.041985,0.061189,6.9365,1.1714
92.916,21.197,160.38,5,49.886,103.72,89.819,1,22,0.0022824,0.037211,0.0020111,3.7261,1.2259
31.853,26.161,18.662,5,50.108,101.43,90.89,1,17,0.0021659,0.014296,0.0098889,1.6878,1.1179
42.373,16.254,23.288,5,49.92,101.42,91.879,1,18,0.001606,0.014242,0.020878,2.3566,1.0702
88.125,17.07,-31.128,5,86.976,-0.55338,228.47,0,4,0.73953,1.0055,1.5386,175.08,0.21912
42.718,23.916,130.93,5,50.129,101.8,89.73,1,16,0.0025801,0.018032,0.003,1.8247,1.0467
11.032,28.701,261.7,5,50.134,103.71,88.529,1,24,0.0026888,0.037093,0.016344,3.9932,1.4769
26.926,35.098,199.78,5,49.93,100.02,89.392,1,28,0.0014052,0.00015245,0.0067556,0.61234,2.0325
68.868,12.926,209.55,5,49.869,103.27,91.624,1,21,0.0026122,0.032739,0.018044,3.6534,1.1785
86.604,8.3783,136.39,5,50.039,100.82,88.134,1,23,0.0007895,0.0081595,0.020733,2.0386,1.1656
64.11,8.5749,-82.793,5,80.581,-1.1762,-19.684,0,4,0.61162,1.0118,1.2187,152.32,0.2162
15.738,43.117,60.664,5,49.963,103.73,90.36,1,16,0.00074642,0.037338,0.004,3.7475,1.2047
48.334,32.098,28.732,5,50.008,104.97,90.461,1,15,0.00016805,0.049695,0.0051222,4.9913,1.1042
69.115,8.2469,-31.706,5,87.616,-3.8071,-77.62,0,5,0.75231,1.0381,1.8624,200.72,0.26674
12.902,35.095,221.65,5,49.89,104.55,90.873,1,26,0.0022055,0.045528,0.0097,4.6343,1.7389
81.041,27.333,-81.398,5,49.974,104.92,91.717,1,24,0.00051666,0.049223,0.019078,5.2111,1.5186
75.715,32.958,6.3484,5,50.107,102.68,88.343,1,30,0.0021463,0.02683,0.018411,3.1527,2.089
11.355,28.791,-19.281,5,50.071,103.99,87.833,1,21,0.001416,0.039884,0.024078,4.541,1.296
64.062,22.414,78.327,5,50.049,103.29,90.512,1,17,0.00097668,0.032869,0.0056889,3.33,1.078
13.37,23.019,234.44,5,49.915,103.53,91.117,1,27,0.0016977,0.035276,0.012411,3.7035,1.5835
47.91,43.046,215.24,5,49.888,103.09,104.78,0,16,0.0022459,0.030883,0.16422,15.1,1.4037
13.728,44.101,238.23,5,49.851,100.93,91.126,1,22,0.0029762,0.0093462,0.012511,1.468,1.6507
12.097,28.392,212.75,5,50.034,102.53,89.58,1,28,0.0006718,0.025282,0.0046667,2.5649,1.728
87.474,35.195,128.46,5,49.959,104.68,91.276,1,18,0.00082738,0.046828,0.014178,4.851,1.2022
22.993,40.976,-30.335,5,49.893,103.46,92.486,1,16,0.0021312,0.034601,0.027622,4.2618,1.2325
22.184,37.568,-12.759,5,49.938,100.24,88.236,1,16,0.0012308,0.002412,0.0196,1.7813,1.1705
60.228,22.9,28.369,5,50.161,102.61,87.912,1,17,0.0032193,0.026056,0.0232,3.3463,1.0929
66.427,49.4,165.73,5,50.023,103.76,89.545,1,13,0.00046982,0.037586,0.0050556,3.7875,1.2218
32.621,46.346,151.12,5,53.941,101.56,95.132,0,13,0.07881,0.015625,0.057022,6.656,1.1525
23.487,10.227,196.33,5,14.753,-0.80665,256.61,0,3,0.70495,1.0081,1.8512,197.9,0.16025
14.386,26.208,139.87,5,50.274,103.92,87.524,1,20,0.0054749,0.039224,0.027511,4.6446,1.2205
91.999,45.91,52.548,5,47.63,103.96,76.23,0,16,0.047408,0.039601,0.153,14.523,1.1682
19.085,45.065,28.017,5,50.31,103.16,103.65,0,15,0.0061912,0.03159,0.15167,14.014,1.1898
64.989,19.702,236.45,5,50.112,104.72,89.057,1,21,0.002232,0.047206,0.010478,4.8146,1.2854
51.707,46.423,68.125,5,50.009,101.2,91.134,1,11,0.00017596,0.01196,0.0126,1.6511,1.026
44.219,16.468,177.92,5,50.048,102.57,89.733,1,19,0.00096618,0.025694,0.0029667,2.5843,1.1346
76.518,47.872,145.78,5,49.993,102.41,78.253,0,14,0.00014161,0.024127,0.13052,11.992,1.1969
48.223,8.1284,-54.688,5,49.853,101.92,91.029,1,24,0.002945,0.019208,0.011433,2.1833,1.3059
16.942,14.447,-10.232,5,50.113,102.39,88.894,1,22,0.0022526,0.023944,0.012289,2.6359,1.1993
24.066,36.484,171.93,5,49.889,101.52,91.62,1,29,0.0022263,0.015205,0.018,2.2242,2.1135
45.309,41.348,-33.234,5,49.743,100.64,89.007,1,15,0.0051329,0.0063504,0.011033,1.209,1.2747
11.472,8.0043,137.08,5,50.136,100.28,88.492,1,23,0.0027121,0.0028124,0.016756,1.5398,1.153
62.049,41.052,139.38,5,50.117,104.55,87.37,1,14,0.0023389,0.045528,0.029222,5.2567,1.1634
60.187,8.0653,189.71,5,49.951,100.08,91.644,1,20,0.00098106,0.00076266,0.018267,1.6467,1.0811
42.632,14.961,258.53,5,7.866,-3.5936,-79.771,0,10,0.84268,1.0359,1.8863,203.3,0.58577
56.182,37.25,-25.207,5,48.659,103.73,79.63,0,17,0.026818,0.037286,0.11522,11.102,1.348
7.5787,30.504,242,5,49.955,103.76,91.523,1,26,0.00090277,0.037587,0.016922,4.057,1.5967
21.206,29.843,-45.67,5,50.159,100.38,87.26,1,19,0.0031807,0.0037749,0.030444,2.7708,1.2527
46.155,10.87,229.91,5,50.015,103.06,89.12,1,24,0.00030942,0.030616,0.0097778,3.1841,1.3451
27.571,40.999,159.73,5,49.877,100.94,90.216,1,30,0.0024513,0.0094419,0.0024,0.97231,2.3764
52.856,31.999,195.85,5,50.018,102.2,89.611,1,16,0.00036499,0.021954,0.0043222,2.2342,1.1754
75.206,35.711,173.66,5,50.183,101.11,87.176,1,16,0.0036689,0.011117,0.031378,3.0398,1.1585
23.196,30.4,45.473,5,49.885,104.6,89.447,1,18,0.0023099,0.046014,0.0061444,4.6345,1.2067
60.201,17.144,244.56,5,50.143,102.76,89.17,1,22,0.002855,0.027628,0.0092222,2.8856,1.3177
56.917,40.358,25.462,5,49.998,100.85,79.018,0,13,4.3336e-05,0.0085275,0.12202,11.015,1.0826
71.162,29.806,66.991,5,49.902,100.01,87.267,1,16,0.0019504,7.4812e-05,0.030367,2.7348,1.0912
63.067,46.349,10.879,5,46.325,100.83,89.113,0,13,0.073491,0.0083243,0.0098556,3.8706,1.1771
47.668,11.332,142.32,5,49.973,104.44,89.396,1,19,0.00054394,0.044428,0.0067111,4.481,1.071
78.215,15.673,36.589,5,50.128,104.62,89.799,1,21,0.0025533,0.046207,0.0022333,4.6261,1.1808
66.425,18.96,64.133,5,49.985,102.4,89.839,1,18,0.00030117,0.023991,0.0017889,2.4054,1.0884
59.449,14.248,-24.866,5,50.146,103.09,88.699,1,22,0.0029246,0.03087,0.014456,3.3559,1.2751
14.131,41.997,98.794,5,50.235,103.65,91.006,1,16,0.004698,0.036452,0.011178,3.7934,1.1731
13.504,40.411,-50.729,5,49.924,104.92,90.175,1,19,0.0015207,0.04924,0.0019444,4.9237,1.3595
44.346,8.9937,21.726,5,49.876,100.79,91.585,1,19,0.0024899,0.0078553,0.017611,1.7753,1.0419
21.783,48.758,2.7545,5,49.801,101.56,95.125,0,14,0.0039815,0.015631,0.056944,5.3609,1.1966
47.855,20.199,50.253,5,50.129,103.95,88.546,1,17,0.0025843,0.039505,0.016156,4.2111,1.0648
57.955,34.709,160.83,5,50.086,104.07,90.096,1,15,0.0017243,0.040656,0.0010667,4.072,1.1403
74.657,14.304,181.8,5,49.92,104.42,89.561,1,21,0.0016052,0.044243,0.0048778,4.4425,1.1775
26.257,36.923,221.8,5,50.024,103.65,88.403,1,27,0.00048068,0.036547,0.017744,3.9842,2.003
35.27,18.872,227.32,5,13.55,-1.6501,-60.058,0,8,0.72901,1.0165,1.6673,184.87,0.48512
7.6507,15.786,268.91,5,50.045,100.62,89.518,1,26,0.00090553,0.0061787,0.0053556,0.78661,1.3791
67.291,14.749,-56.431,5,84.66,-4.8119,260.23,0,6,0.69321,1.0481,1.8914,202.89,0.34488
60.01,13.306,202.24,5,49.912,103.58,91.534,1,20,0.0017614,0.035777,0.017044,3.8958,1.1459
91.095,31.507,84.795,5,49.893,103.82,88.484,1,19,0.0021391,0.038187,0.016844,4.1112,1.1894
35.776,28.023,10.957,5,49.889,100.77,90.778,1,16,0.0022279,0.0077093,0.0086444,1.1002,1.0904
86.713,44.965,114.09,5,49.977,102.6,88.626,1,16,0.00045135,0.025964,0.015267,2.9408,1.2092
74.971,34.95,154.51,5,50.123,101.16,87.79,1,16,0.0024686,0.011566,0.024556,2.499,1.1481
59.649,24.632,58.314,5,49.909,102.11,89.535,1,16,0.0018147,0.021097,0.0051667,2.1625,1.0529
22.424,9.959,195.8,5,15.451,-2.2477,265.37,0,3,0.69098,1.0225,1.9486,205.92,0.15929
63.19,42.158,-3.2788,5,47.349,100.81,73.003,0,15,0.053018,0.0080722,0.18886,17.222,1.2642
20.496,17.339,103.17,5,50.006,100.27,91.475,1,20,0.00012247,0.00275,0.016389,1.4995,1.1394
74.218,14.226,124.77,5,50.086,100.09,90.382,1,20,0.0017123,0.00090513,0.0042444,0.40177,1.122
78.266,48.053,172.62,5,50.047,100.51,81.134,0,14,0.00094523,0.005093,0.098511,8.8808,1.1837
69.361,33.763,229.11,5,49.913,101.43,90.62,1,17,0.001747,0.014267,0.0068889,1.561,1.2317
45.131,32.551,258.36,5,49.764,101.11,95.947,0,23,0.004723,0.011127,0.066078,6.0543,1.7006
30.963,27.837,-83.892,5,49.874,103.13,90.278,1,21,0.0025248,0.031318,0.0030889,3.1448,1.4069
69.757,20.754,-34.257,5,81.917,-1.1299,226.06,0,7,0.63833,1.0113,1.5118,172.51,0.42855
88.606,14.792,220.54,5,50.105,104.26,90.171,1,24,0.0021058,0.042582,0.0019,4.2647,1.2828
50.741,7.0573,88.234,5,49.919,102,89.561,1,19,0.0016149,0.019997,0.0048778,2.0492,1.0221
82.803,31.962,267.32,5,50.059,100.22,88.029,1,21,0.0011854,0.0022475,0.0219,1.9841,1.3901
31.567,10.638,48.892,5,49.896,104.84,90.308,1,21,0.0020826,0.048387,0.0034222,4.8509,1.1508
10.823,41.283,25.223,5,50.019,103.09,99.594,0,17,0.00038605,0.03094,0.1066,10.079,1.2042
59.827,32.01,175.79,5,49.97,102.22,89.193,1,15,0.00059798,0.02224,0.0089667,2.3623,1.0918
28.741,31.243,85.96,5,49.783,101.42,93.7,1,16,0.0043326,0.014163,0.041111,3.9691,1.1116
70.21,39.153,259.1,5,50.143,101.46,88.768,1,18,0.0028616,0.014552,0.013689,1.9157,1.4037
69.042,28.547,-2.9828,5,50.009,101.04,89.276,1,32,0.00017754,0.010376,0.0080444,1.2672,2.1637
81.227,38.612,-5.8152,5,50.064,104.99,90.892,1,28,0.0012808,0.049859,0.0099111,5.0695,2.0327
31.214,14.031,223.11,5,15.018,-1.0294,267.32,0,5,0.69964,1.0103,1.9702,207.06,0.2841
71.766,44.719,-25.934,5,49.871,101.24,90.279,1,27,0.0025795,0.012368,0.0031,1.2775,2.2723
69.697,49.467,143.44,5,49.784,102.44,94.036,1,13,0.0043297,0.024423,0.044844,4.7212,1.1985
80.715,41.103,96.706,5,49.548,104.52,94.036,1,16,0.0090493,0.045168,0.044844,6.0765,1.2044
13.636,11.934,-61.795,5,49.983,100.52,88.605,1,24,0.00033885,0.0051688,0.0155,1.4889,1.2595
12.267,12.727,-28.025,5,49.928,104.82,90.661,1,24,0.0014449,0.048205,0.0073444,4.8656,1.2621
73.723,22.458,17.443,5,50.131,104.47,88.598,1,33,0.0026287,0.044664,0.015578,4.6865,2.0348
92.408,26.152,55.012,5,49.865,103.16,92.585,1,20,0.0026942,0.031551,0.028722,4.0849,1.1743
87.727,28.562,16.392,5,100.15,15.955,-82.988,0,4,1.003,0.84045,1.9221,198.75,0.24756
33.823,33.593,189.13,5,51.107,103.62,94.656,0,19,0.022149,0.03622,0.051733,6.0007,1.3899
31.628,32.752,203.34,5,50.106,102.87,88.088,1,31,0.0021163,0.028679,0.021244,3.4502,2.2234
37.673,20.946,-5.6105,5,49.998,102.41,88.497,1,18,3.3597e-05,0.024107,0.0167,2.8403,1.1249
28.107,7.8707,42.156,5,49.87,100.19,90.364,1,21,0.0025946,0.0019188,0.0040444,0.43069,1.1088
15.242,29.947,136.64,5,50.28,104.69,85.71,1,19,0.0055974,0.046877,0.047667,6.3623,1.2148
64.054,39.272,-73.705,5,50.074,104.84,90.322,1,32,0.0014753,0.04845,0.0035778,4.8513,2.5668
59.59,29.977,257.67,5,49.872,103.64,90.268,1,21,0.0025642,0.036385,0.0029778,3.6521,1.4856
24.446,10.534,-55.483,5,50.114,101.17,89.366,1,23,0.0022814,0.011707,0.0070444,1.3356,1.236
26.86,28.812,193.24,5,50.112,103.7,88.712,1,30,0.0022473,0.037043,0.014311,3.9194,2.0039
43.819,17.878,75.755,5,50.134,101.79,88.947,1,17,0.0026823,0.017863,0.0117,2.0811,1.0321
90.289,25.092,196.13,5,49.865,104.13,90.545,1,22,0.0026994,0.041315,0.0060556,4.168,1.2933
44.965,44.419,127.92,5,49.996,103.42,90.33,1,12,7.7787e-05,0.034155,0.0036667,3.4359,1.0751
8.7117,13.973,22.625,5,50.123,101.08,90.036,1,22,0.0024589,0.010771,0.0004,1.0876,1.1528
12.029,42.438,113.1,5,50.539,100.78,98.947,0,16,0.010773,0.0077658,0.099411,8.9971,1.1601
60.546,28.714,244.89,5,50.131,104.43,88.577,1,20,0.002627,0.044301,0.015811,4.6548,1.3877
50.056,41.583,-82.815,5,48.72,102.09,86.629,1,20,0.025607,0.020894,0.037456,4.1678,1.7118
38.454,19.156,-23.352,5,49.895,104.23,91.713,1,19,0.0020998,0.042335,0.019033,4.5649,1.1633
37.494,12.75,-71.444,5,50.092,101.75,89.9,1,23,0.0018386,0.017527,0.0011111,1.7553,1.3047
73.456,25.725,99.955,5,49.859,104.52,90.843,1,18,0.0028182,0.045151,0.0093667,4.6001,1.1555
52.113,7.6185,-68.759,5,49.832,102.01,92.728,1,26,0.0033642,0.020053,0.030311,3.3927,1.4068
53.965,15.142,221.92,5,50.024,101.45,90.755,1,21,0.00047783,0.014478,0.0083889,1.635,1.236
61.964,36.871,83.584,5,49.812,103.08,92.671,1,14,0.003768,0.030841,0.029678,4.0812,1.0894
72.088,30.868,52.329,5,49.884,104.63,83.262,0,17,0.0023213,0.046325,0.074867,8.1762,1.1712
13.71,43.347,63.526,5,50.053,101.96,99.932,0,16,0.0010527,0.01956,0.11036,10.124,1.1891
35.533,44.972,238.17,5,49.893,102.84,92.478,1,30,0.0021486,0.0284,0.027533,3.7706,2.6363
21.286,45.636,-86.804,5,49.869,101.45,90.401,1,18,0.0026175,0.014486,0.0044556,1.5101,1.4639
64.39,11.152,51.628,5,50.091,100.78,89.093,1,19,0.0018164,0.0078281,0.010078,1.1997,1.0555
86.785,34.913,189.51,5,50.139,104.33,89.244,1,19,0.0027796,0.043267,0.0084,4.3977,1.2707
25.515,32.401,233.58,5,50.136,104.45,88.828,1,27,0.0027128,0.044507,0.013022,4.6038,1.8777
15.187,46.7,121.61,5,51.088,102.82,102.24,0,15,0.021757,0.028151,0.136,12.608,1.1781
33.341,20.501,45.399,5,49.993,100.84,89.938,1,18,0.00013651,0.0084242,0.00068889,0.84231,1.108
87.573,18.806,29.158,5,100.91,14.252,-43.267,0,3,1.0182,0.85748,1.4807,166.45,0.16766
23.537,10.448,177.19,5,10.971,-2.0172,262.34,0,4,0.78058,1.0202,1.9149,204.04,0.21418
11.56,10.641,214.84,5,10.337,-3.3536,-69.795,0,3,0.79326,1.0335,1.7755,194.4,0.1542
72.677,12.062,9.7035,5,91.516,-1.0927,263.53,0,6,0.83032,1.0109,1.9281,205.08,0.33034
41.232,35.579,268.77,5,50.116,104.98,88.071,1,36,0.0023151,0.049819,0.021433,5.3418,2.7686
18.8,24.861,8.6305,5,49.974,100.99,88.684,1,19,0.00052312,0.0099028,0.014622,1.647,1.1677
45.572,16.807,-57.558,5,49.92,100.98,90.407,1,22,0.0015981,0.0098149,0.0045222,1.0642,1.3204
15.609,13.846,249.78,5,50.12,102.65,88.941,1,27,0.0024001,0.026514,0.011767,2.8563,1.4553
52.634,18.947,-23.302,5,50.173,104.65,86.867,1,20,0.0034538,0.046504,0.034811,5.6096,1.2331
82.838,39.055,76.669,5,49.305,102.41,91.277,1,16,0.013893,0.024126,0.014189,2.8146,1.1556
22.253,34.86,211.11,5,49.943,102.27,90.009,1,26,0.0011446,0.022682,0.0001,2.2707,1.8361
68.666,22.736,83.367,5,49.831,100.41,91.912,1,17,0.0033769,0.0040744,0.021244,1.9628,1.0694
51.117,45.902,156.89,5,49.946,103.36,88.949,1,12,0.00109,0.033559,0.011678,3.521,1.1089
64.185,8.707,-37.149,5,91.256,-2.3376,-82.584,0,7,0.82512,1.0234,1.9176,204.84,0.37883
22.762,37.918,15.461,5,49.876,102.29,93.345,1,16,0.0024838,0.022923,0.037167,4.0557,1.18
22.59,17.073,146.74,5,49.871,101.77,92.479,1,21,0.0025804,0.017687,0.027544,3.0488,1.2022
61.079,47.871,63.659,5,50.125,103.91,86.883,1,12,0.002508,0.039085,0.034633,5.0019,1.1258
62.259,16.687,71.858,5,49.992,102.45,88.543,1,18,0.00015077,0.024542,0.016189,2.8505,1.0688
44.803,34.099,-61.042,5,49.919,103.47,87.83,1,19,0.0016101,0.034702,0.024111,4.0935,1.4371
31.148,10.431,186.28,5,8.3431,-1.2804,-81.189,0,7,0.83314,1.0128,1.9021,203.22,0.38238
65.221,26.269,172.28,5,49.871,101.39,91.686,1,17,0.0025805,0.013901,0.018733,2.1889,1.129
24.404,30.586,54.709,5,49.882,104.52,91.427,1,18,0.0023586,0.045242,0.015856,4.7414,1.2165
89.347,43.544,66.046,5,50.066,104.92,82.483,0,17,0.0013244,0.049211,0.083522,8.9842,1.2352
50.891,12.746,-89.13,5,49.887,100.19,90.875,1,26,0.002253,0.0018681,0.0097222,0.90249,1.4898
89.381,12.335,-3.9013,5,96.458,-3.8746,255.9,0,4,0.92917,1.0387,1.8433,201.17,0.20811
72.538,14.352,146.37,5,50.138,101.7,88.607,1,20,0.0027558,0.016961,0.015478,2.2022,1.1291
15.917,36.905,-20.459,5,50.014,101.97,91.246,1,18,0.00027326,0.019742,0.013844,2.331,1.255
64.117,27.479,-50.818,5,49.984,100.46,91.139,1,33,0.00032843,0.00456,0.012656,1.2285,2.2333
15.49,45.284,79.696,5,50.253,102.34,90.28,1,15,0.0050514,0.023393,0.0031111,2.3702,1.1594
29.327,49.928,-23.334,5,50.24,100.37,85.452,0,13,0.0048099,0.0037023,0.050533,4.5693,1.1999
81.849,21.573,-21.04,5,50.012,100.04,89,1,29,0.00024212,0.00042808,0.011111,1.0009,1.713
25.808,46.649,179.9,5,49.999,102.05,89.381,1,27,1.695e-05,0.020507,0.0068778,2.1414,2.3046
67.359,37.635,-71.73,5,49.877,102.14,90.105,1,30,0.0024538,0.021449,0.0011667,2.1461,2.3171
43.888,20.27,92.21,5,50.074,103.98,89.419,1,17,0.0014718,0.039809,0.0064556,4.0229,1.063
23.297,44.827,70.654,5,50.41,104.28,85.976,1,15,0.0081916,0.042782,0.044711,5.8889,1.2236
28.747,45.643,19.115,5,50.076,104.98,91.43,1,14,0.0015288,0.049751,0.015889,5.1818,1.1994
62.581,17.423,160.58,5,50.029,103.76,91.139,1,19,0.00058752,0.037571,0.012656,3.9288,1.1373
61.903,49.121,263.05,5,50.213,102.12,90.385,1,17,0.0042646,0.021209,0.0042778,2.1652,1.6267
83.847,17.129,-23.683,5,85.116,-0.48575,236.32,0,4,0.70232,1.0049,1.6258,180.94,0.22342
28.057,30.769,-32.63,5,50.14,103.68,89.264,1,18,0.0027984,0.036801,0.0081778,3.7555,1.2392
31.476,43.893,244.11,5,49.942,102.67,91.392,1,28,0.0011614,0.026695,0.015467,3.0116,2.3695
48.71,10.189,241.94,5,50.09,104.93,87.853,1,25,0.0017928,0.049256,0.023856,5.378,1.3917
70.228,25.621,143.44,5,50.124,103.73,88.174,1,18,0.0024831,0.037253,0.020289,4.1548,1.1676
27.924,38.959,56.918,5,50.153,102.07,87.354,1,15,0.0030688,0.020744,0.0294,3.363,1.1554
77.948,39.057,64.855,5,49.94,100.11,80.829,0,15,0.0011928,0.0010949,0.1019,9.1719,1.1186
53.875,26.399,114.36,5,49.999,100.4,88.85,1,15,1.3835e-05,0.0039779,0.012778,1.2176,1.0176
8.5747,23.423,-49.781,5,50.109,100.1,88.781,1,22,0.0021799,0.0009854,0.013544,1.2279,1.2634
56.25,30.586,269.38,5,49.909,103.74,92.009,1,22,0.001828,0.0374,0.022322,4.2464,1.5783
28.78,40.268,94.812,5,49.882,101.23,96.095,0,14,0.0023509,0.012268,0.067722,6.219,1.1043
62.819,15.677,13.798,5,50.158,100.26,87.577,1,19,0.003167,0.0025783,0.026922,2.442,1.1138
51.51,23.279,188.37,5,49.903,104.7,92.352,1,18,0.0019415,0.046977,0.026133,5.2565,1.1729
26.451,19.634,97.123,5,49.944,103.53,90.504,1,19,0.0011253,0.035309,0.0056,3.5662,1.1344
32.128,34.655,123.67,5,49.943,102.31,84.285,0,15,0.0011388,0.023109,0.0635,6.1645,1.1071
53.009,36.333,239.24,5,50.252,104.17,90.132,1,19,0.0050321,0.041662,0.0014667,4.1797,1.4905
57.714,45.552,-71.184,5,50.088,101.74,90.113,1,33,0.0017629,0.017449,0.0012556,1.7459,3.0004
26.32,20.704,126.71,5,50.093,104.36,87.893,1,19,0.0018575,0.043576,0.023411,4.8433,1.148
51.655,30.26,8.2388,5,49.867,104.97,91.552,1,16,0.0026626,0.049666,0.017244,5.2084,1.1468
60.963,38.19,-85.371,5,49.956,104.74,91.836,1,34,0.00088256,0.047377,0.0204,5.0833,2.7081
22.66,34.607,-10.173,5,49.934,102.34,89.516,1,17,0.0013264,0.023404,0.0053778,2.3904,1.1992
61.098,45.405,56.666,5,49.914,101.97,90.56,1,12,0.0017279,0.01975,0.0062222,2.0499,1.077
36.279,43.092,173.36,5,53.751,100.65,99.832,0,14,0.075014,0.0065097,0.10924,10.543,1.1958
57.999,23.595,266.24,5,49.95,103.76,89.829,1,23,0.0009904,0.037635,0.0019,3.7642,1.497
36.39,37.642,-4.3476,5,49.916,103.63,89.409,1,15,0.0016846,0.036283,0.0065667,3.6788,1.1751
31.149,41.173,213.74,5,49.867,102.97,90.48,1,29,0.0026528,0.029666,0.0053333,3.0115,2.3473
11.163,16.558,56.802,5,49.868,102.41,90.656,1,22,0.0026343,0.024144,0.0072889,2.5012,1.1952
56.151,24.141,-72.223,5,50.003,101.97,88.502,1,37,5.5952e-05,0.019653,0.016644,2.4749,2.4308
11.626,39.034,163.77,5,-0.16597,31.356,237.95,0,3,1.0033,0.68644,1.6439,170.64,0.20823
49.076,42.39,90.903,5,49.894,102.31,90.936,1,12,0.0021251,0.023051,0.0104,2.4947,1.0413
11.498,17.303,42.282,5,49.87,103.05,91.594,1,22,0.0026085,0.030482,0.017711,3.4439,1.2059
86.475,23.638,86.977,5,49.951,103.11,90.33,1,20,0.00097497,0.031056,0.0036667,3.1278,1.1817
30.278,17.177,170.16,5,50.077,100.62,91.293,1,20,0.0015362,0.0062263,0.014367,1.436,1.1745
85.104,18.743,-4.6055,5,88.767,-1.3804,229.99,0,5,0.77533,1.0138,1.5554,177.14,0.28244
92.446,9.1907,34.285,5,49.879,101.27,91.069,1,24,0.0024285,0.012654,0.011878,1.6644,1.1971
10.135,8.3888,215.01,5,7.2131,-0.92279,265.18,0,2,0.85574,1.0092,1.9464,206.65,0.10009
92.385,20.112,91.485,5,49.935,100.76,91.648,1,21,0.0012948,0.0075537,0.018311,1.816,1.161
72.152,18.627,85.298,5,49.993,103.18,91.091,1,19,0.00014442,0.031791,0.012122,3.362,1.1265
29.706,34.851,68.371,5,49.905,104.34,92.228,1,16,0.0018923,0.043441,0.024756,4.8794,1.1724
17.771,15.522,155.97,5,4.506,-0.10646,-80.2,0,5,0.90988,1.0011,1.8911,202.63,0.27649
20.608,48.277,-13.213,5,49.866,103.76,90.675,1,15,0.0026775,0.037589,0.0075,3.8225,1.2607
15.682,35.077,127.68,5,50.523,101.73,90.874,1,17,0.010466,0.0173,0.0097111,2.0076,1.1575
29.953,14.725,200.08,5,13.642,-4.226,-57.727,0,7,0.72716,1.0423,1.6414,184.41,0.39955
62.478,15.612,168.94,5,49.925,104.21,91.872,1,19,0.0014993,0.042144,0.0208,4.608,1.1136
44.181,38.365,-1.7922,5,49.906,102.82,91.156,1,14,0.0018774,0.0282,0.012844,3.0492,1.1307
59.664,37.422,-75.063,5,49.889,102.5,91.769,1,34,0.002228,0.024996,0.019656,3.0646,2.6848
7.7281,28.184,49.395,5,50.12,103.2,88.415,1,20,0.002398,0.03201,0.017611,3.573,1.2
33.947,42.612,112.65,5,49.891,100.36,86.936,1,13,0.0021767,0.0035926,0.034044,3.087,1.0908
54.983,36.524,-13.593,5,49.576,103.62,93.272,1,16,0.0084776,0.036162,0.036356,4.898,1.2564
21.876,9.1254,127.45,5,50.032,103.19,88.656,1,22,0.00063842,0.031863,0.014933,3.4617,1.1563
62.081,15.791,-26.655,5,50.098,103.47,89.084,1,23,0.0019696,0.034749,0.010178,3.5902,1.3518
91.46,19.637,54.762,5,49.85,101.93,92.117,1,21,0.002992,0.019328,0.023522,2.8686,1.1612
60.023,32.876,222.15,5,49.865,102.35,91.483,1,17,0.0026931,0.023529,0.016478,2.7821,1.2524
71.715,13.816,79.134,5,49.878,104.49,89.861,1,20,0.0024302,0.04493,0.0015444,4.4938,1.1251
34.622,39.225,160.6,5,49.702,102.05,103.8,0,15,0.0059545,0.020457,0.15333,13.955,1.1964
14.615,19.979,188.4,5,12.267,-0.32865,-46.243,0,5,0.75465,1.0033,1.5138,173.35,0.28573
28.353,48.507,29.69,5,50.254,102.1,89.384,1,13,0.0050804,0.020968,0.0068444,2.2032,1.1637
57.775,29.495,238.14,5,50.05,100.92,90.546,1,19,0.0010024,0.0092225,0.0060667,1.071,1.3393
21.773,21.14,217.27,5,50.133,103.03,88.945,1,28,0.0026588,0.030333,0.011722,3.2112,1.6714
71.386,24.817,-88.633,5,73.244,-2.4111,228.85,0,6,0.46487,1.0241,1.5428,174.09,0.3838
68.713,48.812,105.93,5,50.132,101.29,90.331,1,12,0.0026478,0.012912,0.0036778,1.3383,1.1009
55.357,11.679,58.692,5,50.044,100.76,90.047,1,18,0.00087226,0.0076005,0.00052222,0.76272,1.0171
14.679,34.571,46.687,5,49.968,102.53,91.395,1,18,0.00063154,0.02535,0.0155,2.8893,1.2104
47.038,48.019,92.508,5,50.073,102.6,89.635,1,11,0.001467,0.025982,0.0040556,2.6265,1.0564
85.196,41.492,-8.8483,5,50.067,101.88,87.877,1,27,0.0013367,0.018752,0.023589,2.8366,1.9772
91.179,13.877,-34.41,5,92.512,-0.10831,250.24,0,3,0.85024,1.0011,1.7804,193.66,0.15713
43.646,8.0745,-53.606,5,50.138,100.21,88.581,1,23,0.002756,0.0021096,0.015767,1.4411,1.248
75.918,33.883,-68.08,5,49.955,102.92,91.188,1,25,0.00089152,0.029197,0.0132,3.1527,1.7602
59.664,28.04,-10.315,5,49.694,102.39,77.106,0,18,0.006126,0.023853,0.14327,13.117,1.2396
83.433,15.699,-6.9984,5,89.634,-0.85739,252.81,0,4,0.79268,1.0086,1.809,195.58,0.22054
20.188,26.787,220.34,5,50.002,104.05,91.421,1,27,3.4169e-05,0.040548,0.015789,4.2921,1.7078
35.815,33.988,154.94,5,51.083,100.16,95.932,0,15,0.021659,0.0016365,0.065911,6.0322,1.1108
81.478,38.954,235.45,5,50.14,102.19,88.938,1,18,0.0027989,0.021895,0.0118,2.4379,1.3104
61.263,45.63,141.79,5,50.162,103.35,87.72,1,13,0.0032332,0.033499,0.025333,4.0555,1.1706
38.176,28.43,66.664,5,50.014,103.35,89.508,1,16,0.00028762,0.033452,0.0054667,3.386,1.1028
59.578,27.117,104.91,5,50.138,104.01,88.595,1,16,0.0027597,0.040148,0.015611,4.2513,1.0883
62.299,21.189,-9.0215,5,50.229,103.84,85.153,0,20,0.0045825,0.03838,0.053856,6.188,1.2537
57.736,33.639,127.71,5,50.009,103.69,91.358,1,15,0.00017022,0.036942,0.015089,3.932,1.1226
64.344,46.293,58.257,5,49.368,100.97,75.85,0,12,0.012643,0.0096812,0.15722,14.197,1.0793
11.082,11.611,-63.296,5,50.137,103.82,89.033,1,25,0.0027424,0.03821,0.010744,3.9429,1.2943
52.839,20.63,266.06,5,49.953,101.65,91.769,1,24,0.00093744,0.016532,0.019656,2.4195,1.5109
21.714,38.6,-81.687,5,50.108,104.27,90.182,1,20,0.0021655,0.042663,0.0020222,4.2752,1.4792
82.976,14,252.6,5,49.96,100.63,91.534,1,24,0.00080628,0.0062529,0.017044,1.6588,1.3029
16.658,36.25,121.59,5,50.523,102.88,87.24,1,17,0.010467,0.028771,0.030667,4.0231,1.1815
90.704,10.792,266.81,5,49.866,102.44,90.982,1,27,0.0026826,0.024417,0.010911,2.6336,1.3768
40.454,14.344,0.84481,5,49.875,104.14,91.578,1,19,0.0024943,0.041409,0.017533,4.4323,1.1023
52.855,16.144,-51.761,5,50.151,102.82,87.171,1,23,0.0030246,0.02816,0.031433,3.9973,1.3706
13.225,38.159,23.808,5,50.101,103.44,91.017,1,17,0.0020175,0.034354,0.0113,3.5886,1.1814
68.153,26.43,111.42,5,50.048,102.77,90.753,1,17,0.00096294,0.027652,0.0083667,2.8709,1.1217
51.197,45.308,51.183,5,50.123,104.27,88.647,1,12,0.0024651,0.042708,0.015033,4.4809,1.0968
63.805,27.992,-15.6,5,49.855,104.67,78.953,0,20,0.0029042,0.046746,0.12274,11.994,1.3639
60.109,9.3327,242.86,5,49.971,100.59,88.702,1,23,0.00057263,0.0058963,0.014422,1.4261,1.2606
81.608,36.78,-42.201,5,50.133,103.56,88.633,1,25,0.0026625,0.035609,0.015189,3.8158,1.7685
70.615,14.441,232.76,5,49.871,104.02,91.642,1,22,0.0025836,0.040184,0.018244,4.3443,1.2499
58.395,9.5074,161.38,5,49.94,103.31,89.224,1,20,0.0012026,0.033143,0.0086222,3.4003,1.1003
40.145,45.853,-14.45,5,50.024,101.37,88.273,1,13,0.00048424,0.013702,0.019189,2.2045,1.181
56.508,8.153,-15.508,5,50.021,103.34,89.305,1,22,0.00042747,0.033426,0.0077222,3.4116,1.1946
51.34,18.771,99.422,5,50.072,103.63,88.29,1,17,0.0014431,0.036346,0.019,4.0133,1.0463
34.914,29.833,268.53,5,23.898,-1.776,-27.876,0,9,0.52204,1.0178,1.3097,157.91,0.627
90.166,48.067,128.68,5,48.531,100.56,88.216,1,15,0.029385,0.0055651,0.019822,2.3779,1.1424
77.583,32.186,2.5578,5,50.084,101.69,90.575,1,29,0.0016832,0.016859,0.0063889,1.7871,1.9806
11.417,14.735,48.644,5,50.119,102.64,88.748,1,22,0.0023858,0.026444,0.013911,2.9243,1.1754
75.038,35.012,198.55,5,49.956,102.81,91.201,1,17,0.00088967,0.028072,0.013344,3.0562,1.2205
31.787,28.584,65.502,5,49.903,100.15,88.839,1,16,0.0019317,0.0015116,0.0129,1.1747,1.0855
9.4688,8.319,-76.205,5,49.926,104.69,91.868,1,27,0.0014846,0.046943,0.020756,5.0489,1.3468
62.818,29.513,8.3454,5,49.028,102.76,88.784,1,17,0.019449,0.027638,0.013511,3.1688,1.1864
46.695,44.549,269.44,5,49.711,103.17,93.165,1,21,0.0057799,0.031722,0.035167,4.4888,1.8902
54.63,13.579,197.77,5,50.062,103.95,89.532,1,20,0.0012395,0.039526,0.0052,3.9781,1.1555
54.836,36.745,-14.228,5,50.033,103.86,82.354,0,16,0.0006667,0.038575,0.084956,8.5652,1.261
67.707,7.2627,92.648,5,50.065,104.38,90.441,1,21,0.0013091,0.043796,0.0049,4.4026,1.1121
51.728,35.117,-85.334,5,50.055,102.39,94.843,0,22,0.0010993,0.023881,0.053811,5.4009,1.6948
44.247,40.06,182.17,5,50.361,104.13,102.66,0,15,0.0072159,0.041329,0.14067,13.322,1.2455
22.347,10.94,140.66,5,49.963,104.66,91.755,1,22,0.00074959,0.046648,0.0195,4.9797,1.1796
77.001,23.537,6.1031,5,49.875,104.43,90.259,1,32,0.0024961,0.044291,0.0028778,4.4393,1.9731
87.49,47.598,244.64,5,49.984,103.7,87.277,1,18,0.00032988,0.037037,0.030256,4.594,1.3968
64.306,47.63,11.357,5,46.408,101.71,93.294,0,13,0.071845,0.017118,0.0366,5.165,1.1973
42.203,41.005,-35.891,5,49.962,101.53,88.991,1,15,0.00075745,0.015324,0.011211,1.8331,1.2603
53.094,45.872,110.94,5,50.022,100.16,89.308,1,11,0.000449,0.0015981,0.0076889,0.7106,1.0144
55.577,21.569,22.999,5,49.912,101.75,92.329,1,17,0.0017573,0.017473,0.025878,2.9145,1.081
23.391,8.0738,88.878,5,50.084,103.14,88.651,1,22,0.0016761,0.031421,0.014989,3.4185,1.1494
87.782,43.017,-54.464,5,49.858,101.37,90.949,1,23,0.0028453,0.013714,0.010544,1.6726,1.682
47.985,30.558,131.39,5,49.872,104.42,90.366,1,15,0.0025581,0.044231,0.0040667,4.437,1.0796
78.194,46.033,155.47,5,49.926,104.85,88.177,1,15,0.0014861,0.048506,0.020256,5.1818,1.2318
50.515,40.841,139.96,5,49.979,103.75,90.814,1,13,0.00041762,0.037508,0.0090444,3.8374,1.0987
90.738,29.997,-28.217,5,49.913,100.62,91.692,1,28,0.0017438,0.006151,0.0188,1.8041,1.7285
78.839,43.531,-39.251,5,49.864,101.41,90.639,1,23,0.0027289,0.014089,0.0071,1.554,1.8137
16.917,13.863,81.657,5,50.129,101.99,89.734,1,21,0.0025823,0.019947,0.0029556,2.0118,1.1379
64.787,37.804,-54.983,5,50.129,101.45,89.55,1,31,0.0025878,0.014486,0.005,1.5237,2.4245
83.704,45.274,44.293,5,48.365,101.4,85.139,0,15,0.032699,0.01401,0.054011,5.3163,1.1669
24.845,34.487,105.88,5,49.943,103.4,88.952,1,16,0.0011446,0.03403,0.011644,3.5583,1.14
68.246,17.397,266.13,5,49.86,101.85,91.192,1,23,0.0028051,0.01854,0.013244,2.2052,1.3594
73.271,22.619,71.495,5,50.111,100.95,88.945,1,18,0.0022135,0.0094654,0.011722,1.424,1.1138
34.352,12.179,-76.134,5,50.127,104.7,88.678,1,24,0.0025464,0.047042,0.014689,4.884,1.3452
21.769,21.72,203.96,5,49.943,104.06,89.077,1,29,0.0011463,0.040554,0.010256,4.164,1.7425
57.351,40.072,152.96,5,50.113,101.12,90.263,1,13,0.0022647,0.011163,0.0029222,1.156,1.0766
58.284,31.157,236.33,5,50.062,102.95,89.831,1,19,0.0012445,0.029511,0.0018778,2.9555,1.3701
40.248,22.198,165.37,5,49.911,103.69,90.314,1,18,0.0017898,0.036885,0.0034889,3.7044,1.1478
33.721,27.71,-76.306,5,49.99,100.26,88.563,1,20,0.0002046,0.0025787,0.015967,1.4604,1.3495
91.528,21.106,121.7,5,49.889,100.59,89.268,1,21,0.0022108,0.0059385,0.0081333,0.9467,1.1777
77.445,30.091,233.93,5,50.044,104.91,89.084,1,20,0.00087394,0.049114,0.010178,4.9949,1.3315
63.286,19.073,65.875,5,49.935,104.25,89.181,1,18,0.0013091,0.042546,0.0091,4.3287,1.0974
21.848,9.914,134.01,5,49.896,104.69,90.62,1,22,0.0020798,0.046941,0.0068889,4.7319,1.1655
71.722,47.128,178.15,5,49.939,104.41,86.123,1,14,0.0012193,0.044141,0.043078,5.8722,1.2246
48.849,27.878,-54.331,5,49.864,101.1,90.617,1,20,0.0027279,0.011036,0.0068556,1.2685,1.3864
61.444,22.187,-48.906,5,49.962,102.54,91.554,1,36,0.00076737,0.025369,0.017267,2.9779,2.2886
35.736,46.296,-69.76,5,49.982,101.55,88.937,1,16,0.00036246,0.015543,0.011811,1.8796,1.4397
14.23,17.487,17.778,5,50.112,101.38,90.442,1,21,0.0022315,0.013808,0.0049111,1.4534,1.1675
76.035,19.69,-32.827,5,76.112,-0.83561,220.48,0,5,0.52225,1.0084,1.4498,166.96,0.29612
22.19,18.818,250.58,5,49.973,104.41,88.767,1,26,0.00053876,0.044104,0.0137,4.5792,1.5149
34.733,34.877,2.4803,5,49.916,101.03,89.915,1,15,0.0016819,0.010321,0.00094444,1.0369,1.1213
71.114,18.352,-25.814,5,84.636,-0.98391,244.51,0,6,0.69272,1.0098,1.7168,187.81,0.35573
88.834,45.953,-67.673,5,50.135,100.13,89.399,1,21,0.0027094,0.0013253,0.0066778,0.62954,1.5777
85.621,10.045,64.458,5,50.061,104.57,90.166,1,23,0.0012232,0.045725,0.0018444,4.5734,1.1886
21.514,46.119,238.1,5,50.09,101.39,87.649,1,21,0.0017975,0.013884,0.026122,2.7327,1.7228
89.243,8.604,115.09,5,49.991,100.54,88.557,1,23,0.00018657,0.0053674,0.016033,1.5408,1.1562
75.847,41.592,151.65,5,50.016,102.11,89.937,1,15,0.00031927,0.02108,0.0007,2.111,1.1742
49.165,24.528,-29.354,5,50.105,103.22,87.275,1,19,0.002104,0.032242,0.030278,4.2196,1.2587
25.536,7.9281,222.84,5,19.726,-4.909,-89.666,0,3,0.60548,1.0491,1.9963,210.24,0.15745
84.093,34.729,118.77,5,50.123,104.91,87.6,1,18,0.0024685,0.049118,0.026667,5.4666,1.2222
20.036,28.749,123.42,5,50.231,102.59,87.442,1,18,0.0046214,0.025948,0.028422,3.6476,1.1644
83.108,46.076,-62.289,5,50.113,100.85,90.854,1,21,0.0022532,0.0084743,0.0094889,1.2102,1.6594
35.277,22.239,-81.344,5,49.938,101.77,89.447,1,22,0.0012405,0.01771,0.0061444,1.8554,1.3899
50.495,19.601,-4.8165,5,49.966,101.03,90.353,1,18,0.00068528,0.010348,0.0039222,1.0893,1.1194
78.564,21.992,166.44,5,50.122,100.22,88.944,1,19,0.0024386,0.0021945,0.011733,1.0856,1.1436
29.07,37.344,156.39,5,50.503,104.89,101.1,0,17,0.010066,0.048853,0.12333,12.14,1.2867
77.197,31.087,-54.109,5,50.098,102.33,88.751,1,25,0.0019699,0.023334,0.013878,2.6455,1.6872
19.261,8.5476,157.38,5,5.447,-2.5311,256.2,0,4,0.89106,1.0253,1.8467,200.3,0.2073
49.004,45.859,143.34,5,49.899,104.22,92.461,1,12,0.0020255,0.042219,0.027344,4.8862,1.108
81.537,24.02,12.603,5,49.871,103.64,90.791,1,32,0.0025782,0.036383,0.0087889,3.7272,1.9449
92.511,38.118,52.019,5,48.674,104.03,70.423,0,18,0.026511,0.040307,0.21752,20.031,1.1988
31.832,19.514,-89.325,5,49.978,102.43,89.013,1,23,0.00044126,0.024323,0.010967,2.6229,1.3937
20.801,37.279,218.7,5,50.127,104.9,89.678,1,25,0.0025378,0.048982,0.0035778,4.9122,1.8068
37.458,37.523,-30.865,5,50.137,100.78,89.345,1,15,0.0027368,0.0077544,0.0072778,1.0277,1.177
25.343,42.648,-57.975,5,49.906,103.1,89.147,1,17,0.001871,0.031,0.0094778,3.2166,1.3616
71,18.266,193.31,5,49.879,104.62,90.319,1,20,0.0024139,0.046235,0.0035444,4.6326,1.185
15.51,8.1961,-86.638,5,26.813,-0.20528,-12.004,0,3,0.46374,1.0021,1.1334,144.86,0.15295
89.115,33.422,156.81,5,49.96,100.02,91.275,1,18,0.00080283,0.00021506,0.014167,1.2758,1.1655
16.991,21.859,-84.614,5,50.026,100.6,90.577,1,23,0.00052526,0.0060277,0.0064111,0.83283,1.3557
20.892,13.592,21.583,5,49.895,102.17,91.846,1,21,0.0020958,0.021695,0.020511,2.8509,1.1516
32.51,9.359,-58.495,5,50.035,104.08,91.158,1,23,0.000696,0.040802,0.012867,4.2413,1.2458
44.627,12.414,-39.202,5,50.106,100.45,87.483,1,21,0.0021271,0.0045468,0.027967,2.5591,1.1966
60.073,45.33,123.07,5,49.961,104.85,90.863,1,13,0.00078267,0.048463,0.0095889,4.9263,1.1693
22.862,47.084,243.95,5,50.13,101.99,89.638,1,21,0.0026002,0.019892,0.0040222,2.0268,1.7656
44.455,44.78,-67.316,5,48.88,101.54,82.187,0,17,0.022398,0.015412,0.086811,8.0417,1.5316
71.481,37.39,-50.673,5,49.947,104.14,89.071,1,28,0.0010564,0.041389,0.010322,4.2433,2.115
69.856,14.834,8.2158,5,49.942,104.85,90.54,1,22,0.0011536,0.048545,0.006,4.8803,1.2579
66.787,29.574,136.76,5,50.114,104.76,88.96,1,17,0.0022718,0.047598,0.011556,4.8736,1.1741
32.111,11.86,158.56,5,49.877,102.96,90.218,1,21,0.0024503,0.029605,0.0024222,2.9706,1.1675
46.192,27.89,250.51,5,50.148,102.51,88.036,1,23,0.0029563,0.025117,0.021822,3.1905,1.5926
7.6288,46.978,246.84,5,50.108,101.9,90.766,1,22,0.0021611,0.019043,0.0085111,2.0514,1.6207
48.728,19.37,-37.855,5,50.091,100.64,89.227,1,20,0.0018231,0.0063537,0.0085889,1.0077,1.2401
79.886,19.162,180.21,5,50.022,100.67,90.025,1,20,0.00043545,0.0066747,0.00027778,0.67083,1.1603
50.271,44.472,76.016,5,49.959,104.46,90.463,1,12,0.00082877,0.044603,0.0051444,4.4842,1.0805
44.003,43.729,197.35,5,51.092,104.33,110.64,0,15,0.021831,0.043288,0.22933,21.118,1.3253
61.12,35.754,144.5,5,50.052,104.8,90.693,1,15,0.0010494,0.048008,0.0077,4.85,1.1503
31.91,33.019,28.928,5,49.998,102.83,88.475,1,16,3.4973e-05,0.028313,0.016944,3.2147,1.1531
55.9,23.484,46.117,5,50.127,101.29,88.27,1,16,0.0025368,0.012933,0.019222,2.1617,1.0424
51.611,27.396,85.532,5,50.071,102.24,90.579,1,15,0.0014233,0.022408,0.0064333,2.3147,1.0328
43.105,16.417,-71.066,5,49.943,102.25,89.067,1,23,0.0011301,0.022485,0.010367,2.4364,1.3712
67.208,8.7098,162.23,5,50.102,100.27,89.837,1,20,0.0020461,0.002705,0.0018111,0.33147,1.0765
69.319,36.054,244.61,5,49.918,102.12,91.166,1,18,0.0016368,0.021175,0.012956,2.4209,1.3473
66.091,25.201,168.4,5,50.086,101.82,87.76,1,17,0.0017155,0.018177,0.024889,2.8875,1.111
32.328,46.908,267.89,5,50.09,100.54,88.602,1,28,0.0018072,0.0053566,0.015533,1.5014,2.502
55.073,18.275,-8.8707,5,50.135,101.02,89.426,1,19,0.0026954,0.010156,0.0063778,1.1782,1.1602
31.345,37.814,264.22,5,50.022,100.29,89.283,1,29,0.00043224,0.0029073,0.0079667,0.77374,2.2334
17.686,12.815,239.72,5,22.445,-0.41942,-45.264,0,3,0.5511,1.0042,1.5029,170.7,0.16132
26.265,36.594,144.49,5,50.436,102.86,103.05,0,16,0.0087298,0.028575,0.145,13.367,1.1816
80.747,34.072,-32.985,5,50.041,101.48,89.822,1,26,0.00082071,0.01483,0.0019778,1.4912,1.7871
43.591,25.141,46.871,5,49.867,100.83,91.301,1,16,0.0026594,0.0082566,0.014456,1.5489,1.0648
43.23,14.774,9.1944,5,50.012,104.49,90.159,1,19,0.00023145,0.044902,0.0017667,4.4928,1.1112
56.093,46.971,-46.122,5,47.35,100.39,80.825,0,16,0.053004,0.003851,0.10194,9.558,1.4988
17.325,25.599,194.52,5,50.114,104.47,88.19,1,30,0.0022776,0.044699,0.020111,4.8239,1.8459
79.249,22.717,251.94,5,50.118,101.66,90.052,1,22,0.0023564,0.016564,0.00057778,1.665,1.3312
46.241,22.167,156.96,5,50.116,102.73,89.505,1,17,0.0023152,0.02731,0.0055,2.7769,1.0908
59.741,47.47,200.63,5,50.089,103.35,91.113,1,13,0.0017855,0.033474,0.012367,3.5312,1.2167
90.13,18.988,135.4,5,49.954,104.25,91.272,1,22,0.00091481,0.042533,0.014133,4.4365,1.2167
9.2905,16.716,257.57,5,49.873,102.79,90.301,1,27,0.0025387,0.027888,0.0033444,2.8091,1.4563
81.581,47.116,70.854,5,50.268,104.83,86.052,1,15,0.0053623,0.048272,0.043867,6.244,1.2176
51.878,49.525,-40.3,5,47.073,104.04,87.955,0,15,0.058537,0.040354,0.022722,5.3917,1.4849
37.553,25.265,79.346,5,49.86,101.63,90.723,1,16,0.0028061,0.016348,0.0080333,1.7886,1.0559
40.557,16.551,62.755,5,49.983,102.31,91.379,1,18,0.00033984,0.023059,0.015322,2.6904,1.0717
23.035,45.8,140.67,5,51.386,100.18,116.68,0,14,0.027715,0.0017798,0.29644,26.717,1.1563
70.91,22.6,4.4199,5,49.974,103.98,88.768,1,34,0.00052773,0.039806,0.013689,4.1664,2.1204
8.1119,25.964,-65.376,5,49.936,101.48,89.401,1,23,0.0012803,0.014832,0.0066556,1.5979,1.3519
12.068,32.359,223.14,5,50.051,102.23,89.979,1,26,0.0010218,0.022316,0.00023333,2.2307,1.6763
57.55,16.505,12.812,5,49.968,104,88.726,1,19,0.00063792,0.040013,0.014156,4.1981,1.1332
13.033,47.896,-22.292,5,50.119,101.72,96.758,0,16,0.0023801,0.01724,0.075089,6.9745,1.2522
16.38,43.663,-16.5,5,49.978,104.53,92.46,1,17,0.00044486,0.045262,0.027333,5.1549,1.2956
32.542,17.631,254.98,5,16.911,-0.17233,260.12,0,5,0.66178,1.0017,1.8902,200.18,0.29692
7.1842,15.029,-87.922,5,49.862,100.42,91.435,1,26,0.0027556,0.0041669,0.015944,1.5016,1.3663
30.001,17.179,9.393,5,49.937,101.9,91.49,1,19,0.0012603,0.019031,0.016556,2.4154,1.115
77.952,27.829,178.43,5,49.898,100.55,90.523,1,18,0.0020329,0.0055131,0.0058111,0.76579,1.1629
28.744,39.2,190.05,5,49.941,104.72,91.912,1,30,0.0011775,0.047219,0.021244,5.0929,2.3289
79.367,13.682,9.4775,5,90.215,-0.32218,-89.794,0,4,0.80431,1.0032,1.9977,209.78,0.21935
20.113,18.579,238.87,5,50.113,103.4,88.929,1,27,0.0022678,0.03396,0.0119,3.5665,1.5565
79.492,41.094,-50.3,5,50.114,102.11,90.041,1,23,0.00229,0.021062,0.00045556,2.1135,1.7457
22.066,49.739,90.489,5,49.984,104.75,98.946,0,14,0.00031939,0.047514,0.0994,10.129,1.2174
71.119,31.945,93.107,5,50.082,101.98,88.11,1,16,0.0016352,0.019836,0.021,2.7385,1.1227
59.989,48.3,261.95,5,50.072,100.64,90.476,1,17,0.0014321,0.0063775,0.0052889,0.80085,1.6142
56.655,40.328,262.45,5,49.959,100.18,84.46,0,19,0.00081447,0.0018212,0.061556,5.5431,1.5822
60.334,48.792,241.65,5,50.152,100.18,102.66,0,15,0.0030403,0.0017964,0.14067,12.662,1.4357
20.445,44.203,247.75,5,50.037,104.47,88.758,1,21,0.00073715,0.04472,0.0138,4.6395,1.6629
27.728,27.346,261.47,5,33.731,-0.42617,-13.988,0,7,0.32539,1.0043,1.1554,145.48,0.46058
77.161,33.237,-7.9713,5,50.104,100.6,89.943,1,28,0.0020839,0.0060247,0.00063333,0.61161,1.9424
52.306,33.492,-50.791,5,49.89,101.91,79.228,0,19,0.0021982,0.019136,0.11969,10.941,1.4275
36.914,37.53,61.883,5,49.863,101.11,90.872,1,14,0.0027339,0.011148,0.0096889,1.4182,1.0967
16.164,23.094,176.89,5,49.952,103.92,91.696,1,32,0.00095569,0.03923,0.018844,4.2714,1.9043
17.631,36.12,186.58,5,50.048,103.96,90.96,1,28,0.00095205,0.039555,0.010667,4.075,1.955
