38.1,36.26,9.2201,5,-0.21318,29.912,164.21,0,25,1.0043,0.70088,0.82456,113.76,1.9278
41.335,13.156,30.91,5,-1.5637,50.87,164.22,0,15,1.0313,0.4913,0.82467,102.86,0.85935
19.148,8.2432,-6.5796,5,35.748,-1.6424,-52.863,0,4,0.28504,1.0164,1.5874,175.91,0.2066
30.648,20.047,231.74,5,-3.0185,19.709,166,0,7,1.0604,0.80291,0.84444,122.61,0.42547
48.547,37.388,133.75,5,-3.5641,54.559,164.29,0,11,1.0713,0.45441,0.82544,102.24,0.87819
90.623,46.089,112.18,5,-3.872,77.314,164.31,0,20,1.0774,0.22686,0.82567,94.545,1.4814
92.388,44.538,248.41,5,-2.6477,62.519,164.27,0,20,1.053,0.37481,0.82522,98.451,1.4326
64.126,47.783,57.215,5,-1.7003,80.921,164.25,0,16,1.034,0.19079,0.825,92.466,1.4789
43.393,15.553,34.595,5,-3.2891,52.518,164.27,0,15,1.0658,0.47482,0.82522,103.01,0.88543
39.579,26.961,26.153,5,-2.1564,66.811,164.24,0,16,1.0431,0.33189,0.82489,96.609,1.0843
49.849,36.019,222.51,5,-3.3628,44.895,164.33,0,11,1.0673,0.55105,0.82589,106.81,0.85963
73.139,14.457,-81.014,5,-4.5188,21.352,164.32,0,17,1.0904,0.78648,0.82578,121.17,0.95918
21.512,14.991,157.2,5,-2.3545,22.413,163.99,0,5,1.0471,0.77587,0.82211,119.31,0.27885
58.649,46.419,156.33,5,-3.6357,64.983,164.3,0,13,1.0727,0.35017,0.82556,98.099,1.1976
59.671,45.21,107.74,5,-0.73552,67.308,164.22,0,13,1.0147,0.32692,0.82467,95.663,1.1683
68.397,20.44,-3.2522,5,77.688,-0.080098,229.11,0,6,0.55377,1.0008,1.5457,173.59,0.36738
63.019,35.898,32.092,5,-2.9246,77.46,164.28,0,19,1.0585,0.2254,0.82533,93.95,1.4524
64.012,26.035,197.43,5,-3.5884,43.478,164.3,0,14,1.0718,0.56522,0.82556,107.64,0.92986
90.998,16.846,190.51,5,-0.39623,42.436,164.21,0,19,1.0079,0.57564,0.82456,106.59,1.0247
31.914,25.409,16.065,5,-4.1393,71.687,164.31,0,20,1.0828,0.28313,0.82567,96.201,1.3029
81.387,23.158,76.815,5,-4.3119,57.047,164.32,0,19,1.0862,0.42953,0.82578,101.58,1.1445
37.417,29.986,213.2,5,-1.5877,35.611,164.59,0,8,1.0318,0.64389,0.82878,111.22,0.56231
42.107,37.416,-1.2634,5,-3.0926,24.667,164.3,0,19,1.0619,0.75333,0.82556,118.38,1.506
38.99,30.464,269.87,5,-0.24779,23.418,165.45,0,9,1.005,0.76582,0.83833,118.67,0.63918
42.574,43.308,254.02,5,-3.8151,42.564,164.67,0,10,1.0763,0.57436,0.82967,108.49,0.87449
64.315,36.387,222.86,5,-3.2203,50.203,164.29,0,14,1.0644,0.49797,0.82544,104.07,1.0735
21.283,24.696,151.65,5,-2.417,32.598,163.73,0,5,1.0483,0.67402,0.81922,112.81,0.3102
80.362,16.289,105.59,5,-4.0871,45.292,164.31,0,18,1.0817,0.54708,0.82567,106.96,1.0107
82.317,49.827,-40.268,5,-0.00034927,51.654,164.2,0,20,1,0.48346,0.82444,101.7,1.6756
70.657,12.454,33.653,5,-1.9505,54.924,164.25,0,20,1.039,0.45076,0.825,101.21,1.1117
86.009,19.484,62.387,5,-1.1805,56.96,164.23,0,20,1.0236,0.4304,0.82478,99.91,1.1338
70.359,14.034,-83.154,5,-2.8046,19.894,164.28,0,16,1.0561,0.80106,0.82533,121.34,0.90555
42.055,13.071,83.066,5,-0.16555,35.201,164.08,0,10,1.0033,0.64799,0.82311,110.47,0.57279
31.45,49.174,224.99,5,-2.5175,50.528,165.57,0,7,1.0503,0.49472,0.83967,104.48,0.64688
38.712,49.597,35.414,5,-3.0573,85.571,164.23,0,14,1.0611,0.14429,0.82478,92.376,1.3552
40.223,34.856,127.53,5,-1.9022,50.024,164.18,0,9,1.038,0.49976,0.82422,103.41,0.68313
70.865,30.027,110.97,5,-4.3165,55.757,164.32,0,16,1.0863,0.44243,0.82578,102.13,1.0956
59.752,28.041,115.91,5,-1.2235,49.312,164.23,0,13,1.0245,0.50688,0.82478,103.46,0.89511
29.581,9.9981,-29.465,5,35.581,-3.0282,-86.657,0,3,0.28838,1.0303,1.9629,205.01,0.16253
48.029,40.615,28.506,5,-2.924,80.806,164.28,0,17,1.0585,0.19194,0.82533,93.203,1.4306
43.909,47.929,198.12,5,-4.6315,58.984,164.36,0,10,1.0926,0.41016,0.82622,100.98,0.95372
74.563,41.406,244.95,5,-1.5748,54.038,164.25,0,16,1.0315,0.45962,0.825,101.42,1.2592
62.08,32.329,93.346,5,-1.7592,57.419,164.25,0,14,1.0352,0.42581,0.825,100.03,1.0183
36.019,33.998,227.59,5,-2.6685,36.521,164.93,0,8,1.0534,0.63479,0.83256,111.44,0.59288
74.198,7.2136,111.39,5,-1.0228,32.91,164.23,0,16,1.0205,0.6709,0.82478,112.31,0.83429
50.862,17.06,-88.051,5,-3.3808,16.3,164.39,0,12,1.0676,0.837,0.82656,124.05,0.72337
54.329,26.577,116.72,5,-1.8227,46.502,164.25,0,12,1.0365,0.53498,0.825,105.17,0.81577
84.001,33.048,-5.7215,5,-1.7716,34.372,164.25,0,25,1.0354,0.65628,0.825,111.81,1.6647
44.821,29.242,-3.7188,5,-4.4481,16.877,164.33,0,19,1.089,0.83123,0.82589,124.09,1.339
71.758,36.494,219.42,5,-0.59374,52.621,164.22,0,15,1.0119,0.47379,0.82467,101.55,1.1172
71.664,12.626,148.02,5,-0.06637,34.449,164.21,0,15,1.0013,0.65551,0.82456,110.95,0.83315
55.133,44.711,192.67,5,-2.8641,59.593,164.28,0,12,1.0573,0.40407,0.82533,99.724,1.0806
25.32,33.28,252.6,5,-1.4649,25.491,171.4,0,6,1.0293,0.74509,0.90444,121.76,0.42171
33.456,30.26,20.719,5,-2.4312,72.493,164.24,0,17,1.0486,0.27507,0.82489,94.959,1.1859
23.368,13.516,-49.11,5,24.137,-0.84408,252.64,0,3,0.51726,1.0084,1.8071,193.11,0.16576
89.146,23.736,265.09,5,-4.2822,37.873,164.32,0,20,1.0856,0.62127,0.82578,111.04,1.1665
77.932,25.572,192.56,5,-3.946,47.977,164.31,0,17,1.0789,0.52023,0.82567,105.54,1.0692
92.204,26.661,155.14,5,-3.5879,55.335,164.3,0,20,1.0718,0.44665,0.82556,101.92,1.1818
34.87,18.767,71.313,5,-4.083,43.569,164,0,10,1.0817,0.56431,0.82222,107.64,0.60511
29.009,32.558,116.32,5,-2.4704,46.761,163.6,0,7,1.0494,0.53239,0.81778,104.9,0.49552
41.948,46.849,-22.648,5,-4.5199,32.237,164.45,0,15,1.0904,0.67763,0.82722,114.49,1.3952
37.218,11.766,-36.579,5,40.027,-2.1183,257.52,0,3,0.19946,1.0212,1.8613,196.44,0.16825
32.712,21.8,142.86,5,-0.36612,33.049,164.04,0,7,1.0073,0.66951,0.82267,111.81,0.43702
35.01,10.728,156.86,5,-3.2804,22.272,164.26,0,8,1.0656,0.77728,0.82511,119.98,0.44188
23.395,21.195,97.771,5,-0.83183,37.098,161.52,0,6,1.0166,0.62902,0.79467,107.96,0.36069
14.611,39.442,169.4,5,-4.7609,44.409,164.85,0,4,1.0952,0.55591,0.83167,108.13,0.28514
13.213,26.714,89.803,5,-4.0628,43.272,155.61,0,5,1.0813,0.56728,0.729,102.2,0.30488
26.908,41.04,227.68,5,-2.1021,40.076,167.24,0,6,1.042,0.59924,0.85822,110.78,0.47378
82.251,9.132,17.325,5,101.38,23.753,63.851,0,5,1.0277,0.76247,0.29054,95.589,0.25928
18.068,16.554,158.73,5,-1.0329,22.474,163.81,0,4,1.0207,0.77526,0.82011,118.59,0.22385
85.77,19.362,-8.6378,5,88.996,-2.3259,214.18,0,6,0.77992,1.0233,1.3798,165.57,0.34007
92.146,40.028,176.61,5,-3.8866,67.865,164.31,0,20,1.0777,0.32135,0.82567,97.254,1.3642
76.817,8.0634,16.22,5,-0.83327,64.343,164.23,0,28,1.0167,0.35657,0.82478,96.776,1.4619
33.398,37.127,96.878,5,-0.91236,55.119,163.7,0,8,1.0182,0.44881,0.81889,100.19,0.61512
40.633,14.968,-14.074,5,50.57,-0.26051,267.85,0,4,0.01141,1.0026,1.9761,204.16,0.23379
80.82,17.894,26.447,5,-3.5614,67.068,164.3,0,24,1.0712,0.32932,0.82556,97.334,1.3683
14.403,33.41,177.71,5,-0.29798,36.341,166.53,0,3,1.006,0.63659,0.85033,111.53,0.19866
32.277,20.514,167.36,5,-1.4268,29.948,164.27,0,7,1.0285,0.70052,0.82522,114.32,0.42978
73.988,7.3883,178.13,5,-2.9246,29.337,164.28,0,16,1.0585,0.70663,0.82533,115.38,0.83623
9.5146,20.047,88.747,5,-2.6923,34.979,147.88,0,4,1.0538,0.65021,0.64311,101.76,0.22317
15.474,37.411,85.418,5,-1.0724,54.469,155.09,0,5,1.0214,0.45531,0.72322,94.436,0.34974
81.482,11.571,226.57,5,-0.28405,29.551,164.21,0,17,1.0057,0.70449,0.82456,114.01,0.90554
71.194,10.785,-48.761,5,67.927,-2.7118,230.04,0,3,0.35855,1.0271,1.556,174.59,0.16358
29.922,49.306,124.6,5,-2.2132,62.45,163.79,0,7,1.0443,0.3755,0.81989,97.884,0.64191
22.215,18.392,201.07,5,-2.4323,21.156,166.46,0,5,1.0486,0.78844,0.84956,121.7,0.29
66.968,44.404,200.02,5,-0.63092,61.675,164.22,0,14,1.0126,0.38325,0.82467,97.678,1.2043
7.1554,41.107,62.048,5,-1.1872,62.595,141.34,0,5,1.0237,0.37405,0.57044,81.579,0.34327
16.129,14.976,46.578,5,-4.5472,45.648,160.93,0,9,1.0909,0.54352,0.78811,104.69,0.49168
46.187,27.271,246.76,5,-0.95234,28.922,164.45,0,10,1.019,0.71078,0.82722,114.85,0.68654
49.164,32.776,28.869,5,-2.3686,72.835,164.26,0,17,1.0474,0.27165,0.82511,94.842,1.2643
68.075,35.14,-36.602,5,-3.2931,33.109,164.29,0,18,1.0659,0.66891,0.82544,113.29,1.3367
64.789,13.174,159.66,5,-2.3278,33.044,164.26,0,14,1.0466,0.66956,0.82511,112.85,0.79476
85.17,23.598,243.7,5,-0.61958,39.677,164.22,0,18,1.0124,0.60323,0.82467,108.21,1.07
23.16,41.704,144.74,5,-0.30486,50.203,163.41,0,5,1.0061,0.49797,0.81567,101.98,0.38954
84.721,32.045,186.72,5,-1.8537,56.427,164.25,0,18,1.0371,0.43573,0.825,100.5,1.1794
73.96,45.933,266.51,5,-0.079458,53.57,164.21,0,16,1.0016,0.4643,0.82456,100.85,1.3528
38.989,15.159,123.54,5,-2.8932,30.767,164.19,0,9,1.0579,0.69233,0.82433,114.43,0.52599
80.48,24.416,-8.4774,5,-2.8739,24.138,164.28,0,24,1.0575,0.75862,0.82533,118.61,1.4724
7.7625,37.311,86.298,5,-3.7671,52.731,146.04,0,4,1.0753,0.47269,0.62267,90.916,0.26458
39.632,29.243,-40.217,5,-0.86289,13.735,164.86,0,12,1.0173,0.86265,0.83178,125.03,0.83902
16.425,27.689,-89.469,5,-1.5628,13.186,189.09,0,5,1.0313,0.86814,1.101,141.47,0.31357
39.971,49.31,82.006,5,-1.9044,71.787,164.09,0,10,1.0381,0.28213,0.82322,94.76,0.96763
14.769,44.047,86.93,5,-2.0416,60.927,155.29,0,5,1.0408,0.39073,0.72544,92.184,0.3781
55.934,45.29,-35.781,5,-4.3821,38.228,164.34,0,16,1.0876,0.61772,0.826,110.9,1.4537
59.799,22.093,223.34,5,-2.9467,34.205,164.29,0,13,1.0589,0.65795,0.82544,112.48,0.82781
92.614,8.642,145.99,5,-3.0441,37.688,164.28,0,20,1.0609,0.62312,0.82533,110.52,0.99198
16.171,38.112,216.12,5,-3.4507,36.735,172.19,0,4,1.069,0.63265,0.91322,116.68,0.28357
35.138,40.183,-79.333,5,-2.0625,29.64,166.23,0,9,1.0412,0.7036,0.847,116.07,0.7301
36.85,43.307,-36.926,5,-1.5327,25.988,165.08,0,12,1.0307,0.74012,0.83422,117.35,1.031
35.731,36.231,53.253,5,-1.8533,65.499,163.99,0,11,1.0371,0.34501,0.82211,96.714,0.84168
40.036,42.968,248.23,5,-2.1086,42.106,164.87,0,9,1.0422,0.57894,0.83189,108.04,0.77726
40.862,37.149,108.22,5,-4.7176,55.784,164.25,0,10,1.0944,0.44216,0.825,102.28,0.78726
46.564,23.391,260.25,5,-3.9515,22.885,164.5,0,11,1.079,0.77115,0.82778,120.03,0.71721
82.496,39.445,164.16,5,-3.8298,64.894,164.3,0,18,1.0766,0.35106,0.82556,98.237,1.3096
76.177,25.771,98.847,5,-2.8673,54.122,164.28,0,17,1.0573,0.45878,0.82533,102.06,1.0799
10.814,8.4042,20.047,5,-2.7338,49.644,163.34,0,14,1.0547,0.50356,0.81489,103.42,0.70263
11.357,11.526,121.95,5,-1.0678,19.718,154.66,0,3,1.0214,0.80282,0.71844,115.04,0.15537
10.871,47.145,208.5,5,-3.9636,46.119,175.42,0,3,1.0793,0.53881,0.94911,114.51,0.22809
7.1534,21.47,139.09,5,-1.6867,26.113,155.4,0,2,1.0337,0.73887,0.72667,111.39,0.11178
42.649,15.554,119.93,5,-3.8909,32.763,164.26,0,10,1.0778,0.67237,0.82511,113.75,0.58987
62.634,49.995,-33.4,5,-2.1015,44.859,164.26,0,17,1.042,0.55141,0.82511,106.16,1.6481
77.313,18.582,-72.131,5,-3.5635,24.83,164.3,0,18,1.0713,0.7517,0.82556,118.49,1.048
19.263,45.158,45.283,5,-1.3685,75.49,161.29,0,9,1.0274,0.2451,0.79211,91.224,0.71578
64,22.261,244.86,5,-2.5548,31.521,164.28,0,14,1.0511,0.68479,0.82533,113.88,0.88619
7.7077,40.085,130.51,5,-0.69488,45.457,151.62,0,2,1.0139,0.54543,0.68467,96.654,0.13636
35.255,20.41,103.93,5,-0.044423,37.235,163.82,0,8,1.0009,0.62765,0.82022,109.06,0.49416
11.779,26.981,161.23,5,-2.5837,31.303,163.81,0,3,1.0517,0.68697,0.82011,113.72,0.182
28.591,26.356,14.272,5,-2.5584,73.888,164.27,0,21,1.0512,0.26112,0.82522,94.659,1.3691
15.538,25.677,170.51,5,-3.8547,30.556,164.92,0,4,1.0771,0.69444,0.83244,115.48,0.24413
87.014,43.773,-4.9487,5,-2.5446,46.095,164.27,0,26,1.0509,0.53905,0.82522,105.75,1.9312
73.724,24.653,-22.589,5,-0.52184,21.871,164.22,0,20,1.0104,0.78129,0.82467,119.02,1.2659
48.638,27.102,4.8626,5,-0.43156,18.929,164.22,0,22,1.0086,0.81071,0.82467,120.93,1.5087
69.376,20.656,-24.462,5,61.815,-0.080656,190.46,0,6,0.2363,1.0008,1.1162,142.3,0.36731
29.259,15.809,255.52,5,-2.1493,8.7851,168.21,0,7,1.043,0.91215,0.869,130.98,0.40365
79.265,33.291,268.38,5,-4.1659,43.531,164.31,0,18,1.0833,0.56469,0.82567,107.91,1.2355
19.77,32.984,129.23,5,-2.848,43.231,162.34,0,5,1.057,0.56769,0.80378,106.06,0.34005
22.772,13.443,233.26,5,-0.99838,9.646,171.34,0,5,1.02,0.90354,0.90378,131.84,0.27552
78.594,9.3065,173.04,5,-3.0405,32.965,164.28,0,17,1.0608,0.67035,0.82533,113.25,0.89385
77.67,13.462,-64.373,5,66.018,-0.089735,194.4,0,4,0.32036,1.0009,1.16,145.51,0.22013
78.277,20.925,25.251,5,-4.3766,70.278,164.32,0,24,1.0875,0.29722,0.82578,96.766,1.4289
84.583,9.3786,85.41,5,-2.5261,42.116,164.27,0,19,1.0505,0.57884,0.82522,107.82,0.97942
43.825,9.3654,77.815,5,-2.2796,33.547,164.19,0,11,1.0456,0.66453,0.82433,112.49,0.60543
8.3807,21.265,67.119,5,-2.0654,41.958,145.1,0,5,1.0413,0.58042,0.61222,95.476,0.28071
36.541,13.002,116.79,5,-0.014209,28.102,163.97,0,8,1.0003,0.71898,0.82189,114.64,0.45438
10.087,20.407,101.94,5,-0.077203,31.081,145.98,0,3,1.0015,0.68919,0.622,101.94,0.16846
48.243,49.755,145.65,5,-4.228,66.098,164.31,0,11,1.0846,0.33902,0.82567,98.041,1.094
78.152,40.315,-37.67,5,-3.0737,41.171,164.28,0,20,1.0615,0.58829,0.82533,108.61,1.5153
67.722,31.988,263.57,5,-1.847,38.486,164.26,0,15,1.0369,0.61514,0.82511,109.48,1.0671
70.574,21.413,-73.76,5,-0.90359,24.802,164.23,0,16,1.0181,0.75198,0.82478,117.29,0.98479
65.061,41.215,159.76,5,-2.0565,61.086,164.26,0,14,1.0411,0.38914,0.82511,98.685,1.1535
91.361,17.757,124.47,5,-3.7353,48.004,164.3,0,20,1.0747,0.51996,0.82556,105.41,1.0863
14.318,25.77,-7.6359,5,26.798,-1.9596,225.66,0,8,0.46405,1.0196,1.5073,171.28,0.48567
13.696,10.801,155.93,5,-0.52377,15.564,162.9,0,3,1.0105,0.84436,0.81,122.46,0.15576
59.106,14.629,71.678,5,-0.9571,42.905,164.23,0,14,1.0191,0.57095,0.82478,106.61,0.81533
34.413,26.265,-0.0086576,5,38.184,-0.066587,182.56,0,10,0.23633,1.0007,1.0284,136.82,0.66344
15.592,39.282,-41.354,5,-4.1659,12.169,177.63,0,9,1.0833,0.87831,0.97367,135.38,0.6448
80.965,21.895,60.051,5,-0.69101,58.364,164.22,0,19,1.0138,0.41636,0.82467,99.054,1.1307
86.173,9.5388,259.82,5,-3.0513,23.425,164.28,0,19,1.061,0.76575,0.82533,119.15,0.9751
60.723,49.145,47.561,5,-0.95522,84.07,164.23,0,16,1.0191,0.1593,0.82478,91.435,1.5393
31.932,8.761,197.3,5,-2.2708,15.228,164.67,0,7,1.0454,0.84772,0.82967,124.48,0.3763
19.727,13.849,-61.118,5,17.688,-0.46187,242.93,0,3,0.64623,1.0046,1.6992,185.81,0.16427
86.475,22.201,130.66,5,-4.0499,50.587,164.31,0,19,1.081,0.49413,0.82567,104.33,1.1056
50.621,29.049,20.527,5,-2.1881,74.12,164.26,0,20,1.0438,0.2588,0.82511,94.382,1.4094
90.839,28.885,37.544,5,-4.3148,76.201,164.32,0,24,1.0863,0.23799,0.82578,95.079,1.4633
76.357,37.203,11.965,5,101.01,41.257,5.7076,0,5,1.0202,0.58743,0.93658,114.71,0.36709
27.462,39.762,180.91,5,-1.7143,46.599,164.61,0,6,1.0343,0.53401,0.829,105.32,0.46644
68.372,13.143,151.98,5,-3.4354,34.743,164.29,0,15,1.0687,0.65257,0.82544,112.4,0.8448
24.218,30.151,197.19,5,-0.39072,33.608,165.94,0,5,1.0078,0.66392,0.84378,112.76,0.33577
27.056,21.23,266.42,5,-2.5086,10.611,170.2,0,7,1.0502,0.89389,0.89111,131.07,0.4266
31.765,13.945,77.502,5,-3.6317,36.655,163.73,0,9,1.0726,0.63345,0.81922,111.02,0.51157
57.891,33.512,-43.959,5,-0.56651,26.721,164.24,0,15,1.0113,0.73279,0.82489,115.92,1.1202
37.7,8.1278,41.09,5,-3.2627,41.961,164.19,0,13,1.0653,0.58039,0.82433,108.21,0.70125
70.982,28.611,255.36,5,-4.3021,38.655,164.32,0,16,1.086,0.61345,0.82578,110.61,1.0751
72.405,12.607,212,5,-0.0032637,29.906,164.2,0,15,1.0001,0.70094,0.82444,113.66,0.83131
70.372,40.032,140.93,5,-1.225,62.187,164.24,0,15,1.0245,0.37813,0.82489,97.803,1.1842
89.971,37.928,195.61,5,-1.4864,63.061,164.24,0,19,1.0297,0.36939,0.82489,97.606,1.2868
47.876,32.965,207.86,5,-0.68162,42.898,164.26,0,10,1.0136,0.57102,0.82511,106.51,0.74551
34.565,45.921,51.371,5,-1.9816,75.673,163.96,0,11,1.0396,0.24327,0.82178,93.616,0.97799
14.515,12.225,153.19,5,-4.4128,18.651,163.3,0,4,1.0883,0.81349,0.81444,122.28,0.21125
62.583,22.501,220.38,5,-0.19766,35.31,164.21,0,13,1.004,0.6469,0.82456,110.51,0.82788
41.753,45.539,-41.597,5,-4.5609,32.407,164.63,0,13,1.0912,0.67593,0.82922,114.52,1.1801
86.868,27.907,25.743,5,-1.2891,78.705,164.24,0,25,1.0258,0.21295,0.82489,92.713,1.5437
52.798,15.39,27.598,5,-2.5007,56.761,164.27,0,18,1.05,0.43239,0.82522,100.71,1.0631
66.291,42.898,70.628,5,-3.4279,73.799,164.29,0,16,1.0686,0.26201,0.82544,95.184,1.3473
7.868,29.226,15.938,5,-3.0304,73,163.77,0,16,1.0606,0.27,0.81967,94.78,0.97128
36.662,26.19,174.56,5,-1.9628,36.545,164.3,0,8,1.0393,0.63455,0.82556,110.67,0.53329
15.905,23.446,-45.113,5,8.8944,-1.3728,209.63,0,6,0.82211,1.0137,1.3292,162.1,0.35798
11.931,9.2857,58.982,5,-0.29172,33.157,150.84,0,6,1.0058,0.66843,0.676,103.43,0.30494
32.503,36.534,-55.457,5,-2.647,19.839,166.59,0,10,1.0529,0.80161,0.851,122.73,0.7595
91.662,14.985,177.53,5,-4.3846,42.767,164.32,0,20,1.0877,0.57233,0.82578,108.43,1.0563
28.092,15.582,120.28,5,-3.6831,29.337,163.69,0,7,1.0737,0.70663,0.81878,115.35,0.40131
7.1,39.571,59.942,5,-0.3705,61.317,139.83,0,5,1.0074,0.38683,0.55367,80.725,0.33734
54.78,36.328,20.437,5,-3.1012,82.596,164.28,0,21,1.062,0.17404,0.82533,92.952,1.6445
44.28,36.391,254.93,5,-2.027,35.647,164.59,0,10,1.0405,0.64353,0.82878,111.41,0.78289
87.055,15.425,-71.932,5,-3.4376,24.88,164.29,0,20,1.0688,0.7512,0.82544,118.4,1.083
92.358,48.51,-16.066,5,-2.2901,52.311,164.26,0,25,1.0458,0.47689,0.82511,102.58,1.8748
85.379,37.757,199.03,5,-1.3275,61.1,164.24,0,18,1.0266,0.389,0.82489,98.282,1.2571
87.259,30.326,188.32,5,-4.1323,56.002,164.31,0,19,1.0826,0.43998,0.82567,101.92,1.2024
13.421,26.589,157.64,5,-0.84674,31.212,163.19,0,3,1.0169,0.68788,0.81322,112.58,0.18288
86.261,21.198,183.94,5,-0.26851,45.799,164.21,0,18,1.0054,0.54201,0.82456,104.75,1.0375
62.768,45.104,-53.425,5,-4.0429,43.103,164.32,0,16,1.0809,0.56897,0.82578,108.08,1.4194
78.584,21.382,159.79,5,-2.9011,45.56,164.28,0,17,1.058,0.5444,0.82533,106.21,1.0161
75.658,15.205,150.19,5,-0.90251,38.35,164.23,0,16,1.0181,0.6165,0.82478,109.1,0.90302
34.23,34.763,94.107,5,-4.5333,54.48,164.01,0,9,1.0907,0.4552,0.82233,102.58,0.67048
22.309,40.946,40.162,5,-0.38941,73.044,162.55,0,10,1.0078,0.26956,0.80611,92.354,0.7666
81.369,9.7058,166.96,5,-0.17997,33.675,164.21,0,17,1.0036,0.66325,0.82456,111.46,0.88923
84.675,23.658,96.238,5,-3.7519,55.066,164.3,0,19,1.075,0.44934,0.82556,102.12,1.133
62.04,18.27,170.02,5,-0.41085,36.284,164.21,0,13,1.0082,0.63716,0.82456,110.04,0.78681
62.495,8.1379,144.65,5,-4.3868,28.662,164.32,0,14,1.0877,0.71338,0.82578,116.49,0.75506
72.552,38.122,266.62,5,-1.4702,45.633,164.24,0,16,1.0294,0.54367,0.82489,105.43,1.2147
42.955,9.3312,206.6,5,-0.83415,17.801,164.33,0,9,1.0167,0.82199,0.82589,121.93,0.49482
29.724,9.35,12.845,5,-3.4252,60.267,164.29,0,24,1.0685,0.39733,0.82544,99.76,1.2919
47.425,17.211,30.766,5,-1.1074,55.765,164.22,0,16,1.0221,0.44235,0.82467,100.39,0.96585
43.798,11.117,197.73,5,-4.7401,22.215,164.37,0,10,1.0948,0.77785,0.82633,120.74,0.56117
36.339,38.045,-30.052,5,-3.1558,20.089,164.87,0,13,1.0631,0.79911,0.83189,121.72,1.0245
75.498,43.267,18.079,5,-0.6639,96.506,164.22,0,26,1.0133,0.034945,0.82467,89.931,2.09
72.261,40.583,-16.762,5,-3.504,38.451,164.3,0,21,1.0701,0.61549,0.82556,110.32,1.6548
71.7,42.855,130,5,-4.4073,67.033,164.32,0,16,1.0881,0.32967,0.82578,97.829,1.3088
63.986,45.031,75.42,5,-1.8804,73.913,164.25,0,15,1.0376,0.26087,0.825,94.261,1.3223
81.516,25.985,70.412,5,-2.8761,60.82,164.28,0,19,1.0575,0.3918,0.82533,99.239,1.1809
16.958,36.621,70.778,5,-0.4832,57.889,156.46,0,6,1.0097,0.42111,0.73844,93.482,0.41973
31.893,49.6,195.08,5,-2.2844,56.362,164.63,0,7,1.0457,0.43638,0.82922,101.03,0.65355
72.609,21.693,38.515,5,-3.7885,63.277,164.3,0,20,1.0758,0.36723,0.82556,98.804,1.2269
48.852,33.824,84.404,5,-3.62,57.979,164.28,0,12,1.0724,0.42021,0.82533,100.79,0.90653
30.12,30.813,-6.8438,5,-3.8442,11.527,164.57,0,16,1.0769,0.88473,0.82856,127.62,1.1113
32.714,16.911,14.102,5,-2.2175,65.453,164.26,0,22,1.0444,0.34547,0.82511,97.132,1.2961
50.021,19.05,49.241,5,-1.9391,51.626,164.24,0,14,1.0388,0.48374,0.82489,102.71,0.86473
27.428,45.179,143.35,5,-0.81975,55.112,163.82,0,6,1.0164,0.44888,0.82022,100.23,0.50603
48.66,27.251,-46.818,5,-0.26261,16.6,164.38,0,13,1.0053,0.834,0.82644,122.53,0.89333
46.839,36.623,-81.736,5,-1.298,31.977,164.52,0,11,1.026,0.68023,0.828,113.19,0.86674
19.236,11.872,143.68,5,-4.153,20.555,163.3,0,5,1.0831,0.79445,0.81444,120.9,0.26783
52.346,23.122,105.98,5,-2.9688,44.245,164.27,0,12,1.0594,0.55755,0.82522,106.91,0.7801
58.963,30.901,156.77,5,-3.3269,49.449,164.29,0,13,1.0665,0.50551,0.82544,104.49,0.93286
85.372,36.125,-76.544,5,-1.1897,45.355,164.23,0,19,1.0238,0.54645,0.82478,105.44,1.3011
51.009,8.4014,155.54,5,-1.663,24.204,164.25,0,11,1.0333,0.75796,0.825,118.01,0.60041
32.332,47.746,11.655,5,16.696,101.33,163.8,0,27,0.66609,0.013284,0.82,80.978,2.4474
68.401,31.478,58.562,5,-2.8712,65.618,164.28,0,17,1.0574,0.34382,0.82533,97.442,1.198
67.64,13.505,-15.428,5,73.888,-2.6751,248.73,0,4,0.47776,1.0268,1.7637,190.55,0.22656
76.775,12.316,26.867,5,-3.3035,60.016,164.29,0,23,1.0661,0.39984,0.82544,99.795,1.2543
33.752,26.26,-52.555,5,-0.56657,9.1319,166.51,0,10,1.0113,0.90868,0.85011,129.1,0.66217
44.272,26.369,242.07,5,-3.2388,28.977,164.51,0,10,1.0648,0.71023,0.82789,115.89,0.67701
10.538,24.143,-25.121,5,16.735,-1.1997,238.29,0,6,0.6653,1.012,1.6477,182.59,0.35085
43.345,14.871,42.732,5,-4.3414,49.158,164.29,0,14,1.0868,0.50842,0.82544,105.15,0.81978
56.071,8.5901,123.14,5,-0.45451,27.896,164.21,0,12,1.0091,0.72104,0.82456,115.12,0.65494
70.495,31.992,41.107,5,-2.6702,71.797,164.27,0,19,1.0534,0.28203,0.82522,95.318,1.3375
23.79,23.578,40.336,5,-4.1858,56.826,163.44,0,11,1.0837,0.43174,0.816,100.96,0.68076
58.972,16.992,-55.085,5,-3.2816,13.479,164.31,0,15,1.0656,0.86521,0.82567,125.88,0.8983
47.179,10.116,15.134,5,-4.7326,60.899,164.33,0,24,1.0947,0.39101,0.82589,100.25,1.3344
62.79,45.233,269.53,5,-1.1516,48.47,164.24,0,14,1.023,0.5153,0.82489,103.84,1.2447
74.546,33.088,61.619,5,-2.669,67.973,164.27,0,18,1.0534,0.32027,0.82522,96.518,1.2628
16.188,29.796,94.727,5,-2.2813,45.253,157.44,0,5,1.0456,0.54747,0.74933,101.38,0.32083
38.278,10.14,66.35,5,-4.4294,36.786,164.16,0,11,1.0886,0.63214,0.824,111.62,0.60692
39.077,19.317,118.55,5,-2.4818,35.46,164.16,0,9,1.0496,0.6454,0.824,111.44,0.5527
87.89,24.176,262.34,5,-1.0498,37.548,164.23,0,19,1.021,0.62452,0.82478,109.62,1.1208
21.53,49.462,255.78,5,-4.656,40.194,173.19,0,6,1.0931,0.59806,0.92433,116.12,0.51719
42.07,26.792,232.26,5,-1.2172,30.194,164.55,0,9,1.0243,0.69806,0.82833,114.25,0.61111
14.096,16.727,-32.532,5,20.24,-1.0658,261.66,0,4,0.5952,1.0107,1.9073,201.41,0.22055
70.623,8.8436,227.31,5,-1.5708,23.527,164.25,0,15,1.0314,0.76473,0.825,118.41,0.80248
53.561,15.379,94.86,5,-0.61736,37.834,164.21,0,12,1.0123,0.62166,0.82456,109.24,0.70842
81.184,11.797,-88.916,5,-2.5295,22.669,164.27,0,18,1.0506,0.77331,0.82522,119.4,0.96202
14.671,38.859,118.05,5,-2.1553,49.21,158.34,0,4,1.0431,0.5079,0.75933,99.851,0.28323
7.2318,41.813,-18.972,5,-2.759,8.7288,178.5,0,11,1.0552,0.91271,0.98333,137.65,0.76162
54.845,26.965,117.09,5,-1.3367,46.844,164.23,0,12,1.0267,0.53156,0.82478,104.74,0.81972
49.92,12.648,96.837,5,-4.3816,34.997,164.3,0,12,1.0876,0.65003,0.82556,112.71,0.68687
86.464,15.169,-65.507,5,-2.6677,22.943,164.27,0,20,1.0534,0.77057,0.82522,119.28,1.083
17.881,17.184,-36.638,5,21.545,-1.115,252.31,0,4,0.56911,1.0111,1.8034,193.34,0.22516
58.013,48.482,22.253,5,-4.0668,94.428,164.31,0,21,1.0813,0.055718,0.82567,92.067,2.0139
74.759,21.248,216.26,5,-2.4191,39.355,164.27,0,16,1.0484,0.60645,0.82522,109.28,0.96909
16.577,28.474,-87.987,5,-1.069,13.611,189.95,0,5,1.0214,0.86389,1.1106,141.64,0.31666
58.265,8.3375,226.67,5,-4.4064,19.713,164.33,0,13,1.0881,0.80287,0.82589,122.19,0.70626
79.163,37.59,126.16,5,-1.6089,63.463,164.25,0,17,1.0322,0.36537,0.825,97.527,1.2339
78.575,14.951,268.6,5,-0.014421,23.75,164.2,0,17,1.0003,0.7625,0.82444,117.56,0.94737
61.864,24.272,208.64,5,-1.0071,38.896,164.23,0,13,1.0201,0.61104,0.82478,108.84,0.84799
49.231,42.584,-39.747,5,-2.3114,32.39,164.36,0,14,1.0462,0.6761,0.82622,113.3,1.2191
69.219,43.386,-8.0272,5,-3.516,39.53,164.3,0,22,1.0703,0.6047,0.82556,109.73,1.8399
10.592,48.868,78.49,5,-3.7106,67.575,151.28,0,5,1.0742,0.32425,0.68089,87.701,0.38726
79.704,32.312,28.129,5,-2.0065,79.813,164.26,0,23,1.0401,0.20187,0.82511,92.88,1.5558
30.99,34.295,130.94,5,-1.5469,46.702,163.9,0,7,1.0309,0.53298,0.82111,104.69,0.5117
91.619,39.508,89.476,5,-0.82562,73.185,164.23,0,20,1.0165,0.26815,0.82478,93.874,1.3619
15.895,23.709,-68.918,5,-0.97265,3.372,191.24,0,6,1.0195,0.96628,1.1249,148.95,0.35899
51.019,16.786,140.24,5,-1.3142,33.474,164.23,0,11,1.0263,0.66526,0.82478,112.11,0.66089
8.0149,15.944,-75.625,5,-0.42213,-1.0362,218.89,0,4,1.0084,1.0104,1.4321,171.36,0.21286
9.2065,12.088,4.0358,5,42.977,-1.6374,-71.332,0,8,0.14045,1.0164,1.7926,190.81,0.41273
57.128,33.143,54.965,5,-2.6647,65.618,164.27,0,15,1.0533,0.34382,0.82522,97.323,1.1155
55.885,37.135,164.55,5,-1.7174,53.925,164.25,0,12,1.0343,0.46075,0.825,101.54,0.95027
14.88,38.986,-84.738,5,-1.7412,23.033,193.09,0,5,1.0348,0.76967,1.1454,138.67,0.35511
78.972,32.123,134.29,5,-2.0623,57.464,164.26,0,17,1.0412,0.42536,0.82511,100.17,1.1517
43.399,40.965,8.4781,5,-3.8985,36.303,164.31,0,25,1.078,0.63697,0.82567,111.73,2.1043
17.366,27.244,132.42,5,-0.64108,35.709,161.03,0,4,1.0128,0.64291,0.78922,108.37,0.25082
50.125,48.748,187.8,5,-3.0386,62.54,164.29,0,11,1.0608,0.3746,0.82544,98.668,1.0731
83.596,28.335,228.43,5,-2.9168,47.401,164.28,0,18,1.0583,0.52599,0.82533,105.28,1.1371
48.242,17.474,191.83,5,-0.18113,29.453,164.23,0,10,1.0036,0.70547,0.82478,114.04,0.60573
50.606,22.353,243.43,5,-1.6264,26.68,164.33,0,11,1.0325,0.7332,0.82589,116.47,0.70831
86.679,40.328,-79.988,5,-0.48135,50.509,164.22,0,19,1.0096,0.49491,0.82467,102.5,1.3563
14.685,30.265,202.24,5,-0.21877,30.35,172.47,0,3,1.0044,0.6965,0.91633,119.06,0.1919
41.987,30.509,87.499,5,-1.0105,51.959,164.11,0,10,1.0202,0.48041,0.82344,101.99,0.71478
43.56,35.26,262.5,5,-1.7801,32.354,164.69,0,10,1.0356,0.67646,0.82989,113.29,0.76852
57.193,35.673,142.65,5,-0.022214,53.569,164.2,0,12,1.0004,0.46431,0.82444,100.82,0.92695
26.09,14.299,180.46,5,-3.089,21.132,164.66,0,6,1.0618,0.78868,0.82956,120.88,0.33718
69.208,49.486,7.2436,5,-0.25894,49.075,164.21,0,27,1.0052,0.50925,0.82456,103.08,2.498
65.489,44.56,107.32,5,-4.581,69.328,164.32,0,15,1.0916,0.30672,0.82578,97.177,1.3029
53.459,14.597,73.493,5,-1.9251,41.513,164.24,0,13,1.0385,0.58487,0.82489,107.84,0.76048
65.93,38.004,14.796,5,-2.51,94.154,164.27,0,28,1.0502,0.058464,0.82522,91.146,2.1872
61.239,43.309,85.288,5,-1.4765,69.493,164.24,0,14,1.0295,0.30507,0.82489,95.352,1.2112
88.207,41.891,152.44,5,-2.7603,69.233,164.28,0,19,1.0552,0.30767,0.82533,96.165,1.366
64.4,22.692,-73.659,5,-2.0973,24.012,164.27,0,15,1.0419,0.75988,0.82522,118.34,0.95374
32.188,42.73,70.395,5,-1.4089,66.638,163.58,0,9,1.0282,0.33362,0.81756,95.76,0.7503
27.739,16.686,179.72,5,-1.413,23.647,164.57,0,6,1.0283,0.76353,0.82856,118.46,0.34788
18.72,45.85,259.63,5,-1.7161,34.591,181.93,0,5,1.0343,0.65409,1.0214,124.11,0.39978
81.184,12.75,33.87,5,-1.5195,57.865,164.24,0,22,1.0304,0.42135,0.82489,99.706,1.1872
28.685,31.229,36.581,5,-2.3755,65.639,163.87,0,12,1.0475,0.34361,0.82078,96.854,0.83335
15.678,40.436,116.61,5,-1.0431,50.921,158.21,0,4,1.0209,0.49079,0.75789,98.32,0.29093
46.553,33.462,-87.897,5,-2.6857,30.546,164.52,0,11,1.0537,0.69454,0.828,114.69,0.82548
30.917,10.937,-13.503,5,42.639,-3.4772,-82.191,0,4,0.14722,1.0348,1.9132,201.03,0.21958
62.725,18.041,129.59,5,-3.7353,39.504,164.3,0,14,1.0747,0.60496,0.82556,109.85,0.84397
25.495,43.852,154.12,5,-3.0995,52.885,164.08,0,6,1.062,0.47115,0.82311,102.6,0.48969
52.144,46.883,-78.206,5,-0.37141,43.558,164.33,0,12,1.0074,0.56442,0.82589,106.06,1.1287
58.206,24.501,-9.666,5,-0.43521,15.623,164.22,0,19,1.0087,0.84377,0.82467,123.17,1.2509
79.059,9.4973,150.47,5,-2.3033,34.041,164.26,0,17,1.0461,0.65959,0.82511,112.25,0.89423
70.668,16.317,30.656,5,-3.953,60.663,164.31,0,21,1.0791,0.39337,0.82567,99.901,1.2181
49.837,16.848,263.94,5,-0.24535,15.837,164.38,0,11,1.0049,0.84163,0.82644,123.05,0.66144
24.662,33.517,-3.9189,5,-2.454,11.628,164.74,0,16,1.0491,0.88372,0.83044,127.07,1.1244
22.886,7.5042,259.84,5,16.711,-0.19566,222.03,0,2,0.66578,1.002,1.467,169.05,0.10375
30.516,33.716,106.72,5,-0.077744,49.11,163.38,0,7,1.0016,0.5089,0.81533,102.38,0.5066
81.129,28.638,151.47,5,-0.23703,53.179,164.21,0,17,1.0047,0.46821,0.82456,101.11,1.0918
7.8888,19.965,-44.463,5,7.7799,-2.9834,235.91,0,5,0.8444,1.0298,1.6212,183.52,0.27643
62.459,16.162,-9.9604,5,69.824,-2.893,239.16,0,5,0.39648,1.0289,1.6573,182.29,0.29496
74.025,33.208,146.99,5,-2.4911,56.466,164.27,0,16,1.0498,0.43534,0.82522,100.83,1.127
32.367,31.172,266.44,5,-2.3361,22.634,167.02,0,8,1.0467,0.77366,0.85578,121.06,0.56298
9.5214,41.331,246.2,5,-2.6883,33.238,198.63,0,3,1.0538,0.66762,1.207,137.96,0.21044
19.865,8.7729,94.828,5,-3.6233,25.51,160.84,0,6,1.0725,0.7449,0.78711,115.94,0.31225
39.573,32.043,29.457,5,-1.4494,70.133,164.21,0,15,1.029,0.29867,0.82456,95.112,1.0909
87.337,14.222,79.505,5,-3.6615,49.139,164.3,0,20,1.0732,0.50861,0.82556,104.82,1.0689
71.104,26.153,156.2,5,-0.74964,47.625,164.22,0,15,1.015,0.52375,0.82467,104.05,0.97652
32.419,15.745,113.41,5,-3.7269,31.492,163.96,0,8,1.0745,0.68508,0.82178,114.24,0.46474
57.956,19.054,-51.425,5,-3.0916,14.328,164.31,0,15,1.0618,0.85672,0.82567,125.22,0.9221
78.863,38.051,165.82,5,-2.6886,62.012,164.27,0,17,1.0538,0.37988,0.82522,98.667,1.2437
15.699,12.71,147.37,5,-3.0236,19.669,162.72,0,4,1.0605,0.80331,0.808,120.63,0.21325
49.987,47.04,-13.865,5,-1.3653,34.965,164.26,0,17,1.0273,0.65035,0.82511,111.28,1.605
82.854,23.288,-54.536,5,-4.1664,29.113,164.31,0,20,1.0833,0.70887,0.82567,116.11,1.1983
19.868,38.629,255.45,5,-1.3312,28.649,179.55,0,5,1.0266,0.71351,0.995,125.48,0.36566
73.196,32.795,126.59,5,-2.7877,57.224,164.28,0,16,1.0558,0.42776,0.82533,100.67,1.1252
46.044,33.085,225.3,5,-2.3074,39.742,164.37,0,10,1.0461,0.60258,0.82633,109.08,0.74592
38.557,27.562,20.323,5,-2.2878,70.701,164.26,0,18,1.0458,0.29299,0.82511,95.431,1.2272
21.869,27.165,44.942,5,-3.9357,58.587,162.82,0,10,1.0787,0.41413,0.80911,99.634,0.64038
31.586,10.998,128.78,5,-0.84239,23.609,163.86,0,7,1.0168,0.76391,0.82067,117.8,0.38509
44.573,24.289,238.88,5,-3.1579,27.721,164.48,0,10,1.0632,0.72279,0.82756,116.61,0.65871
78.692,11.124,-52.79,5,74.1,-1.9505,224.1,0,3,0.48201,1.0195,1.49,170.17,0.16061
58.654,36.941,242.81,5,-3.2429,44.886,164.3,0,13,1.0649,0.55114,0.82556,106.74,1.0212
40.971,31.012,-64.258,5,-3.0284,20.713,164.91,0,11,1.0606,0.79287,0.83233,121.28,0.79049
46.935,39.553,221.07,5,-1.5144,47.134,164.32,0,10,1.0303,0.52866,0.82578,104.75,0.82611
31.386,24.066,-55.321,5,-3.5149,6.9715,166.78,0,10,1.0703,0.93029,0.85311,131.96,0.63953
87.098,34.595,259.67,5,-2.1382,48.551,164.26,0,19,1.0428,0.51449,0.82511,104.31,1.2634
72.721,9.107,119.65,5,-2.963,34.067,164.28,0,16,1.0593,0.65933,0.82533,112.56,0.85388
76.855,28.371,158.85,5,-4.6294,52.549,164.33,0,17,1.0926,0.47451,0.82589,103.73,1.1111
86.678,43.705,-40.142,5,-0.42226,47.053,164.21,0,21,1.0084,0.52947,0.82456,104.18,1.5627
66.201,48.4,51.297,5,-2.2802,83.83,164.26,0,17,1.0456,0.1617,0.82511,92.246,1.5717
45.715,10.211,138.77,5,-1.7407,25.68,164.23,0,10,1.0348,0.7432,0.82478,117.09,0.55623
7.839,14.103,144.14,5,-1.2165,18.323,157.49,0,2,1.0243,0.81677,0.74989,117.68,0.10451
76.157,36.304,176.75,5,-0.72321,58.377,164.22,0,16,1.0145,0.41623,0.82467,99.065,1.1618
12.979,22.715,134.34,5,-0.34273,29.488,158.47,0,3,1.0069,0.70512,0.76078,110.43,0.17504
42.145,30.764,246.88,5,-0.14243,30.543,164.72,0,9,1.0028,0.69457,0.83022,113.67,0.64581
18.057,23,18.738,5,-4.3132,65.715,164.13,0,16,1.0863,0.34285,0.82367,98.085,0.95966
71.557,19.438,230.47,5,-0.531,33.568,164.22,0,15,1.0106,0.66432,0.82467,111.69,0.89932
43.79,19.24,56.549,5,-0.99237,48.383,164.16,0,12,1.0198,0.51617,0.824,103.75,0.74076
64.377,21.631,-6.7111,5,65.306,-0.9776,196.67,0,7,0.30612,1.0098,1.1852,147.68,0.43927
19.826,31.47,-73.589,5,-4.2726,13.395,177.5,0,7,1.0855,0.86605,0.97222,134.54,0.46742
77.811,29.646,248.85,5,-2.8386,42.937,164.28,0,17,1.0568,0.57063,0.82533,107.54,1.1236
54.6,14.11,47.35,5,-1.6919,48.046,164.24,0,15,1.0338,0.51954,0.82489,104.32,0.87196
92.182,15.393,124.24,5,-2.8993,45.675,164.28,0,20,1.058,0.54325,0.82533,106.15,1.0578
71.346,8.398,-20.479,5,77.281,-4.184,267.49,0,3,0.54561,1.0418,1.9721,207.61,0.15948
54.606,10.469,-2.1428,5,70.001,-0.13715,-65.549,0,4,0.40002,1.0014,1.7283,186.07,0.22309
12.657,43.375,246.28,5,-4.6074,34.901,186.12,0,4,1.0921,0.65099,1.068,128.29,0.29485
32.81,19.159,261.81,5,-2.6631,12.055,166.64,0,8,1.0533,0.87945,0.85156,127.99,0.48398
56.575,33.346,-22.579,5,-1.6665,24.126,164.26,0,17,1.0333,0.75874,0.82511,118.07,1.2691
45.137,10.785,-9.8308,5,56.856,-3.2317,-84.963,0,4,0.13711,1.0323,1.944,203.26,0.22384
74.893,49.484,186.12,5,-2.1142,70.96,164.26,0,16,1.0423,0.2904,0.82511,95.256,1.4206
41.671,47.299,126.62,5,-0.42812,62.513,164.15,0,9,1.0086,0.37487,0.82389,97.193,0.84341
90.231,16.573,26.286,5,-3.4252,68.731,164.29,0,26,1.0685,0.31269,0.82544,96.701,1.4036
60.006,27.706,-78.863,5,-2.5623,28.502,164.29,0,14,1.0512,0.71498,0.82544,115.73,0.95912
28.409,24.259,206.79,5,-1.0462,27.727,165.5,0,6,1.0209,0.72273,0.83889,116.32,0.38091
12.938,29.475,137.2,5,-0.53964,35.958,159.15,0,3,1.0108,0.64042,0.76833,106.95,0.18828
66.191,44.524,-65.228,5,-3.3258,45.186,164.3,0,16,1.0665,0.54814,0.82556,106.62,1.3843
22.737,27.769,168.03,5,-1.3927,34.302,164.42,0,5,1.0279,0.65698,0.82689,111.78,0.32381
10.255,21.265,155.55,5,-3.948,26.077,162.8,0,3,1.079,0.73923,0.80889,116.94,0.17007
59.484,15.163,-19.498,5,64.1,-1.5545,243.43,0,4,0.28199,1.0155,1.7048,184.53,0.23429
59.882,32.37,228.3,5,-2.7279,43.537,164.28,0,13,1.0546,0.56463,0.82533,107.17,0.95102
70.102,27.282,92.499,5,-3.3956,55.053,164.29,0,16,1.0679,0.44947,0.82544,101.93,1.0604
7.3075,30.76,194.74,5,-2.6704,30.852,175.7,0,2,1.0534,0.69148,0.95222,122.07,0.12293
74.304,23.272,44.043,5,-0.67844,62.506,164.22,0,19,1.0136,0.37494,0.82467,97.379,1.1803
22.151,29.309,-15.888,5,-2.8676,3.8636,166.39,0,13,1.0574,0.96136,0.84878,133.69,0.8555
71.258,7.3475,112.89,5,-4.0494,32.896,164.31,0,16,1.081,0.67104,0.82567,113.78,0.84158
27.737,35.29,-38.194,5,-4.1182,13.794,166.92,0,11,1.0824,0.86206,0.85467,127.58,0.8037
18.03,16.438,7.0609,5,53.381,-1.9971,249.93,0,10,0.067617,1.02,1.777,189.72,0.55885
88.996,13.839,-59.25,5,-4.0954,22.616,164.31,0,21,1.0819,0.77384,0.82567,120.15,1.1102
16.925,15.923,257.27,5,-3.8326,5.0778,181.5,0,5,1.0767,0.94922,1.0167,142.41,0.2767
79.496,47.696,219.01,5,-2.4314,66.893,164.27,0,17,1.0486,0.33107,0.82522,96.753,1.4155
35.117,41.777,-55.957,5,-0.65147,26.043,166.17,0,10,1.013,0.73957,0.84633,117.63,0.83201
88.412,30.521,109.29,5,-1.0959,60.621,164.23,0,19,1.0219,0.39379,0.82478,98.344,1.1966
15.613,32.325,118.29,5,-1.2683,42.592,158.53,0,4,1.0254,0.57408,0.76144,103.06,0.26347
53.82,42.904,33.334,5,-2.7854,81.972,164.27,0,17,1.0557,0.18028,0.82522,92.883,1.4854
42.754,24.466,138.71,5,-4.6841,39.969,164.31,0,10,1.0937,0.60031,0.82567,110.07,0.65893
31.946,39.147,64.904,5,-4.7491,65.454,163.88,0,10,1.095,0.34546,0.82089,98.23,0.78772
83.565,41.091,99.554,5,-0.37264,70.764,164.21,0,18,1.0075,0.29236,0.82456,94.336,1.3274
43.513,44.799,126.22,5,-3.4038,61.355,164.26,0,10,1.0681,0.38645,0.82511,99.297,0.89958
54.409,19.167,-20.53,5,55.238,-0.94063,220.91,0,5,0.10477,1.0094,1.4546,165.39,0.30882
31.349,44.811,260.32,5,-4.3014,37.884,166.75,0,8,1.086,0.62116,0.85278,112.68,0.68663
84.336,9.5857,117.26,5,-0.84303,37.562,164.23,0,18,1.0169,0.62438,0.82478,109.52,0.93057
77.194,11.817,216.34,5,-4.7801,31.351,164.33,0,17,1.0956,0.68649,0.82589,115.06,0.9211
88.347,26.097,131.35,5,-2.1892,54.475,164.26,0,19,1.0438,0.45525,0.82511,101.54,1.141
38.093,22.988,189.22,5,-0.76185,32.091,164.33,0,8,1.0152,0.67909,0.82589,112.75,0.5133
26.619,25.316,-86.845,5,-1.7466,12.856,171.37,0,7,1.0349,0.87144,0.90411,129.97,0.44724
43.863,9.4679,159.21,5,-4.082,23.64,164.31,0,10,1.0816,0.7636,0.82567,119.49,0.55103
73.515,29.789,-2.7249,5,-3.3728,28.189,164.29,0,24,1.0675,0.71811,0.82544,116.29,1.6207
19.938,35.118,-76.594,5,-0.077067,17.65,184.14,0,6,1.0015,0.8235,1.046,134.73,0.41953
53.369,40.299,232.87,5,-4.2911,48.672,164.34,0,12,1.0858,0.51328,0.826,105.4,1.0034
65.632,10.918,175.78,5,-1.6813,30.082,164.25,0,14,1.0336,0.69918,0.825,114.34,0.77397
16.953,13.777,-25.492,5,25.522,-2.9479,269.01,0,4,0.48957,1.0295,1.989,207.95,0.21659
85.502,21.438,244.38,5,-0.24103,37.382,164.21,0,18,1.0048,0.62618,0.82456,109.33,1.0439
42.498,44.8,240.92,5,-0.27292,46.153,164.62,0,9,1.0055,0.53847,0.82911,104.86,0.80779
24.437,32.607,99.392,5,-0.10125,48.156,161.75,0,6,1.002,0.51844,0.79722,101.72,0.41622
65.187,39.675,5.3578,5,-0.78292,37.593,164.22,0,25,1.0157,0.62407,0.82467,109.46,2.0094
64.958,24.273,223.58,5,-2.557,37.995,164.27,0,14,1.0511,0.62005,0.82522,110.1,0.90685
16.797,44.625,183.16,5,-2.8329,48.285,166.12,0,4,1.0567,0.51715,0.84578,106.11,0.30976
48.732,35.294,-5.9234,5,-4.5038,24.44,164.33,0,19,1.0901,0.7556,0.82589,119.18,1.4679
76.653,46.681,-34.291,5,-3.7539,47.616,164.3,0,20,1.0751,0.52384,0.82556,105.61,1.6776
73.539,41.881,-37.386,5,-2.614,40.917,164.27,0,19,1.0523,0.59083,0.82522,108.51,1.515
49.529,11.763,218.02,5,-3.7661,21.46,164.34,0,11,1.0753,0.7854,0.826,120.77,0.62331
50.368,49.489,72.83,5,-4.687,76.697,164.31,0,13,1.0937,0.23303,0.82567,95.161,1.2868
65.7,16.935,94.969,5,-3.2086,43.104,164.29,0,15,1.0642,0.56896,0.82544,107.64,0.8872
29.061,17.296,119.93,5,-2.7162,31.04,163.69,0,7,1.0543,0.6896,0.81878,113.86,0.41025
39.325,12.12,-56.068,5,36.35,-1.7657,235.33,0,3,0.273,1.0177,1.6148,177.94,0.16944
77.03,35.779,100.5,5,-2.1723,63.949,164.26,0,17,1.0434,0.36051,0.82511,97.653,1.2199
47.424,41.962,224.89,5,-0.93067,48.82,164.32,0,10,1.0186,0.5118,0.82578,103.62,0.86065
86.089,18.739,227.42,5,-0.43614,38.066,164.22,0,18,1.0087,0.61934,0.82467,109.03,1.0122
12.013,8.7266,70.623,5,-0.13221,28.538,148.6,0,5,1.0026,0.71462,0.65111,105.14,0.25288
38.694,19.291,208.94,5,-0.32024,25.757,164.48,0,8,1.0064,0.74243,0.82756,116.58,0.49082
81.974,39.349,121.23,5,-3.4025,66.974,164.29,0,18,1.068,0.33026,0.82544,97.27,1.3127
63.342,19.251,212.25,5,-4.3256,34.77,164.32,0,14,1.0865,0.6523,0.82578,112.83,0.85529
34.966,23.971,28.395,5,-3.9032,62.701,164.25,0,15,1.0781,0.37299,0.825,99.045,0.96773
12.69,42.962,234.2,5,-0.89649,37.357,188.78,0,3,1.0179,0.62643,1.0976,127.56,0.22008
71.415,10.886,178.71,5,-0.70887,31.387,164.22,0,15,1.0142,0.68613,0.82467,113.08,0.81832
69.553,39.931,267.51,5,-4.3431,46.993,164.32,0,16,1.0869,0.53007,0.82578,106.24,1.2664
17.443,48.649,232.51,5,-1.3599,43.841,177.6,0,4,1.0272,0.56159,0.97333,116.04,0.32894
43.854,17.5,79.638,5,-2.6302,41.388,164.2,0,11,1.0526,0.58612,0.82444,108.22,0.66483
78.567,23.388,4.3412,5,86.507,-0.181,191.44,0,9,0.73014,1.0018,1.1271,147.17,0.55036
15.689,21.308,223.51,5,-3.6489,18.372,174.6,0,4,1.073,0.81628,0.94,129.22,0.23297
80.204,31.101,184.09,5,-1.554,54.201,164.24,0,17,1.0311,0.45799,0.82489,101.33,1.1299
40.013,49.406,73.142,5,-4.7205,74.701,164.21,0,11,1.0944,0.25299,0.82456,95.611,1.0665
52.651,37.408,-26.598,5,-2.5973,27.088,164.3,0,16,1.0519,0.72912,0.82556,116.63,1.277
17.476,15.149,249.85,5,-4.4631,6.4068,178.03,0,5,1.0893,0.93593,0.97811,139.55,0.27512
62.434,37.225,-78.519,5,-0.14046,38.254,164.22,0,14,1.0028,0.61746,0.82467,108.79,1.0938
25.473,12.601,-78.874,5,18.545,-0.073624,222.29,0,3,0.6291,1.0007,1.4699,168.83,0.16524
82.675,39.835,180.78,5,-3.8388,64.546,164.3,0,18,1.0768,0.35454,0.82556,98.367,1.3145
62.803,23.817,186.39,5,-4.6738,42.218,164.33,0,14,1.0935,0.57782,0.82589,108.87,0.90613
37.462,43.031,93.082,5,-1.3407,62.63,163.98,0,9,1.0268,0.3737,0.822,97.496,0.77144
40.457,28.913,181.66,5,-3.0708,40.176,164.32,0,9,1.0614,0.59824,0.82578,109.17,0.6274
69.045,13.684,227.62,5,-3.1515,28.229,164.29,0,15,1.063,0.71771,0.82544,116.17,0.84849
49.18,21.716,166.3,5,-3.671,36.937,164.3,0,11,1.0734,0.63063,0.82556,111.26,0.70254
41.01,36.12,-46.272,5,-1.823,21.99,164.79,0,12,1.0365,0.7801,0.831,119.85,0.93009
20.798,9.3495,46.402,5,-0.87162,39.238,161.62,0,9,1.0174,0.60762,0.79578,106.81,0.4725
62.515,28.834,23.27,5,-1.8167,74.525,164.25,0,21,1.0363,0.25475,0.825,94.059,1.4531
69.75,18.221,-14.643,5,72.815,-1.383,225.21,0,5,0.45629,1.0138,1.5023,170.53,0.29716
89.003,44.401,223.69,5,-2.4057,65.815,164.27,0,19,1.0481,0.34185,0.82522,97.113,1.3988
21.996,36.025,179.38,5,-2.3695,41.515,164.97,0,5,1.0474,0.58485,0.833,108.55,0.35798
33.743,45.018,227,5,-0.14454,46.148,165.46,0,7,1.0029,0.53852,0.83844,105.4,0.61044
9.5289,15.979,152.46,5,-4.5719,21.07,162.2,0,3,1.0914,0.7893,0.80222,120.09,0.16084
53.121,30.821,100.77,5,-1.7115,52.54,164.24,0,12,1.0342,0.4746,0.82489,102.17,0.86643
75.44,19.918,26.462,5,-4.069,67.682,164.31,0,23,1.0814,0.32318,0.82567,97.416,1.3686
78.64,11.452,25.288,5,-4.0731,60.804,164.31,0,24,1.0815,0.39196,0.82567,99.911,1.2894
78.342,38.728,31.184,5,-1.8617,84.31,164.25,0,22,1.0372,0.1569,0.825,91.918,1.6294
52.059,32.001,265.67,5,-2.6403,32.196,164.36,0,12,1.0528,0.67804,0.82622,113.57,0.88196
36.569,31.765,16.625,5,-2.4871,77.75,164.27,0,20,1.0497,0.2225,0.82522,93.627,1.4379
79.591,21.226,180.68,5,-2.1288,44.519,164.26,0,17,1.0426,0.55481,0.82511,106.35,1.0101
38.533,16.312,236.33,5,-4.5392,18.34,164.78,0,9,1.0908,0.8166,0.83089,123.43,0.53273
80.553,46.419,-8.4449,5,-2.768,46.132,164.28,0,24,1.0554,0.53868,0.82533,105.85,1.9455
14.681,17.025,167.51,5,-4.6465,22.164,164.67,0,4,1.0929,0.77836,0.82967,120.91,0.22178
73.038,33.065,-53.755,5,-3.9523,35.181,164.31,0,18,1.079,0.64819,0.82567,112.4,1.2714
65.621,7.2021,140.71,5,-1.1676,27.969,164.23,0,14,1.0234,0.72031,0.82478,115.4,0.74386
27.327,47.515,266.69,5,-2.2024,36.867,170.17,0,7,1.044,0.63133,0.89078,114.62,0.61218
91.758,12.237,55.458,5,-2.8146,53.661,164.28,0,22,1.0563,0.46339,0.82533,102.25,1.1318
21.431,7.1182,75.347,5,-2.6721,28.65,161.02,0,7,1.0534,0.7135,0.78911,113.62,0.36017
43.917,16.961,115.05,5,-2.3144,34.65,164.22,0,10,1.0463,0.6535,0.82467,111.88,0.60052
68.536,43.476,-20.107,5,-3.8301,39.467,164.3,0,20,1.0766,0.60533,0.82556,109.92,1.6811
25.086,35.082,-11.42,5,-1.7608,11.313,165.37,0,14,1.0352,0.88687,0.83744,127.38,1.0067
70.808,30.31,-46.625,5,-3.8614,30.199,164.31,0,18,1.0772,0.69801,0.82567,115.3,1.2375
25.755,13.143,120.88,5,-1.1988,25.552,163.07,0,6,1.024,0.74448,0.81189,116.2,0.33268
49.776,38.725,224.25,5,-3.3943,47.253,164.34,0,11,1.0679,0.52747,0.826,105.64,0.89759
18.906,36.455,-36.97,5,-4.7066,10.407,171.8,0,10,1.0941,0.89593,0.90889,133.08,0.70677
30.758,31.493,171.13,5,-3.0273,40.613,164.35,0,7,1.0605,0.59387,0.82611,108.93,0.49186
48.395,16.975,265.16,5,-1.492,15.433,164.43,0,11,1.0298,0.84567,0.827,123.87,0.66233
8.0436,31.427,123.56,5,-4.4339,39.558,154.61,0,3,1.0887,0.60442,0.71789,103.88,0.18659
30.562,11.182,30.535,5,-0.1151,47.501,163.98,0,13,1.0023,0.52499,0.822,103.64,0.71491
29.507,47.033,144.09,5,-3.5929,58.231,164.1,0,7,1.0719,0.41769,0.82333,100.54,0.61627
60.99,24.339,155.83,5,-1.2782,42.96,164.24,0,13,1.0256,0.5704,0.82489,106.75,0.85018
28.395,11.512,20.011,5,-4.7181,54.298,164.29,0,17,1.0944,0.45702,0.82544,102.96,0.93317
17.433,43.015,-42.171,5,-3.4015,16.747,176.26,0,9,1.068,0.83253,0.95844,131.24,0.68562
7.8219,7.1483,83.251,5,-3.0091,23,144.47,0,4,1.0602,0.77,0.60522,108.19,0.19611
90.037,9.4659,223.69,5,-1.3656,30.906,164.24,0,19,1.0273,0.69094,0.82489,113.68,0.95968
29.997,37.836,105.06,5,-0.38377,53.505,163.32,0,7,1.0077,0.46495,0.81467,100.38,0.53596
35.612,38.953,265.32,5,-4.2525,32.575,165.64,0,9,1.085,0.67425,0.84044,114.94,0.71748
73.016,27.579,141.08,5,-3.3903,51.11,164.29,0,16,1.0678,0.4889,0.82544,103.73,1.0528
14.291,10.472,165,5,-0.16026,14.492,164.39,0,3,1.0032,0.85508,0.82656,123.94,0.15562
18.942,25.363,35.426,5,-3.8542,60.157,162.9,0,11,1.0771,0.39843,0.81,99.006,0.68035
89.334,49.541,-62.911,5,-4.0003,58.111,164.31,0,21,1.08,0.41889,0.82567,100.96,1.6412
75.098,33.402,-50.037,5,-0.8306,34.681,164.23,0,18,1.0166,0.65319,0.82478,111.18,1.2646
41.97,47.909,114.44,5,-4.1701,65.746,164.26,0,10,1.0834,0.34254,0.82511,98.093,0.94866
52.674,25.231,-0.24544,5,-3.5761,17.287,164.3,0,21,1.0715,0.82713,0.82556,123.42,1.4034
26.356,33.857,-50.659,5,-0.84057,12.725,170.51,0,9,1.0168,0.87275,0.89456,129.16,0.64064
80.067,22.51,35.649,5,-4.0705,67.29,164.31,0,22,1.0814,0.3271,0.82567,97.548,1.3234
57.212,30.286,189.16,5,-0.72037,45.572,164.22,0,12,1.0144,0.54428,0.82467,105.09,0.85609
47.447,28.031,-31.972,5,-0.21446,15.202,164.34,0,14,1.0043,0.84798,0.826,123.44,0.97203
41.889,15.399,156.36,5,-1.1935,28.368,164.23,0,9,1.0239,0.71632,0.82478,115.16,0.52948
83.543,26.141,161.16,5,-2.7425,51.721,164.28,0,18,1.0549,0.48279,0.82533,103.1,1.1095
26.493,27.625,130.7,5,-1.1456,38.845,163.45,0,6,1.0229,0.61155,0.81611,108.4,0.39423
18.821,40.951,93.331,5,-4.3187,58.05,160.53,0,6,1.0864,0.4195,0.78367,98.411,0.44927
22.239,17.931,118.73,5,-4.4204,30.833,162.82,0,6,1.0884,0.69167,0.80911,114.23,0.34627
59.664,23.175,55.907,5,-0.64317,55.363,164.22,0,15,1.0129,0.44637,0.82467,100.33,0.96862
24.978,49.513,117.67,5,-1.6837,62.382,162.89,0,6,1.0337,0.37618,0.80989,96.95,0.53241
54.207,34.67,144.48,5,-3.0524,52.448,164.28,0,12,1.061,0.47552,0.82533,102.92,0.91651
7.0387,13.804,121.65,5,-0.76529,19.988,146.9,0,2,1.0153,0.80012,0.63222,110.53,0.10383
37.409,35.736,-68.148,5,-2.0644,23.695,165.58,0,10,1.0413,0.76305,0.83978,119.35,0.76352
8.7701,26.065,-42.483,5,5.5052,-0.048553,220.21,0,6,0.8899,1.0005,1.4468,170.13,0.35438
76.772,19.225,240.28,5,-4.4623,34.325,164.32,0,17,1.0892,0.65675,0.82578,113.15,0.99887
68.419,13.408,210.07,5,-4.025,30.821,164.31,0,15,1.0805,0.69179,0.82567,115.01,0.84718
32.621,46.565,101.44,5,-2.2537,63.944,163.78,0,8,1.0451,0.36056,0.81978,97.334,0.71187
49.27,7.8091,-2.9228,5,64.604,-2.9517,-65.52,0,4,0.29209,1.0295,1.728,187.08,0.21693
65.854,31.029,21.406,5,-4.7057,79.643,164.33,0,23,1.0941,0.20357,0.82589,94.51,1.625
65.518,12.173,127.66,5,-0.87583,33.782,164.23,0,14,1.0175,0.66218,0.82478,111.73,0.78487
32.161,8.2771,-56.412,5,32.424,-1.527,260.28,0,2,0.35152,1.0153,1.892,199.03,0.10702
38.926,8.4542,104.5,5,-1.3991,26.325,164.08,0,9,1.028,0.73675,0.82311,116.44,0.488
24.738,45.667,-4.5544,5,-3.3894,23.895,164.75,0,16,1.0678,0.76105,0.83056,119.29,1.3351
80.17,9.037,93.535,5,-3.1499,39.371,164.29,0,18,1.063,0.60629,0.82544,109.63,0.93911
50.772,39.775,227.83,5,-2.2845,47.655,164.31,0,11,1.0457,0.52345,0.82567,104.86,0.91317
31.588,9.4664,219.8,5,-2.5317,11.975,165.33,0,7,1.0506,0.88025,0.837,127.21,0.37884
8.1101,47.871,105.09,5,-2.3923,58.254,146.97,0,3,1.0478,0.41746,0.633,87.939,0.2243
17.245,44.711,104.24,5,-2.7941,58.564,159.32,0,5,1.0559,0.41436,0.77022,96.485,0.38903
67.246,38.169,120.94,5,-3.6759,61.656,164.3,0,15,1.0735,0.38344,0.82556,99.357,1.1684
14.187,27.439,171.87,5,-0.40852,30.885,165.53,0,3,1.0082,0.69115,0.83922,114.12,0.18537
39.659,11.845,245.85,5,-2.7029,11.565,164.86,0,9,1.0541,0.88435,0.83178,127.29,0.50699
15.439,7.3858,32.488,5,-3.5412,43.155,162.34,0,11,1.0708,0.56845,0.80378,106.45,0.55638
22.524,36.745,134.63,5,-0.47059,46.27,162.83,0,5,1.0094,0.5373,0.80922,103.63,0.3625
57.188,45.101,23.157,5,-1.6721,89.603,164.25,0,20,1.0334,0.10397,0.825,91.056,1.8061
42.895,21.135,105.26,5,-2.464,40.038,164.2,0,10,1.0493,0.59962,0.82444,108.87,0.63144
11.012,32.519,81.366,5,-4.0997,50.709,152.46,0,5,1.082,0.49291,0.694,96.217,0.32078
17.732,32.202,-23.407,5,-1.6704,4.0088,170.93,0,11,1.0334,0.95991,0.89922,135.77,0.7325
69.472,44.341,227.73,5,-2.718,58.887,164.28,0,15,1.0544,0.41113,0.82533,99.935,1.2719
84.572,7.2209,68.417,5,-4.1882,43.73,164.31,0,20,1.0838,0.5627,0.82567,107.82,1.01
75.038,46.689,138.91,5,-1.3127,70.362,164.24,0,16,1.0263,0.29638,0.82489,94.989,1.3583
8.4171,14.479,185.27,5,-1.5182,15.524,171.45,0,2,1.0304,0.84476,0.905,128.16,0.10516
39.067,42.703,257.54,5,-2.0169,39.14,165.13,0,9,1.0403,0.6086,0.83478,109.79,0.77146
73.866,13.823,204.83,5,-3.3368,33.48,164.29,0,16,1.0667,0.6652,0.82544,113.09,0.89464
39.159,17.024,-21.8,5,42.141,-3.7469,230.97,0,5,0.15717,1.0375,1.5663,175.21,0.29875
46.164,38.747,-58.414,5,-1.5254,29.418,164.52,0,12,1.0305,0.70582,0.828,114.85,0.97763
91.897,37.954,244.53,5,-3.4198,56.759,164.29,0,20,1.0684,0.43241,0.82544,101.21,1.3357
42.527,11.6,127.68,5,-4.4514,28.044,164.29,0,10,1.089,0.71956,0.82544,116.88,0.5636
45.471,35.175,12.742,5,-3.1467,92.218,164.29,0,29,1.0629,0.077818,0.82544,91.674,2.2314
7.9554,23.106,75.276,5,-0.82266,40.022,139.76,0,4,1.0165,0.59978,0.55289,93.04,0.22821
26.666,33.932,150.11,5,-1.8113,43.29,163.98,0,6,1.0362,0.5671,0.822,106.65,0.42816
26.975,37.624,96.376,5,-2.0586,54.877,162.89,0,7,1.0412,0.45123,0.80989,100.3,0.52639
27.3,47.583,155.92,5,-1.3446,56.468,164.09,0,6,1.0269,0.43532,0.82322,100.1,0.5252
66.823,48.556,86.038,5,-0.95114,75.858,164.23,0,15,1.019,0.24142,0.82478,93.215,1.3857
15.978,46.76,133.86,5,-2.0906,55.115,161.12,0,4,1.0418,0.44885,0.79022,98.925,0.31655
9.3879,26.671,164.94,5,-0.25135,29.333,164.51,0,2,1.005,0.70667,0.82789,114.33,0.1193
11.161,15.443,242.75,5,-1.5221,8.0973,195.4,0,3,1.0304,0.91903,1.1711,149.03,0.1612
72.873,11.29,77.205,5,-3.1777,42.443,164.29,0,17,1.0636,0.57557,0.82544,107.98,0.92783
48.188,25.196,-75.231,5,-3.5047,20.287,164.47,0,12,1.0701,0.79713,0.82744,121.5,0.80186
78.413,19.824,139.82,5,-2.7594,44.848,164.28,0,17,1.0552,0.55152,0.82533,106.5,0.99927
87.137,29.147,117.47,5,-2.8553,58.502,164.28,0,19,1.0571,0.41498,0.82533,100.17,1.1876
13.736,32.116,159.86,5,-0.59127,36.554,163.56,0,3,1.0118,0.63446,0.81733,109.53,0.1949
43.168,16.972,260.11,5,-2.4875,14.659,164.69,0,10,1.0498,0.85341,0.82989,124.97,0.60018
75.85,26.205,-30.093,5,-2.5808,25.816,164.27,0,20,1.0516,0.74184,0.82522,117.41,1.2789
75.263,9.4183,-10.899,5,84.932,-0.94,-71.529,0,3,0.69863,1.0094,1.7948,193.65,0.15951
51.178,36.644,31.056,5,-2.9666,76.238,164.28,0,17,1.0593,0.23762,0.82533,94.274,1.3414
87.599,31.402,56.614,5,-2.5921,71.201,164.27,0,21,1.0518,0.28799,0.82522,95.453,1.3423
59.297,34.499,-82.767,5,-3.9527,36.265,164.33,0,14,1.0791,0.63735,0.82589,111.79,1.0581
64.245,21.173,191.78,5,-3.2896,39.175,164.29,0,14,1.0658,0.60825,0.82544,109.81,0.87387
87.363,32.869,78.882,5,-3.529,67.873,164.3,0,20,1.0706,0.32127,0.82556,97.046,1.3016
92.916,21.197,160.38,5,-2.9334,49.698,164.28,0,20,1.0587,0.50302,0.82533,104.16,1.1144
31.853,26.161,18.662,5,-3.4374,69.916,164.28,0,18,1.0687,0.30084,0.82533,96.323,1.1836
42.373,16.254,23.288,5,-0.27005,57.514,164.2,0,17,1.0054,0.42486,0.82444,99.186,1.0108
88.125,17.07,-31.128,5,81.33,-1.5103,199.05,0,5,0.6266,1.0151,1.2117,152.24,0.2739
42.718,23.916,130.93,5,-4.4154,40.061,164.29,0,10,1.0883,0.59939,0.82544,109.88,0.65418
11.032,28.701,261.7,5,-3.59,16.453,197.25,0,4,1.0718,0.83547,1.1917,146.13,0.24615
26.926,35.098,199.78,5,-2.519,39.597,165.27,0,6,1.0504,0.60403,0.83633,109.87,0.43553
68.868,12.926,209.55,5,-3.5718,30.431,164.3,0,15,1.0714,0.69569,0.82556,115.02,0.8418
86.604,8.3783,136.39,5,-4.0784,36.427,164.31,0,19,1.0816,0.63573,0.82567,111.75,0.96287
64.11,8.5749,-82.793,5,54.029,-1.4395,202.19,0,3,0.080571,1.0144,1.2466,151.3,0.16215
15.738,43.117,60.664,5,-2.5026,68.131,157.81,0,7,1.0501,0.31869,0.75344,91.49,0.52707
48.334,32.098,28.732,5,-2.925,72.234,164.28,0,17,1.0585,0.27766,0.82533,95.339,1.2514
69.115,8.2469,-31.706,5,72.796,-0.73937,-81.536,0,2,0.45591,1.0074,1.906,200.23,0.1067
12.902,35.095,221.65,5,-1.5249,31.89,181.11,0,3,1.0305,0.6811,1.0123,124.88,0.20064
81.041,27.333,-81.398,5,-1.5443,36.25,164.24,0,18,1.0309,0.6375,0.82489,110.6,1.139
75.715,32.958,6.3484,5,-2.3242,34.669,164.26,0,28,1.0465,0.65331,0.82511,111.9,1.9497
11.355,28.791,-19.281,5,13.518,-1.5714,209.87,0,8,0.72963,1.0157,1.3319,161.3,0.49371
64.062,22.414,78.327,5,-2.3698,50.863,164.26,0,15,1.0474,0.49137,0.82511,103.3,0.95117
13.37,23.019,234.44,5,-0.20836,17.405,188.74,0,3,1.0042,0.82595,1.0971,138.18,0.17595
47.91,43.046,215.24,5,-0.61748,51.776,164.28,0,10,1.0123,0.48224,0.82533,102.01,0.8773
13.728,44.101,238.23,5,-4.5045,37.653,181.34,0,4,1.0901,0.62347,1.0149,123.29,0.30014
12.097,28.392,212.75,5,-2.6496,26.719,176.97,0,3,1.053,0.73281,0.96633,125.32,0.18514
87.474,35.195,128.46,5,-2.9748,63.741,164.28,0,19,1.0595,0.36259,0.82533,98.176,1.269
22.993,40.976,-30.335,5,-3.1655,16.077,168.39,0,11,1.0633,0.83923,0.871,126.55,0.84734
22.184,37.568,-12.759,5,-4.6607,12.85,165.68,0,14,1.0932,0.8715,0.84089,127.71,1.0242
60.228,22.9,28.369,5,-1.5851,65.169,164.24,0,19,1.0317,0.34831,0.82489,96.88,1.2215
66.427,49.4,165.73,5,-0.75693,69.05,164.22,0,14,1.0151,0.3095,0.82467,95.094,1.3158
32.621,46.346,151.12,5,-0.71326,56.943,164.12,0,7,1.0143,0.43057,0.82356,99.597,0.62058
23.487,10.227,196.33,5,-1.1194,13.768,165.93,0,5,1.0224,0.86232,0.84367,125.76,0.26708
14.386,26.208,139.87,5,-3.9904,33.956,161.8,0,4,1.0798,0.66044,0.79778,111.5,0.24409
91.999,45.91,52.548,5,-1.4767,87.84,164.24,0,22,1.0295,0.1216,0.82489,91.155,1.6063
19.085,45.065,28.017,5,-0.76435,82.025,163.17,0,12,1.0153,0.17975,0.813,90.851,0.95183
64.989,19.702,236.45,5,-2.0709,30.887,164.26,0,14,1.0414,0.69113,0.82511,114.03,0.85695
51.707,46.423,68.125,5,-2.2672,74.31,164.25,0,13,1.0453,0.2569,0.825,94.366,1.2126
44.219,16.468,177.92,5,-4.0317,29.496,164.32,0,10,1.0806,0.70504,0.82578,115.82,0.59714
76.518,47.872,145.78,5,-4.781,72.573,164.33,0,17,1.0956,0.27427,0.82589,96.323,1.4533
48.223,8.1284,-54.688,5,47.852,-1.5999,254.61,0,2,0.042964,1.016,1.829,193.45,0.10883
16.942,14.447,-10.232,5,32.983,-2.0848,-81.833,0,5,0.34035,1.0208,1.9093,200.59,0.27257
24.066,36.484,171.93,5,-0.14003,42.712,164.53,0,5,1.0028,0.57288,0.82811,106.54,0.3644
45.309,41.348,-33.234,5,-2.6125,28.284,164.42,0,14,1.0523,0.71716,0.82689,115.97,1.1897
11.472,8.0043,137.08,5,-1.9811,14.536,158.99,0,3,1.0396,0.85464,0.76656,121.51,0.15039
62.049,41.052,139.38,5,-4.7122,61.868,164.33,0,14,1.0942,0.38132,0.82589,99.862,1.1634
60.187,8.0653,189.71,5,-2.5412,24.76,164.27,0,13,1.0508,0.7524,0.82522,118.06,0.70272
42.632,14.961,258.53,5,-3.2186,12.998,164.7,0,10,1.0644,0.87002,0.83,126.42,0.58577
56.182,37.25,-25.207,5,-3.5864,28.644,164.31,0,17,1.0717,0.71356,0.82567,116.13,1.348
7.5787,30.504,242,5,-0.29277,24.489,209.56,0,2,1.0059,0.75511,1.3284,150.09,0.12282
21.206,29.843,-45.67,5,-2.5818,5.8058,173.36,0,9,1.0516,0.94194,0.92622,136.33,0.59339
46.155,10.87,229.91,5,-2.036,16.548,164.38,0,10,1.0407,0.83452,0.82644,123.31,0.56046
27.571,40.999,159.73,5,-1.1695,49.591,164.16,0,6,1.0234,0.50409,0.824,103.24,0.47529
52.856,31.999,195.85,5,-0.38603,45.105,164.22,0,11,1.0077,0.54895,0.82467,105.17,0.8081
75.206,35.711,173.66,5,-1.6435,57.913,164.25,0,16,1.0329,0.42087,0.825,99.757,1.1585
23.196,30.4,45.473,5,-3.2347,61.507,162.95,0,10,1.0647,0.38493,0.81056,98.17,0.6704
60.201,17.144,244.56,5,-1.5689,24.816,164.26,0,13,1.0314,0.75184,0.82511,117.59,0.77862
56.917,40.358,25.462,5,-0.78977,83.195,164.22,0,19,1.0158,0.16805,0.82467,91.491,1.5822
71.162,29.806,66.991,5,-2.6299,62.524,164.27,0,17,1.0526,0.37476,0.82522,98.44,1.1594
63.067,46.349,10.879,5,100.06,40.563,-52.859,0,8,1.0012,0.59437,1.5873,162.63,0.72439
47.668,11.332,142.32,5,-4.7159,27.89,164.32,0,11,1.0943,0.7211,0.82578,117.12,0.62007
78.215,15.673,36.589,5,-1.7897,58.924,164.25,0,21,1.0358,0.41076,0.825,99.411,1.1808
66.425,18.96,64.133,5,-1.6503,50.885,164.25,0,16,1.033,0.49115,0.825,102.92,0.96749
59.449,14.248,-24.866,5,61.642,-3.0717,238.16,0,4,0.23283,1.0307,1.6462,180.86,0.23183
14.131,41.997,98.794,5,-0.25284,55.097,153.28,0,4,1.0051,0.44903,0.70311,92.445,0.29327
13.504,40.411,-50.729,5,-0.27896,14.756,193.34,0,7,1.0056,0.85244,1.1482,143.09,0.50088
44.346,8.9937,21.726,5,-0.53181,51.606,164.21,0,18,1.0106,0.48394,0.82456,101.99,0.98704
21.783,48.758,2.7545,5,-0.33177,29.211,164.45,0,18,1.0066,0.70789,0.82722,114.4,1.5385
47.855,20.199,50.253,5,-4.3519,52.773,164.3,0,14,1.087,0.47227,0.82556,103.47,0.87686
57.955,34.709,160.83,5,-4.3989,53.058,164.32,0,13,1.088,0.46942,0.82578,103.37,0.98823
74.657,14.304,181.8,5,-2.297,36.058,164.26,0,16,1.0459,0.63942,0.82511,111.08,0.89713
26.257,36.923,221.8,5,-2.9818,37.249,166.76,0,6,1.0596,0.62751,0.85289,112.41,0.44512
35.27,18.872,227.32,5,-3.4306,21.379,164.97,0,8,1.0686,0.78621,0.833,121.06,0.48512
7.6507,15.786,268.91,5,-0.63238,3.7721,219.13,0,3,1.0126,0.96228,1.4348,168.81,0.15913
67.291,14.749,-56.431,5,52.438,-0.093641,182.1,0,5,0.048752,1.0009,1.0233,136.04,0.2874
60.01,13.306,202.24,5,-2.8524,28.688,164.28,0,13,1.057,0.71312,0.82533,115.74,0.74481
91.095,31.507,84.795,5,-0.71933,65.772,164.22,0,20,1.0144,0.34228,0.82467,96.191,1.2519
35.776,28.023,10.957,5,-1.9282,29.773,164.25,0,31,1.0386,0.70227,0.825,114.64,2.1126
86.713,44.965,114.09,5,-3.0998,74.599,164.28,0,19,1.062,0.25401,0.82533,94.775,1.436
74.971,34.95,154.51,5,-1.6541,57.909,164.25,0,16,1.0331,0.42091,0.825,99.764,1.1481
59.649,24.632,58.314,5,-1.5062,56.413,164.24,0,15,1.0301,0.43587,0.82489,100.32,0.98706
22.424,9.959,195.8,5,-2.1857,13.519,165.99,0,5,1.0437,0.86481,0.84433,126.4,0.26548
63.19,42.158,-3.2788,5,-3.864,37.088,164.31,0,22,1.0773,0.62912,0.82567,111.27,1.8541
20.496,17.339,103.17,5,-4.3338,32.656,161.68,0,6,1.0867,0.67344,0.79644,112.36,0.34181
74.218,14.226,124.77,5,-1.6945,38.797,164.25,0,16,1.0339,0.61203,0.825,109.23,0.89759
78.266,48.053,172.62,5,-3.3655,71.723,164.29,0,17,1.0673,0.28277,0.82544,95.742,1.4373
69.361,33.763,229.11,5,-2.7872,48.041,164.28,0,15,1.0557,0.51959,0.82533,104.9,1.0868
45.131,32.551,258.36,5,-0.78046,31.008,164.57,0,10,1.0156,0.68992,0.82856,113.57,0.73938
30.963,27.837,-83.892,5,-2.0385,16.502,167.98,0,8,1.0408,0.83498,0.86644,125.54,0.53596
69.757,20.754,-34.257,5,-0.7,18.252,164.22,0,18,1.014,0.81748,0.82467,121.5,1.102
88.606,14.792,220.54,5,-2.8633,36.72,164.28,0,19,1.0573,0.6328,0.82533,110.98,1.0155
50.741,7.0573,88.234,5,-2.4327,30.548,164.25,0,12,1.0487,0.69452,0.825,114.39,0.64554
82.803,31.962,267.32,5,-0.75541,42.632,164.22,0,18,1.0151,0.57368,0.82467,106.66,1.1915
31.567,10.638,48.892,5,-3.2544,41.239,163.89,0,11,1.0651,0.58761,0.821,108.39,0.60278
10.823,41.283,25.223,5,-2.4846,79.827,162.17,0,12,1.0497,0.20173,0.80189,91.488,0.85002
59.827,32.01,175.79,5,-2.7151,49.672,164.28,0,13,1.0543,0.50328,0.82533,104.06,0.9462
28.741,31.243,85.96,5,-3.4042,51.449,163.34,0,8,1.0681,0.48551,0.81489,102.9,0.5558
70.21,39.153,259.1,5,-4.6904,48.264,164.33,0,16,1.0938,0.51736,0.82589,105.8,1.2477
69.042,28.547,-2.9828,5,-3.0723,25.357,164.28,0,23,1.0614,0.74643,0.82533,117.92,1.5552
81.227,38.612,-5.8152,5,-4.6768,39.938,164.33,0,25,1.0935,0.60062,0.82589,110.1,1.8149
31.214,14.031,223.11,5,-2.8171,15.786,165.5,0,7,1.0563,0.84214,0.83889,124.83,0.39774
71.766,44.719,-25.934,5,-4.3119,42.708,164.32,0,20,1.0862,0.57292,0.82578,108.42,1.6832
69.697,49.467,143.44,5,-1.9555,71.484,164.25,0,15,1.0391,0.28516,0.825,95.003,1.3829
80.715,41.103,96.706,5,-2.946,71.069,164.28,0,18,1.0589,0.28931,0.82533,95.696,1.3549
13.636,11.934,-61.795,5,12.166,-2.5175,246.38,0,3,0.75668,1.0252,1.7376,190.78,0.15743
12.267,12.727,-28.025,5,20.663,-4.2381,269.96,0,4,0.58674,1.0424,1.9996,210.03,0.21035
73.723,22.458,17.443,5,-0.049922,75.755,164.2,0,26,1.001,0.24245,0.82444,92.728,1.6032
92.408,26.152,55.012,5,-1.9968,67.668,164.26,0,22,1.0399,0.32332,0.82511,96.247,1.2917
87.727,28.562,16.392,5,101.45,34.521,28.965,0,3,1.029,0.65479,0.67817,103.25,0.18567
33.823,33.593,189.13,5,-0.25473,41.169,164.45,0,7,1.0051,0.58831,0.82722,107.38,0.51208
31.628,32.752,203.34,5,-2.6232,38.309,164.82,0,7,1.0525,0.61691,0.83133,110.33,0.50206
37.673,20.946,-5.6105,5,46.331,-3.1912,220.73,0,7,0.07338,1.0319,1.4526,166.59,0.43745
28.107,7.8707,42.156,5,-2.0998,40.128,163.65,0,11,1.042,0.59872,0.81833,108.27,0.58081
15.242,29.947,136.64,5,-2.9753,38.018,161.44,0,4,1.0595,0.61982,0.79378,108.41,0.25575
64.054,39.272,-73.705,5,-2.443,40.56,164.28,0,15,1.0489,0.5944,0.82533,108.63,1.2032
59.59,29.977,257.67,5,-0.9924,34.444,164.25,0,13,1.0198,0.65556,0.825,111.4,0.91968
24.446,10.534,-55.483,5,23.347,-3.8147,245.61,0,3,0.53306,1.0381,1.729,188.95,0.16121
26.86,28.812,193.24,5,-2.5183,34.228,165.01,0,6,1.0504,0.65772,0.83344,112.74,0.40078
43.819,17.878,75.755,5,-1.8356,42.395,164.17,0,11,1.0367,0.57605,0.82411,107.27,0.66785
90.289,25.092,196.13,5,-1.1716,50.184,164.23,0,19,1.0234,0.49816,0.82478,103.01,1.1169
44.965,44.419,127.92,5,-2.0551,60.784,164.23,0,10,1.0411,0.39216,0.82478,98.781,0.89592
8.7117,13.973,22.625,5,-4.3892,54.333,162.7,0,13,1.0878,0.45667,0.80778,101.63,0.68118
12.029,42.438,113.1,5,-4.1784,53.619,156.8,0,4,1.0836,0.46381,0.74222,97.718,0.29003
60.546,28.714,244.89,5,-1.2003,36.339,164.25,0,13,1.024,0.63661,0.825,110.4,0.902
50.056,41.583,-82.815,5,-3.2511,39.192,164.41,0,12,1.065,0.60808,0.82678,109.86,1.0271
38.454,19.156,-23.352,5,40.666,-1.7238,229.11,0,5,0.18668,1.0172,1.5457,172.59,0.30613
37.494,12.75,-71.444,5,31.184,-0.11088,222.89,0,3,0.37632,1.0011,1.4766,167.44,0.17018
73.456,25.725,99.955,5,-0.86445,52.599,164.23,0,16,1.0173,0.47401,0.82478,101.71,1.0271
52.113,7.6185,-68.759,5,49.244,-1.7388,241.11,0,2,0.015113,1.0174,1.679,182.17,0.10822
53.965,15.142,221.92,5,-4.0416,25.782,164.33,0,12,1.0808,0.74218,0.82589,118.13,0.70629
61.964,36.871,83.584,5,-0.50319,63.272,164.21,0,14,1.0101,0.36728,0.82456,96.988,1.0894
72.088,30.868,52.329,5,-1.8604,67.338,164.25,0,18,1.0372,0.32662,0.825,96.278,1.2401
13.71,43.347,63.526,5,-0.68928,66.27,153.32,0,6,1.0138,0.3373,0.70356,87.844,0.4459
35.533,44.972,238.17,5,-2.5873,44.861,165.25,0,8,1.0517,0.55139,0.83611,107.09,0.70301
21.286,45.636,-86.804,5,-1.5869,31.332,178.8,0,6,1.0317,0.68668,0.98667,123.54,0.48795
64.39,11.152,51.628,5,-4.1407,46.581,164.31,0,17,1.0828,0.53419,0.82567,106.33,0.94438
86.785,34.913,189.51,5,-4.624,60.488,164.33,0,19,1.0925,0.39512,0.82589,100.35,1.2707
25.515,32.401,233.58,5,-3.1571,29.829,168.13,0,6,1.0631,0.70171,0.86811,117.7,0.41726
15.187,46.7,121.61,5,-1.9806,56.559,159.1,0,4,1.0396,0.43441,0.76778,96.767,0.31416
33.341,20.501,45.399,5,-4.697,52.82,164.11,0,12,1.0939,0.4718,0.82344,103.49,0.73869
87.573,18.806,29.158,5,-0.12824,67.62,164.21,0,24,1.0026,0.3238,0.82456,95.228,1.3413
23.537,10.448,177.19,5,-0.77642,16.195,164.79,0,5,1.0155,0.83805,0.831,123.27,0.26772
11.56,10.641,214.84,5,-3.1246,8.5867,178.02,0,3,1.0625,0.91413,0.978,137.57,0.1542
72.677,12.062,9.7035,5,101.3,8.0124,-36.831,0,6,1.026,0.91988,1.4092,164.86,0.33034
41.232,35.579,268.77,5,-3.0992,30.547,164.89,0,10,1.062,0.69453,0.83211,115.12,0.76906
18.8,24.861,8.6305,5,-0.041492,14.372,164.22,0,24,1.0008,0.85628,0.82467,123.87,1.4749
45.572,16.807,-57.558,5,32.331,-0.17975,191.27,0,5,0.35338,1.0018,1.1252,143.54,0.30008
15.609,13.846,249.78,5,-1.2748,4.7841,187.19,0,4,1.0255,0.95216,1.0799,145.4,0.2156
52.634,18.947,-23.302,5,52.56,-1.5911,221.03,0,5,0.051194,1.0159,1.4559,165.82,0.30828
82.838,39.055,76.669,5,-2.8397,72.974,164.28,0,19,1.0568,0.27026,0.82533,95.079,1.3723
22.253,34.86,211.11,5,-2.3608,35.888,167.54,0,5,1.0472,0.64112,0.86156,113.42,0.35309
68.666,22.736,83.367,5,-3.5518,51.722,164.3,0,16,1.071,0.48278,0.82556,103.53,1.0065
51.117,45.902,156.89,5,-1.5771,61.637,164.24,0,11,1.0315,0.38363,0.82489,98.201,1.0165
64.185,8.707,-37.149,5,66.784,-0.64284,-88.436,0,2,0.33568,1.0064,1.9826,205.55,0.10824
22.762,37.918,15.461,5,-4.3163,83.6,164.29,0,19,1.0863,0.164,0.82544,93.478,1.4013
22.59,17.073,146.74,5,-0.94634,25.398,163.5,0,5,1.0189,0.74602,0.81667,116.46,0.28624
61.079,47.871,63.659,5,-1.8245,78.702,164.25,0,15,1.0365,0.21298,0.825,93.019,1.4073
62.259,16.687,71.858,5,-2.7876,46.166,164.28,0,15,1.0558,0.53834,0.82533,105.84,0.89063
44.803,34.099,-61.042,5,-3.5189,25.192,164.59,0,12,1.0704,0.74808,0.82878,118.42,0.90764
31.148,10.431,186.28,5,-2.9088,18.198,164.52,0,7,1.0582,0.81802,0.828,122.65,0.38238
65.221,26.269,172.28,5,-2.0516,45.6,164.26,0,14,1.041,0.544,0.82511,105.75,0.92979
24.404,30.586,54.709,5,-2.3463,58.445,162.61,0,9,1.0469,0.41555,0.80678,98.687,0.60825
89.347,43.544,66.046,5,-3.6377,81.836,164.3,0,21,1.0728,0.18164,0.82556,93.421,1.5258
50.891,12.746,-89.13,5,-3.5256,12.296,164.39,0,12,1.0705,0.87704,0.82656,126.85,0.68761
89.381,12.335,-3.9013,5,101.67,4.7252,-51.76,0,3,1.0335,0.95275,1.5751,178.45,0.15608
72.538,14.352,146.37,5,-3.9744,37.615,164.31,0,16,1.0795,0.62385,0.82567,111.03,0.9033
15.917,36.905,-20.459,5,-0.23273,7.4389,172.43,0,11,1.0047,0.92561,0.91589,133.74,0.76695
64.117,27.479,-50.818,5,-1.9653,24.954,164.26,0,16,1.0393,0.75046,0.82511,117.67,1.0828
15.49,45.284,79.696,5,-4.3258,65.161,157.94,0,6,1.0865,0.34839,0.75489,93.706,0.46375
29.327,49.928,-23.334,5,-4.2416,28.394,165.4,0,13,1.0848,0.71606,0.83778,117.28,1.1999
81.849,21.573,-21.04,5,-1.3112,21.603,164.24,0,22,1.0262,0.78397,0.82489,119.54,1.2995
25.808,46.649,179.9,5,-3.3623,53.528,164.66,0,6,1.0672,0.46472,0.82956,102.87,0.51213
67.359,37.635,-71.73,5,-3.6353,40.144,164.3,0,16,1.0727,0.59856,0.82556,109.45,1.2358
43.888,20.27,92.21,5,-4.7503,42.24,164.28,0,11,1.095,0.5776,0.82533,108.86,0.68781
23.297,44.827,70.654,5,-4.4589,68.469,162.35,0,8,1.0892,0.31531,0.80389,95.888,0.65258
28.747,45.643,19.115,5,-2.25,88.376,164.22,0,17,1.045,0.11624,0.82467,91.508,1.4564
62.581,17.423,160.58,5,-4.5598,37.215,164.32,0,14,1.0912,0.62785,0.82578,111.54,0.83803
61.903,49.121,263.05,5,-2.8826,53.85,164.29,0,14,1.0577,0.4615,0.82544,102.2,1.3396
83.847,17.129,-23.683,5,85.354,-0.00077853,234.21,0,4,0.70707,1,1.6023,179.02,0.22342
28.057,30.769,-32.63,5,-0.92114,8.0167,167.14,0,11,1.0184,0.91983,0.85711,130.4,0.75731
31.476,43.893,244.11,5,-1.2893,40.426,166.75,0,7,1.0258,0.59574,0.85278,109.86,0.59236
48.71,10.189,241.94,5,-3.6301,14.675,164.39,0,11,1.0726,0.85325,0.82656,125.26,0.61234
70.228,25.621,143.44,5,-1.4226,47.643,164.24,0,15,1.0285,0.52357,0.82489,104.39,0.973
27.924,38.959,56.918,5,-0.4105,65.878,162.97,0,9,1.0082,0.34122,0.81078,95.027,0.69326
77.948,39.057,64.855,5,-0.23451,73.4,164.21,0,18,1.0047,0.266,0.82456,93.478,1.3424
53.875,26.399,114.36,5,-2.118,46.568,164.25,0,12,1.0424,0.53432,0.825,105.28,0.81408
8.5747,23.423,-49.781,5,1.6064,-2.0214,212.94,0,6,0.96787,1.0202,1.366,166.93,0.34457
56.25,30.586,269.38,5,-2.8075,31.739,164.31,0,13,1.0562,0.68261,0.82567,113.89,0.93263
28.78,40.268,94.812,5,-0.13426,57.595,162.92,0,7,1.0027,0.42405,0.81022,98.127,0.55215
62.819,15.677,13.798,5,-4.6832,74.495,164.33,0,30,1.0937,0.25505,0.82589,95.738,1.7587
51.51,23.279,188.37,5,-1.6492,37.073,164.25,0,11,1.033,0.62927,0.825,110.18,0.71674
26.451,19.634,97.123,5,-2.6618,36.819,162.9,0,7,1.0532,0.63181,0.81,109.91,0.41793
32.128,34.655,123.67,5,-4.8068,49.171,164.08,0,8,1.0961,0.50829,0.82311,105.24,0.59045
53.009,36.333,239.24,5,-4.3168,43.241,164.35,0,12,1.0863,0.56759,0.82611,108.17,0.94136
57.714,45.552,-71.184,5,-3.2069,43.912,164.32,0,14,1.0641,0.56088,0.82578,107.24,1.2729
26.32,20.704,126.71,5,-1.0691,32.38,163.31,0,6,1.0214,0.6762,0.81456,112.05,0.36251
51.655,30.26,8.2388,5,-0.22487,25.955,164.21,0,25,1.0045,0.74045,0.82456,116.24,1.7919
60.963,38.19,-85.371,5,-2.7628,40.893,164.29,0,14,1.0553,0.59107,0.82544,108.61,1.1151
22.66,34.607,-10.173,5,-1.9899,10.281,165.58,0,14,1.0398,0.89719,0.83978,128.32,0.98761
61.098,45.405,56.666,5,-4.3805,78.75,164.32,0,16,1.0876,0.2125,0.82578,94.511,1.436
36.279,43.092,173.36,5,-2.327,53.526,164.3,0,8,1.0465,0.46474,0.82556,102.07,0.6833
57.999,23.595,266.24,5,-1.523,25.753,164.27,0,13,1.0305,0.74247,0.82522,116.98,0.8461
36.39,37.642,-4.3476,5,-1.7447,21.34,164.34,0,17,1.0349,0.7866,0.826,119.96,1.3317
31.149,41.173,213.74,5,-3.0766,44.87,165.14,0,7,1.0615,0.5513,0.83489,107.25,0.56659
11.163,16.558,56.802,5,-4.4876,42.924,155.47,0,7,1.0898,0.57076,0.72744,102.53,0.38028
56.151,24.141,-72.223,5,-0.1138,21.184,164.26,0,13,1.0023,0.78816,0.82511,119.32,0.85405
11.626,39.034,163.77,5,-2.8001,43.143,164.25,0,3,1.056,0.56857,0.825,107.39,0.20823
49.076,42.39,90.903,5,-4.4204,65.589,164.3,0,12,1.0884,0.34411,0.82556,98.317,1.0413
11.498,17.303,42.282,5,-0.45905,47.698,155.78,0,8,1.0092,0.52302,0.73089,98.024,0.4385
86.475,23.638,86.977,5,-0.85079,56.194,164.23,0,19,1.017,0.43806,0.82478,100.07,1.1226
30.278,17.177,170.16,5,-3.492,26.362,164.36,0,7,1.0698,0.73638,0.82622,117.53,0.41109
85.104,18.743,-4.6055,5,92.143,-2.1332,222.29,0,6,0.84286,1.0213,1.4699,172.36,0.33892
92.446,9.1907,34.285,5,-0.14503,57.173,164.21,0,24,1.0029,0.42827,0.82456,99.276,1.1971
10.135,8.3888,215.01,5,-4.5375,6.2394,178.41,0,3,1.0907,0.93761,0.98233,139.93,0.15014
92.385,20.112,91.485,5,-0.30015,53.558,164.21,0,20,1.006,0.46442,0.82456,100.97,1.1058
72.152,18.627,85.298,5,-0.41649,47.309,164.21,0,16,1.0083,0.52691,0.82456,104.04,0.94861
29.706,34.851,68.371,5,-2.9945,59.444,163.46,0,9,1.0599,0.40556,0.81622,99.245,0.65947
17.771,15.522,155.97,5,-1.2518,21.678,163.57,0,4,1.025,0.78322,0.81744,119.05,0.2212
20.608,48.277,-13.213,5,-1.0636,21.75,166.79,0,13,1.0213,0.7825,0.85322,120.94,1.0926
15.682,35.077,127.68,5,-1.9771,44.16,160.19,0,4,1.0395,0.5584,0.77989,103.66,0.27235
29.953,14.725,200.08,5,-4.2943,20.672,164.83,0,7,1.0859,0.79328,0.83144,121.82,0.39955
62.478,15.612,168.94,5,-4.7707,35.036,164.33,0,14,1.0954,0.64964,0.82589,112.89,0.82058
44.181,38.365,-1.7922,5,-2.5904,26.324,164.29,0,19,1.0518,0.73676,0.82544,117.1,1.5345
59.664,37.422,-75.063,5,-2.153,37.133,164.28,0,14,1.0431,0.62867,0.82533,110.41,1.1055
7.7281,28.184,49.395,5,-3.2828,56.188,151.42,0,7,1.0657,0.43812,0.68244,92.363,0.42
33.947,42.612,112.65,5,-2.1836,58.363,163.94,0,8,1.0437,0.41637,0.82156,99.619,0.67124
54.983,36.524,-13.593,5,-1.9012,26.798,164.26,0,18,1.038,0.73202,0.82511,116.48,1.4135
21.876,9.1254,127.45,5,-0.67101,19.486,162.32,0,5,1.0134,0.80514,0.80356,119.5,0.26281
62.081,15.791,-26.655,5,63.167,-1.5519,234.17,0,4,0.26333,1.0155,1.6019,176.84,0.2351
91.46,19.637,54.762,5,-2.864,61.173,164.28,0,22,1.0573,0.38827,0.82533,99.094,1.2164
60.023,32.876,222.15,5,-2.7456,45.221,164.28,0,13,1.0549,0.54779,0.82533,106.3,0.95773
71.715,13.816,79.134,5,-4.666,44.704,164.33,0,17,1.0933,0.55296,0.82589,107.57,0.95637
34.622,39.225,160.6,5,-3.7497,50.512,164.29,0,8,1.075,0.49488,0.82544,104.2,0.63806
14.615,19.979,188.4,5,-0.23545,21.829,168.69,0,3,1.0047,0.78171,0.87433,121.76,0.17144
28.353,48.507,29.69,5,-0.86122,85.237,163.95,0,13,1.0172,0.14763,0.82167,90.958,1.1637
57.775,29.495,238.14,5,-4.4149,38.426,164.33,0,13,1.0883,0.61574,0.82589,110.8,0.91636
21.773,21.14,217.27,5,-2.73,20.911,168.46,0,5,1.0546,0.79089,0.87178,123.25,0.29847
71.386,24.817,-88.633,5,-2.6196,32.215,164.27,0,16,1.0524,0.67785,0.82522,113.49,1.0235
68.713,48.812,105.93,5,-1.2759,73.704,164.24,0,15,1.0255,0.26296,0.82489,93.98,1.3761
55.357,11.679,58.692,5,-0.8435,42.268,164.22,0,14,1.0169,0.57732,0.82467,106.9,0.79111
14.679,34.571,46.687,5,-0.98919,63.83,158.04,0,8,1.0198,0.3617,0.756,92.399,0.53797
47.038,48.019,92.508,5,-1.7849,69.755,164.21,0,11,1.0357,0.30245,0.82456,95.413,1.0564
85.196,41.492,-8.8483,5,-3.3371,42.787,164.29,0,25,1.0667,0.57213,0.82544,107.88,1.8307
91.179,13.877,-34.41,5,87.71,-2.8135,217.36,0,4,0.75419,1.0281,1.4151,167.97,0.20951
43.646,8.0745,-53.606,5,43.736,-1.6812,257.85,0,2,0.12528,1.0168,1.865,196.35,0.10852
75.918,33.883,-68.08,5,-4.095,38.969,164.31,0,18,1.0819,0.61031,0.82567,110.33,1.2673
59.664,28.04,-10.315,5,-4.6405,20.927,164.33,0,20,1.0928,0.79073,0.82589,121.5,1.3773
83.433,15.699,-6.9984,5,92.243,-2.7593,243.11,0,5,0.84485,1.0276,1.7012,189.17,0.27567
20.188,26.787,220.34,5,-4.2234,25.772,169.22,0,5,1.0845,0.74228,0.88022,121.35,0.31626
35.815,33.988,154.94,5,-2.431,45.665,164.23,0,8,1.0486,0.54335,0.82478,105.88,0.59243
81.478,38.954,235.45,5,-4.7882,56.599,164.33,0,18,1.0958,0.43401,0.82589,102.03,1.3104
61.263,45.63,141.79,5,-0.74331,64.95,164.22,0,13,1.0149,0.3505,0.82467,96.499,1.1706
38.176,28.43,66.664,5,-4.6146,55.032,164.17,0,11,1.0923,0.44968,0.82411,102.5,0.7582
59.578,27.117,104.91,5,-0.59201,49.528,164.22,0,13,1.0118,0.50472,0.82467,103.03,0.88424
62.299,21.189,-9.0215,5,66.502,-0.70675,217.72,0,6,0.33005,1.0071,1.4191,163.48,0.37611
57.736,33.639,127.71,5,-3.82,53.905,164.3,0,13,1.0764,0.46095,0.82556,102.67,0.97291
64.344,46.293,58.257,5,-1.848,79.248,164.25,0,16,1.037,0.20752,0.825,92.908,1.4391
11.082,11.611,-63.296,5,9.5199,-2.8594,246.53,0,3,0.8096,1.0286,1.7392,191.63,0.15532
52.839,20.63,266.06,5,-1.8196,20.831,164.33,0,12,1.0364,0.79169,0.82589,120.32,0.75547
21.714,38.6,-81.687,5,-4.9106,23.41,174.25,0,7,1.0982,0.7659,0.93611,126.41,0.51773
82.976,14,252.6,5,-2.151,28.045,164.26,0,18,1.043,0.71955,0.82511,115.81,0.97714
16.658,36.25,121.59,5,-0.55095,46.037,159.29,0,4,1.011,0.53963,0.76989,101.33,0.278
90.704,10.792,266.81,5,-2.502,24.581,164.27,0,20,1.05,0.75419,0.82522,118.15,1.0198
40.454,14.344,0.84481,5,59.641,-2.4565,263.48,0,6,0.19281,1.0246,1.9276,201.71,0.34808
52.855,16.144,-51.761,5,45.525,-0.13361,210.99,0,4,0.089495,1.0013,1.3443,157.12,0.23837
13.225,38.159,23.808,5,-3.4858,77.726,163.18,0,13,1.0697,0.22274,0.81311,93.339,0.90341
68.153,26.43,111.42,5,-2.2308,50.77,164.26,0,15,1.0446,0.4923,0.82511,103.28,0.98975
51.197,45.308,51.183,5,-1.7592,77.459,164.24,0,14,1.0352,0.22541,0.82489,93.267,1.2796
63.805,27.992,-15.6,5,-0.74954,21.745,164.22,0,19,1.015,0.78255,0.82467,119.2,1.2957
60.109,9.3327,242.86,5,-1.7811,17.39,164.26,0,13,1.0356,0.8261,0.82511,122.56,0.71249
81.608,36.78,-42.201,5,-1.4239,39.093,164.24,0,20,1.0285,0.60907,0.82489,108.93,1.4148
70.615,14.441,232.76,5,-1.3921,28.071,164.24,0,15,1.0278,0.71929,0.82489,115.44,0.8522
58.395,9.5074,161.38,5,-3.9642,27.839,164.31,0,13,1.0793,0.72161,0.82567,116.8,0.71522
40.145,45.853,-14.45,5,-4.4654,29.981,164.43,0,16,1.0893,0.70019,0.827,115.8,1.4536
56.508,8.153,-15.508,5,65.058,-3.1333,-77.418,0,3,0.30117,1.0313,1.8602,197.21,0.16291
51.34,18.771,99.422,5,-3.3008,40.726,164.28,0,12,1.066,0.59274,0.82533,108.96,0.73856
34.914,29.833,268.53,5,-4.3871,22.391,165.82,0,9,1.0877,0.77609,0.84244,121.37,0.627
90.166,48.067,128.68,5,-0.27562,76.65,164.21,0,19,1.0055,0.2335,0.82456,92.628,1.447
77.583,32.186,2.5578,5,-0.55805,32.298,164.22,0,26,1.0112,0.67702,0.82467,112.46,1.7757
11.417,14.735,48.644,5,-0.0151,42.321,152.79,0,7,1.0003,0.57679,0.69767,98.848,0.37398
75.038,35.012,198.55,5,-2.1114,55.415,164.26,0,16,1.0422,0.44585,0.82511,101.08,1.1487
31.787,28.584,65.502,5,-0.27874,53.416,163.44,0,9,1.0056,0.46584,0.816,100.46,0.61057
9.4688,8.319,-76.205,5,7.612,-1.3922,250.56,0,2,0.84776,1.0139,1.784,194.57,0.09976
62.818,29.513,8.3454,5,-1.3035,29.067,164.24,0,27,1.0261,0.70933,0.82489,114.78,1.8843
46.695,44.549,269.44,5,-2.5149,41.6,164.51,0,11,1.0503,0.584,0.82789,108.26,0.9901
54.63,13.579,197.77,5,-3.4296,27.9,164.3,0,12,1.0686,0.721,0.82556,116.51,0.69328
54.836,36.745,-14.228,5,-2.5558,27.169,164.28,0,18,1.0511,0.72831,0.82533,116.55,1.4187
67.707,7.2627,92.648,5,-0.96171,33.691,164.23,0,15,1.0192,0.66309,0.82478,111.82,0.79438
51.728,35.117,-85.334,5,-2.0917,33.735,164.36,0,12,1.0418,0.66265,0.82622,112.4,0.92442
44.247,40.06,182.17,5,-4.0706,52.764,164.33,0,10,1.0814,0.47236,0.82589,103.34,0.83036
22.347,10.94,140.66,5,-0.94104,19.848,163.18,0,5,1.0188,0.80152,0.81311,119.89,0.26808
77.001,23.537,6.1031,5,-1.8951,25.426,164.25,0,28,1.0379,0.74574,0.825,117.33,1.7265
87.49,47.598,244.64,5,-3.0362,64.905,164.28,0,19,1.0607,0.35095,0.82533,97.786,1.4744
64.306,47.63,11.357,5,102.82,45.517,-36.077,0,8,1.0565,0.54483,1.4009,147.15,0.73679
42.203,41.005,-35.891,5,-1.6203,26.425,164.57,0,13,1.0324,0.73575,0.82856,116.78,1.0923
53.094,45.872,110.94,5,-2.642,66.418,164.27,0,12,1.0528,0.33582,0.82522,97.031,1.1067
55.577,21.569,22.999,5,-2.8374,66.151,164.28,0,20,1.0567,0.33849,0.82533,97.237,1.2718
23.391,8.0738,88.878,5,-4.0657,26.953,162.27,0,7,1.0813,0.73047,0.803,116.11,0.36573
87.782,43.017,-54.464,5,-4.0383,50.405,164.31,0,21,1.0808,0.49595,0.82567,104.41,1.5358
47.985,30.558,131.39,5,-4.0302,47.923,164.3,0,11,1.0806,0.52077,0.82556,105.6,0.79169
78.194,46.033,155.47,5,-3.2409,70.364,164.29,0,17,1.0648,0.29636,0.82544,96.083,1.396
50.515,40.841,139.96,5,-1.8084,57.549,164.25,0,11,1.0362,0.42451,0.825,99.996,0.92966
90.738,29.997,-28.217,5,-1.3003,33.792,164.24,0,23,1.026,0.66208,0.82489,111.92,1.4199
78.839,43.531,-39.251,5,-3.0303,44.86,164.28,0,20,1.0606,0.5514,0.82533,106.63,1.5771
16.917,13.863,81.657,5,-3.5595,33.216,158.6,0,6,1.0712,0.66784,0.76222,109.7,0.32513
64.787,37.804,-54.983,5,-2.5969,36.545,164.28,0,16,1.0519,0.63455,0.82533,110.95,1.2514
83.704,45.274,44.293,5,-1.204,87.168,164.24,0,21,1.0241,0.12832,0.82489,91.094,1.6337
24.845,34.487,105.88,5,-0.58303,49.013,162.23,0,6,1.0117,0.50987,0.80256,101.86,0.42749
68.246,17.397,266.13,5,-1.0071,23.327,164.23,0,15,1.0201,0.76673,0.82478,118.28,0.88658
73.271,22.619,71.495,5,-1.6294,54.614,164.25,0,17,1.0326,0.45386,0.825,101.19,1.0519
34.352,12.179,-76.134,5,27.261,-0.31575,220.11,0,3,0.45478,1.0032,1.4457,165.86,0.16815
21.769,21.72,203.96,5,-2.8866,23.988,166.79,0,5,1.0577,0.76012,0.85322,120.3,0.30043
57.351,40.072,152.96,5,-0.071355,57.424,164.2,0,12,1.0014,0.42576,0.82444,99.124,0.99375
58.284,31.157,236.33,5,-4.0011,40.528,164.32,0,13,1.08,0.59472,0.82578,109.44,0.93742
40.248,22.198,165.37,5,-3.0072,34.605,164.29,0,9,1.0601,0.65395,0.82544,112.27,0.5739
33.721,27.71,-76.306,5,-2.6392,15.899,166.58,0,9,1.0528,0.84101,0.85089,125.33,0.60728
91.528,21.106,121.7,5,-3.4527,51.561,164.29,0,20,1.0691,0.48439,0.82544,103.55,1.1216
77.445,30.091,233.93,5,-4.0994,46.521,164.31,0,17,1.082,0.53479,0.82567,106.34,1.1318
63.286,19.073,65.875,5,-0.33122,49.462,164.21,0,15,1.0066,0.50538,0.82456,102.93,0.91452
21.848,9.914,134.01,5,-1.1018,19.53,162.77,0,5,1.022,0.8047,0.80856,119.93,0.26488
71.722,47.128,178.15,5,-0.39212,67.667,164.21,0,15,1.0078,0.32333,0.82456,95.352,1.3121
48.849,27.878,-54.331,5,-2.675,19.369,164.41,0,13,1.0535,0.80631,0.82678,121.71,0.90114
61.444,22.187,-48.906,5,-3.848,18.713,164.31,0,16,1.077,0.81287,0.82567,122.59,1.0172
35.736,46.296,-69.76,5,-3.9974,34.288,165.72,0,10,1.0799,0.65712,0.84133,113.87,0.89983
14.23,17.487,17.778,5,-4.3872,60.655,164.04,0,16,1.0877,0.39345,0.82267,99.94,0.88955
76.035,19.69,-32.827,5,-3.6967,20.133,164.3,0,20,1.0739,0.79867,0.82556,121.58,1.1845
22.19,18.818,250.58,5,-4.7648,11.159,171.75,0,6,1.0953,0.88841,0.90833,132.57,0.34959
34.733,34.877,2.4803,5,-0.38763,20.082,164.25,0,19,1.0078,0.79918,0.825,120.16,1.4203
71.114,18.352,-25.814,5,67.591,-1.2928,208.99,0,5,0.35183,1.0129,1.3221,157.25,0.29644
88.834,45.953,-67.673,5,-0.76551,54.374,164.22,0,20,1.0153,0.45626,0.82467,100.83,1.5026
85.621,10.045,64.458,5,-2.1405,47.185,164.26,0,20,1.0428,0.52815,0.82511,104.99,1.0336
21.514,46.119,238.1,5,-1.8585,40.969,172.89,0,5,1.0372,0.59031,0.921,114.21,0.41019
89.243,8.604,115.09,5,-0.61441,38.196,164.22,0,19,1.0123,0.61804,0.82467,109.04,0.95511
75.847,41.592,151.65,5,-0.73478,64.68,164.22,0,16,1.0147,0.3532,0.82467,96.593,1.2525
49.165,24.528,-29.354,5,-2.2339,12.777,164.33,0,15,1.0447,0.87223,0.82589,125.94,0.99368
25.536,7.9281,222.84,5,-3.6694,7.953,166.94,0,6,1.0734,0.92047,0.85489,131.43,0.31491
84.093,34.729,118.77,5,-1.1619,62.579,164.23,0,18,1.0232,0.37421,0.82478,97.611,1.2222
20.036,28.749,123.42,5,-2.1677,39.697,161.88,0,5,1.0434,0.60303,0.79867,107.35,0.32344
83.108,46.076,-62.289,5,-0.46175,51.518,164.22,0,19,1.0092,0.48482,0.82467,102.01,1.5014
35.277,22.239,-81.344,5,-2.3826,12.341,166.12,0,9,1.0477,0.87659,0.84578,127.37,0.5686
50.495,19.601,-4.8165,5,60.616,-1.3047,233.66,0,6,0.21232,1.013,1.5962,176.11,0.37313
78.564,21.992,166.44,5,-2.9957,45.923,164.28,0,17,1.0599,0.54077,0.82533,106.07,1.0232
29.07,37.344,156.39,5,-4.4001,47.549,164.25,0,7,1.088,0.52451,0.825,105.94,0.52982
77.197,31.087,-54.109,5,-4.8138,35.041,164.33,0,19,1.0963,0.64959,0.82589,112.91,1.2823
19.261,8.5476,157.38,5,-4.61,15.957,164.02,0,5,1.0922,0.84043,0.82244,124.6,0.25912
49.004,45.859,143.34,5,-3.41,62.349,164.29,0,11,1.0682,0.37651,0.82544,98.941,1.0157
81.537,24.02,12.603,5,101.05,28.398,12.689,0,4,1.021,0.71602,0.85901,117.09,0.24311
92.511,38.118,52.019,5,-0.74761,80.152,164.22,0,22,1.015,0.19848,0.82467,92.075,1.4652
31.832,19.514,-89.325,5,-2.3546,10.059,167.32,0,8,1.0471,0.89941,0.85911,129.65,0.48478
20.801,37.279,218.7,5,-3.663,36.669,168.84,0,5,1.0733,0.63331,0.876,114.48,0.36135
37.458,37.523,-30.865,5,-2.7629,20.136,164.8,0,13,1.0553,0.79864,0.83111,121.48,1.02
25.343,42.648,-57.975,5,-4.4749,23.231,169.83,0,9,1.0895,0.76769,0.887,123.43,0.72083
71,18.266,193.31,5,-1.312,37.701,164.24,0,15,1.0262,0.62299,0.82489,109.66,0.88875
15.51,8.1961,-86.638,5,11.575,-0.86388,237.56,0,2,0.76851,1.0086,1.6396,182.82,0.10197
89.115,33.422,156.81,5,-1.9017,60.621,164.25,0,19,1.038,0.39379,0.825,98.78,1.2303
16.991,21.859,-84.614,5,-4.8488,6.0451,181.84,0,6,1.097,0.93955,1.0204,142.37,0.35366
20.892,13.592,21.583,5,-3.9115,54.664,164.08,0,15,1.0782,0.45336,0.82311,102.22,0.82256
32.51,9.359,-58.495,5,32.354,-0.44518,257.77,0,2,0.35292,1.0045,1.8641,196.33,0.10833
44.627,12.414,-39.202,5,45.786,-1.5643,248.97,0,3,0.084273,1.0156,1.7663,188.69,0.17094
60.073,45.33,123.07,5,-1.2899,65.959,164.24,0,13,1.0258,0.34041,0.82489,96.442,1.1693
22.862,47.084,243.95,5,-4.8946,41.405,170.24,0,6,1.0979,0.58595,0.89156,113.51,0.50446
44.455,44.78,-67.316,5,-0.27966,35.506,164.69,0,11,1.0056,0.64494,0.82989,110.75,0.99102
71.481,37.39,-50.673,5,-4.5299,38.477,164.32,0,18,1.0906,0.61523,0.82578,110.82,1.3597
69.856,14.834,8.2158,5,94.624,-2.881,243.46,0,8,0.89248,1.0288,1.7051,190.07,0.4574
66.787,29.574,136.76,5,-4.7149,51.93,164.33,0,15,1.0943,0.4807,0.82589,104.06,1.0359
32.111,11.86,158.56,5,-1.4088,21.917,164.2,0,7,1.0282,0.78083,0.82444,119.35,0.38916
46.192,27.89,250.51,5,-0.6012,28.574,164.47,0,10,1.012,0.71426,0.82744,114.93,0.69242
7.6288,46.978,246.84,5,-4.4403,38.667,199.74,0,3,1.0888,0.61333,1.2193,137,0.221
48.728,19.37,-37.855,5,41.868,-0.19733,204.58,0,5,0.16264,1.002,1.2731,152.43,0.31002
79.886,19.162,180.21,5,-1.8254,42.489,164.25,0,17,1.0365,0.57511,0.825,107.27,0.98624
50.271,44.472,76.016,5,-0.67448,69.828,164.2,0,12,1.0135,0.30172,0.82444,94.783,1.0805
44.003,43.729,197.35,5,-4.5286,54.885,164.36,0,10,1.0906,0.45115,0.82622,102.66,0.88356
61.12,35.754,144.5,5,-0.94707,54.925,164.23,0,13,1.0189,0.45075,0.82478,100.68,0.99692
31.91,33.019,28.928,5,-2.0966,70.71,164.14,0,14,1.0419,0.2929,0.82378,95.23,1.0089
55.9,23.484,46.117,5,-4.6958,58.905,164.32,0,16,1.0939,0.41095,0.82578,101.01,1.0424
51.611,27.396,85.532,5,-1.1766,51.231,164.22,0,12,1.0235,0.48769,0.82467,102.5,0.8262
43.105,16.417,-71.066,5,-2.4616,7.898,164.76,0,11,1.0492,0.92102,0.83067,129.71,0.6558
67.208,8.7098,162.23,5,-4.7435,29.87,164.33,0,15,1.0949,0.7013,0.82589,115.93,0.80734
69.319,36.054,244.61,5,-2.0503,47.095,164.26,0,15,1.041,0.52905,0.82511,104.99,1.1227
66.091,25.201,168.4,5,-1.128,44.73,164.23,0,14,1.0226,0.5527,0.82478,105.73,0.91491
32.328,46.908,267.89,5,-2.1212,37.938,167.14,0,8,1.0424,0.62062,0.85711,111.89,0.71485
55.073,18.275,-8.8707,5,63.923,-0.25956,241.7,0,5,0.27847,1.0026,1.6856,182.37,0.30531
31.345,37.814,264.22,5,-3.6877,29.735,167.02,0,8,1.0738,0.70265,0.85578,117.27,0.61611
17.686,12.815,239.72,5,-0.48664,6.3399,180.85,0,4,1.0097,0.9366,1.0094,139.91,0.2151
26.265,36.594,144.49,5,-2.0172,46.447,163.85,0,6,1.0403,0.53553,0.82056,105.01,0.44311
80.747,34.072,-32.985,5,-3.9916,36.271,164.31,0,21,1.0798,0.63729,0.82567,111.8,1.4434
43.591,25.141,46.871,5,-1.6435,57.343,164.2,0,13,1.0329,0.42657,0.82444,99.962,0.86513
43.23,14.774,9.1944,5,76.219,-0.63945,256.62,0,9,0.52438,1.0064,1.8513,196.41,0.52635
56.093,46.971,-46.122,5,-2.9936,40.428,164.31,0,15,1.0599,0.59572,0.82567,108.99,1.4051
17.325,25.599,194.52,5,-2.4492,27.894,167.54,0,4,1.049,0.72106,0.86156,118.16,0.24612
79.249,22.717,251.94,5,-1.1399,35.387,164.23,0,17,1.0228,0.64613,0.82478,110.91,1.0286
46.241,22.167,156.96,5,-1.6556,36.492,164.24,0,10,1.0331,0.63508,0.82489,110.51,0.64165
59.741,47.47,200.63,5,-3.1124,63.034,164.29,0,13,1.0622,0.36966,0.82544,98.521,1.2167
90.13,18.988,135.4,5,-0.50849,47.159,164.22,0,19,1.0102,0.52841,0.82467,104.17,1.0508
9.2905,16.716,257.57,5,-1.2021,6.5498,208.25,0,3,1.024,0.9345,1.3139,159.18,0.16181
81.581,47.116,70.854,5,-2.9105,81.884,164.28,0,19,1.0582,0.18116,0.82533,92.98,1.5423
51.878,49.525,-40.3,5,-0.25015,40.146,164.28,0,14,1.005,0.59854,0.82533,107.82,1.3859
37.553,25.265,79.346,5,-3.5919,48.404,164.09,0,10,1.0718,0.51596,0.82322,104.99,0.65994
40.557,16.551,62.755,5,-1.2648,43.581,164.1,0,11,1.0253,0.56419,0.82333,106.31,0.65491
23.035,45.8,140.67,5,-0.26131,54.69,163.2,0,5,1.0052,0.4531,0.81333,99.687,0.41297
70.91,22.6,4.4199,5,79.394,-0.90764,192.44,0,9,0.58789,1.0091,1.1382,146.77,0.56128
8.1119,25.964,-65.376,5,-1.0475,4.8961,213.8,0,5,1.021,0.95104,1.3756,164.25,0.2939
12.068,32.359,223.14,5,-2.2753,28.836,182.13,0,3,1.0455,0.71164,1.0237,127.61,0.19342
57.55,16.505,12.812,5,-3.7644,79.154,164.3,0,33,1.0753,0.20846,0.82556,94.051,1.9681
13.033,47.896,-22.292,5,-3.1176,17.492,173.5,0,11,1.0624,0.82508,0.92778,128.85,0.86091
16.38,43.663,-16.5,5,-1.4209,14.734,169.54,0,12,1.0284,0.85266,0.88378,127.44,0.91455
32.542,17.631,254.98,5,-3.8899,12.47,166.27,0,8,1.0778,0.8753,0.84744,128,0.47507
7.1842,15.029,-87.922,5,-0.15562,2.4211,223.39,0,3,1.0031,0.97579,1.4821,172.71,0.15765
30.001,17.179,9.393,5,67.46,-0.69515,240.43,0,11,0.34919,1.007,1.6714,181.86,0.64553
77.952,27.829,178.43,5,-3.7508,51.208,164.3,0,17,1.075,0.48792,0.82556,103.88,1.0983
28.744,39.2,190.05,5,-0.57323,45.107,164.8,0,6,1.0115,0.54893,0.83111,105.67,0.46578
79.367,13.682,9.4775,5,103.88,11.992,-21.964,0,5,1.0777,0.88008,1.244,152.26,0.27419
20.113,18.579,238.87,5,-3.1648,13.08,173.46,0,5,1.0633,0.8692,0.92733,131.71,0.28824
79.492,41.094,-50.3,5,-1.4269,44.161,164.24,0,19,1.0285,0.55839,0.82489,106.18,1.4421
22.066,49.739,90.489,5,-0.81993,66.97,160.67,0,6,1.0164,0.3303,0.78522,93.102,0.52173
71.119,31.945,93.107,5,-2.4626,59.633,164.27,0,16,1.0493,0.40367,0.82522,99.488,1.1227
59.989,48.3,261.95,5,-0.10296,51.751,164.23,0,13,1.0021,0.48249,0.82478,101.73,1.2344
56.655,40.328,262.45,5,-3.3452,43.281,164.32,0,13,1.0669,0.56719,0.82578,107.64,1.0826
60.334,48.792,241.65,5,-1.6349,57.142,164.26,0,13,1.0327,0.42858,0.82511,100.09,1.2443
20.445,44.203,247.75,5,-1.8729,36.381,176.27,0,5,1.0375,0.63619,0.95856,119.08,0.39594
27.728,27.346,261.47,5,-2.7308,18.318,169.28,0,7,1.0546,0.81682,0.88089,125.45,0.46058
77.161,33.237,-7.9713,5,-0.78198,31.301,164.22,0,23,1.0156,0.68699,0.82467,113.17,1.5955
52.306,33.492,-50.791,5,-3.2264,26.112,164.35,0,14,1.0645,0.73888,0.82611,117.56,1.0519
36.914,37.53,61.883,5,-4.2002,65.12,164.12,0,11,1.084,0.3488,0.82356,98.224,0.86172
16.164,23.094,176.89,5,-3.357,27.383,165.5,0,4,1.0671,0.72617,0.83889,117.56,0.23804
17.631,36.12,186.58,5,-2.0475,39.425,166.45,0,4,1.041,0.60575,0.84944,110.56,0.27928
