38.1,36.26,9.2201,5,49.99,103.11,90.111,1,15,0.00020153,0.031144,0.0012333,3.112,1.1567
41.335,13.156,30.91,5,49.981,102.26,90.002,1,19,0.00038528,0.022574,2.2222e-05,2.2601,1.0885
19.148,8.2432,-6.5796,5,49.981,102.7,90.004,1,23,0.00038153,0.027002,4.4444e-05,2.7001,1.188
30.648,20.047,231.74,5,18.481,-1.5108,-62.521,0,6,0.63038,1.0151,1.6947,185.9,0.36469
48.547,37.388,133.75,5,49.978,101.29,89.974,1,13,0.00043296,0.012911,0.00028889,1.2904,1.0379
90.623,46.089,112.18,5,49.093,101.52,86.436,1,16,0.018134,0.015204,0.0396,3.9793,1.1851
92.388,44.538,248.41,5,49.926,101.52,89.346,1,19,0.001471,0.015234,0.0072667,1.6564,1.3609
64.126,47.783,57.215,5,49.282,102.94,83.98,0,12,0.014352,0.029372,0.066889,6.7379,1.1092
43.393,15.553,34.595,5,49.981,100.59,90.01,1,18,0.00037232,0.005909,0.00011111,0.59039,1.0625
39.579,26.961,26.153,5,49.989,100.79,90.096,1,16,0.00022604,0.0079342,0.0010667,0.79589,1.0843
49.849,36.019,222.51,5,50.749,100.72,96.63,0,17,0.014975,0.0071994,0.073667,6.7109,1.3285
73.139,14.457,-81.014,5,76.932,-0.0071139,-81.748,0,3,0.53863,1.0001,1.9083,200.56,0.16927
21.512,14.991,157.2,5,8.7037,-1.1453,-78.535,0,5,0.82593,1.0115,1.8726,200.85,0.27885
58.649,46.419,156.33,5,49.96,102.21,89.751,1,12,0.00080813,0.022058,0.0027667,2.2243,1.1055
59.671,45.21,107.74,5,49.946,102.34,89.59,1,12,0.0010827,0.023448,0.0045556,2.3763,1.0784
68.397,20.44,-3.2522,5,49.98,102.25,89.998,1,35,0.00039205,0.022479,2.2222e-05,2.2501,2.143
63.019,35.898,32.092,5,49.553,104.47,85.393,0,15,0.0089463,0.04467,0.051189,6.4347,1.1466
64.012,26.035,197.43,5,49.979,100.77,89.983,1,17,0.00041786,0.0077384,0.00018889,0.77047,1.1291
90.998,16.846,190.51,5,49.979,101.9,89.981,1,23,0.00042074,0.018983,0.00021111,1.9002,1.2404
31.914,25.409,16.065,5,49.984,104.81,90.036,1,18,0.00032824,0.048097,0.0004,4.8102,1.1726
81.387,23.158,76.815,5,49.93,101.04,89.41,1,19,0.0013932,0.01039,0.0065556,1.1977,1.1445
37.417,29.986,213.2,5,-2.0422,31.887,237.07,0,9,1.0408,0.68113,1.6341,170.23,0.6326
42.107,37.416,-1.2634,5,49.988,102.42,90.089,1,14,0.00023797,0.024233,0.00098889,2.4217,1.1097
38.99,30.464,269.87,5,18.039,-0.16283,-40.624,0,10,0.63921,1.0016,1.4514,167.68,0.7102
42.574,43.308,254.02,5,49.989,100.7,90.097,1,33,0.00022469,0.0070344,0.0010778,0.70677,2.8858
64.315,36.387,222.86,5,49.978,100.95,89.965,1,16,0.00044768,0.0095399,0.00038889,0.9509,1.2269
21.283,24.696,151.65,5,49.982,100.84,90.015,1,33,0.0003632,0.0084376,0.00016667,0.84033,2.0473
80.362,16.289,105.59,5,49.973,104.25,89.913,1,21,0.00053471,0.042481,0.00096667,4.251,1.1791
82.317,49.827,-40.268,5,49.963,100.71,89.789,1,22,0.00074457,0.0071334,0.0023444,0.74161,1.8432
70.657,12.454,33.653,5,49.961,103.27,89.763,1,21,0.00078669,0.032701,0.0026333,3.2788,1.1673
86.009,19.484,62.387,5,49.966,103.94,89.832,1,21,0.00067004,0.039449,0.0018667,3.9437,1.1905
70.359,14.034,-83.154,5,79.281,-3.4382,-81.259,0,4,0.58562,1.0344,1.9029,202.2,0.22639
42.055,13.071,83.066,5,49.981,100.73,90.003,1,18,0.00038275,0.0072584,3.3333e-05,0.73025,1.031
31.45,49.174,224.99,5,49.984,101.81,90.046,1,27,0.00031042,0.018124,0.00051111,1.8107,2.4951
38.712,49.597,35.414,5,50.117,102.38,91.435,1,12,0.0023322,0.02384,0.015944,2.7816,1.1616
40.223,34.856,127.53,5,50.022,101.94,90.478,1,14,0.00043978,0.019393,0.0053111,1.9981,1.0626
70.865,30.027,110.97,5,49.968,104.74,89.852,1,17,0.00063686,0.047414,0.0016444,4.7424,1.1641
59.752,28.041,115.91,5,49.978,104.05,89.967,1,16,0.00044418,0.040507,0.00036667,4.0502,1.1017
29.581,9.9981,-29.465,5,49.981,104.18,90.006,1,22,0.000379,0.04178,6.6667e-05,4.18,1.1919
48.029,40.615,28.506,5,49.986,103.28,90.063,1,13,0.00028295,0.032808,0.0007,3.2806,1.094
43.909,47.929,198.12,5,53.658,103.39,77.293,0,14,0.073167,0.03386,0.14119,13.651,1.3352
74.563,41.406,244.95,5,49.966,104.91,89.827,1,18,0.00068063,0.049116,0.0019222,4.9132,1.4166
62.08,32.329,93.346,5,49.971,103.02,89.891,1,15,0.00057267,0.030235,0.0012111,3.0221,1.0911
36.019,33.998,227.59,5,49.981,101.4,90.01,1,32,0.00037213,0.014016,0.00011111,1.4002,2.3715
74.198,7.2136,111.39,5,49.98,104.01,89.995,1,22,0.00039634,0.040095,5.5556e-05,4.0101,1.1471
50.862,17.06,-88.051,5,49.956,103.44,89.705,1,26,0.00088296,0.03441,0.0032778,3.4529,1.5673
54.329,26.577,116.72,5,49.98,100.17,89.996,1,15,0.00039573,0.0016775,4.4444e-05,0.17122,1.0197
84.001,33.048,-5.7215,5,49.98,102.86,89.99,1,29,0.00040571,0.02865,0.00011111,2.8601,1.931
44.821,29.242,-3.7188,5,49.981,103.42,90.005,1,16,0.00037952,0.034158,5.5556e-05,3.4201,1.1276
71.758,36.494,219.42,5,49.973,102.92,89.909,1,17,0.00054082,0.029178,0.0010111,2.9215,1.2662
71.664,12.626,148.02,5,49.98,104.9,89.995,1,21,0.00039662,0.049014,5.5556e-05,4.9,1.1664
55.133,44.711,192.67,5,49.998,101.49,90.198,1,13,4.9748e-05,0.014917,0.0022,1.5031,1.1706
25.32,33.28,252.6,5,49.981,104.98,90.002,1,27,0.00038512,0.049796,2.2222e-05,4.98,1.8977
33.456,30.26,20.719,5,49.988,100.9,90.092,1,16,0.00023301,0.0090235,0.0010222,0.90477,1.1161
23.368,13.516,-49.11,5,49.981,100.88,90.006,1,22,0.00037752,0.0087611,6.6667e-05,0.88023,1.2156
89.146,23.736,265.09,5,49.978,103.49,89.97,1,24,0.0004397,0.034927,0.00033333,3.4902,1.3999
77.932,25.572,192.56,5,49.972,102.75,89.904,1,19,0.00055018,0.027526,0.0010667,2.7518,1.195
92.204,26.661,155.14,5,49.955,101.78,89.702,1,20,0.00089163,0.017849,0.0033111,1.8053,1.1818
34.87,18.767,71.313,5,49.983,103.21,90.028,1,18,0.00034164,0.032058,0.00031111,3.2102,1.0892
29.009,32.558,116.32,5,50.144,102.72,91.566,1,16,0.0028718,0.027151,0.0174,3.1419,1.1326
41.948,46.849,-22.648,5,50.004,102.1,90.267,1,13,7.0112e-05,0.020966,0.0029667,2.1169,1.2091
37.218,11.766,-36.579,5,49.981,103.06,90.003,1,21,0.00038351,0.030628,3.3333e-05,3.0601,1.1777
32.712,21.8,142.86,5,50.067,102.39,91.094,1,18,0.001347,0.023889,0.012156,2.6293,1.1238
35.01,10.728,156.86,5,49.996,100.32,90.189,1,20,7.0677e-05,0.0031908,0.0021,0.37167,1.1047
23.395,21.195,97.771,5,50.003,102.61,90.267,1,19,6.7502e-05,0.026129,0.0029667,2.6236,1.1422
14.611,39.442,169.4,5,49.982,101.02,90.018,1,29,0.00035797,0.010232,0.0002,1.0203,2.0673
13.213,26.714,89.803,5,50.029,100.9,90.55,1,19,0.00057284,0.0089618,0.0061111,1.0551,1.1585
26.908,41.04,227.68,5,49.981,103.18,90.01,1,26,0.00037201,0.031757,0.00011111,3.1801,2.053
82.251,9.132,17.325,5,95.316,-2.9121,-79.907,0,4,0.90633,1.0291,1.8879,203.75,0.20742
18.068,16.554,158.73,5,6.8618,-0.64033,-73.004,0,5,0.86276,1.0064,1.8112,196.37,0.27981
85.77,19.362,-8.6378,5,88.092,-0.95567,226.23,0,5,0.76184,1.0096,1.5137,173.79,0.2834
92.146,40.028,176.61,5,49.938,104.55,89.498,1,19,0.0012395,0.045533,0.0055778,4.578,1.296
76.817,8.0634,16.22,5,91.482,-1.8132,-71.514,0,4,0.82963,1.0181,1.7946,195.38,0.20884
33.398,37.127,96.878,5,50.061,101.34,90.907,1,14,0.0012208,0.013391,0.010078,1.6192,1.0765
40.633,14.968,-14.074,5,49.981,101.48,90.002,1,19,0.00038524,0.014812,2.2222e-05,1.4801,1.1105
80.82,17.894,26.447,5,92.39,-1.0552,238.58,0,6,0.8478,1.0106,1.6509,184.62,0.34208
14.403,33.41,177.71,5,49.981,104.34,90.006,1,30,0.00037879,0.04344,6.6667e-05,4.34,1.9866
32.277,20.514,167.36,5,50.205,100.17,92.497,1,19,0.0040972,0.0017239,0.027744,2.5112,1.1665
73.988,7.3883,178.13,5,49.98,103.89,89.996,1,22,0.00039574,0.038875,4.4444e-05,3.8901,1.1498
9.5146,20.047,88.747,5,49.99,100.55,90.117,1,21,0.00019054,0.0054979,0.0013,0.5624,1.1716
15.474,37.411,85.418,5,50.248,102.66,91.809,1,17,0.0049636,0.026588,0.0201,3.2264,1.1891
81.482,11.571,226.57,5,49.98,101.52,89.994,1,23,0.00039848,0.015218,6.6667e-05,1.5201,1.2251
71.194,10.785,-48.761,5,82.183,-4.1023,-86.481,0,4,0.64366,1.041,1.9609,207.41,0.21811
29.922,49.306,124.6,5,53.613,101.19,96.978,0,12,0.072259,0.011925,0.077533,7.9475,1.1004
22.215,18.392,201.07,5,21.878,-2.1597,-41.217,0,5,0.56244,1.0216,1.458,168.66,0.29
66.968,44.404,200.02,5,49.95,101.95,89.64,1,14,0.00099724,0.019451,0.004,1.9836,1.2043
7.1554,41.107,62.048,5,50.089,103.4,91.192,1,18,0.0017777,0.034028,0.013244,3.604,1.2358
16.129,14.976,46.578,5,49.984,100.3,90.037,1,21,0.00032599,0.0029719,0.00041111,0.3027,1.1473
46.187,27.271,246.76,5,50.083,100.29,91.044,1,22,0.0016661,0.0029274,0.0116,1.0867,1.5104
49.164,32.776,28.869,5,49.982,100.51,90.015,1,14,0.00036399,0.0050955,0.00016667,0.51054,1.0412
68.075,35.14,-36.602,5,49.98,104.69,89.996,1,31,0.00039577,0.046862,4.4444e-05,4.69,2.3021
64.789,13.174,159.66,5,49.98,104.61,89.992,1,20,0.0004015,0.046088,8.8889e-05,4.6101,1.1354
85.17,23.598,243.7,5,49.978,102.44,89.974,1,22,0.00043278,0.02439,0.00028889,2.4402,1.3078
23.16,41.704,144.74,5,51.222,104.19,95.049,0,16,0.024445,0.041873,0.0561,6.674,1.2465
84.721,32.045,186.72,5,49.966,103.61,89.83,1,19,0.00067314,0.036096,0.0018889,3.6142,1.2449
73.96,45.933,266.51,5,49.972,102.44,89.897,1,18,0.00056209,0.024428,0.0011444,2.4423,1.5219
38.989,15.159,123.54,5,49.984,101.87,90.038,1,18,0.00032461,0.018712,0.00042222,1.8705,1.052
80.48,24.416,-8.4774,5,49.98,103.45,89.996,1,30,0.0003956,0.0345,4.4444e-05,3.4501,1.8405
7.7625,37.311,86.298,5,50.299,102.27,92.047,1,18,0.0059739,0.022688,0.022744,3.0712,1.1906
39.632,29.243,-40.217,5,49.982,104.55,90.018,1,18,0.00035832,0.045535,0.0002,4.5501,1.2585
16.425,27.689,-89.469,5,49.982,103.74,90.014,1,23,0.00036548,0.037439,0.00015556,3.7401,1.4424
39.971,49.31,82.006,5,50.084,101.16,91.326,1,11,0.001676,0.011562,0.014733,1.7638,1.0644
14.769,44.047,86.93,5,50.337,103.96,95.271,0,16,0.0067463,0.039573,0.058567,6.6014,1.2099
55.934,45.29,-35.781,5,47.882,102.85,66.903,0,16,0.042369,0.028469,0.25663,23.368,1.4537
59.799,22.093,223.34,5,49.981,101.18,90.003,1,19,0.00038337,0.011804,3.3333e-05,1.1802,1.2099
92.614,8.642,145.99,5,49.978,101.02,89.973,1,24,0.00043331,0.01016,0.0003,1.0206,1.1904
16.171,38.112,216.12,5,49.983,102.05,90.031,1,25,0.00033674,0.020508,0.00034444,2.0503,1.7723
35.138,40.183,-79.333,5,49.969,101.44,89.863,1,18,0.00061947,0.014372,0.0015222,1.4468,1.4602
36.85,43.307,-36.926,5,49.995,104.45,90.171,1,15,9.8039e-05,0.044457,0.0019,4.4533,1.2887
35.731,36.231,53.253,5,50.019,102.86,90.466,1,15,0.00038648,0.028575,0.0051778,2.8978,1.1477
40.036,42.968,248.23,5,49.985,104.17,90.047,1,33,0.00030994,0.041697,0.00052222,4.1703,2.85
40.862,37.149,108.22,5,49.992,104.48,90.14,1,14,0.00015207,0.044845,0.0015556,4.4822,1.1022
46.564,23.391,260.25,5,50.061,101.34,90.893,1,24,0.0012124,0.013391,0.0099222,1.6114,1.5648
82.496,39.445,164.16,5,49.869,104.12,88.593,1,17,0.0026219,0.041234,0.015633,4.3556,1.2369
76.177,25.771,98.847,5,49.965,101.54,89.809,1,18,0.00070848,0.015385,0.0021222,1.5522,1.1435
10.814,8.4042,20.047,5,49.984,100.53,90.038,1,23,0.00032511,0.005281,0.00042222,0.5316,1.1543
11.357,11.526,121.95,5,50,100.2,90.226,1,22,8.0189e-06,0.0020049,0.0025111,0.30179,1.1394
10.871,47.145,208.5,5,49.988,103.45,90.084,1,25,0.00024708,0.034466,0.00093333,3.451,1.9008
7.1534,21.47,139.09,5,50.093,103.52,91.468,1,22,0.0018668,0.035172,0.016311,3.815,1.2296
42.649,15.554,119.93,5,49.981,103.61,90.003,1,18,0.00038304,0.036122,3.3333e-05,3.6101,1.0618
62.634,49.995,-33.4,5,49.952,100.89,89.662,1,31,0.00095809,0.0088835,0.0037556,0.95323,3.0053
77.313,18.582,-72.131,5,49.98,100.08,89.999,1,26,0.0003901,0.00081913,1.1111e-05,0.082468,1.5138
19.263,45.158,45.283,5,50.409,102.55,91.867,1,15,0.0081801,0.025487,0.020744,3.1868,1.193
64,22.261,244.86,5,49.98,104.44,89.999,1,21,0.00039027,0.044394,1.1111e-05,4.44,1.3293
7.7077,40.085,130.51,5,50.901,104.67,93.036,1,18,0.018017,0.046697,0.033733,5.6425,1.2272
35.255,20.41,103.93,5,49.992,100.61,90.13,1,17,0.00016836,0.0061313,0.0014444,0.62375,1.0501
11.779,26.981,161.23,5,-0.37339,19.804,234.99,0,3,1.0075,0.80196,1.611,173.18,0.182
28.591,26.356,14.272,5,49.984,103.74,90.038,1,18,0.00032489,0.03745,0.00042222,3.7402,1.1735
15.538,25.677,170.51,5,49.981,104.21,90.002,1,32,0.00038429,0.042092,2.2222e-05,4.21,1.953
87.014,43.773,-4.9487,5,49.979,104.89,89.98,1,28,0.00042132,0.048945,0.00022222,4.8901,2.0797
73.724,24.653,-22.589,5,49.98,100.76,89.997,1,30,0.00039408,0.0075972,3.3333e-05,0.76027,1.8989
48.638,27.102,4.8626,5,49.982,102.37,90.021,1,16,0.00035263,0.023664,0.00023333,2.3702,1.0972
69.376,20.656,-24.462,5,80.225,-1.5874,209.35,0,8,0.6045,1.0159,1.3261,159.62,0.48974
29.259,15.809,255.52,5,20.631,-1.5063,267.77,0,4,0.58738,1.0151,1.9752,206.8,0.23066
79.265,33.291,268.38,5,49.979,101.49,89.981,1,21,0.00041963,0.014948,0.00021111,1.4903,1.4414
19.77,32.984,129.23,5,50.233,100.72,92.982,1,17,0.0046599,0.007185,0.033133,3.0765,1.1562
22.772,13.443,233.26,5,23.66,-0.62433,-61.853,0,3,0.52681,1.0062,1.6873,184.06,0.16531
78.594,9.3065,173.04,5,49.98,101.33,89.99,1,22,0.00040507,0.013335,0.00011111,1.3302,1.1567
77.67,13.462,-64.373,5,74.016,-0.27083,231.69,0,3,0.48032,1.0027,1.5743,175.23,0.1651
78.277,20.925,25.251,5,86.554,-0.60034,215.65,0,7,0.73108,1.006,1.3961,165.06,0.41677
84.583,9.3786,85.41,5,49.977,100.62,89.962,1,22,0.00045163,0.0062064,0.00042222,0.62159,1.1341
43.825,9.3654,77.815,5,49.981,103.39,90,1,19,0.00038864,0.033901,0,3.3901,1.0457
8.3807,21.265,67.119,5,49.994,101.03,90.165,1,21,0.00011047,0.010321,0.0018333,1.0431,1.179
36.541,13.002,116.79,5,49.984,103.01,90.046,1,19,0.00031162,0.030117,0.00051111,3.0104,1.0791
10.087,20.407,101.94,5,50.039,103.82,90.667,1,21,0.00078175,0.038241,0.0074111,3.878,1.1792
48.243,49.755,145.65,5,49.952,102.87,89.656,1,11,0.00096949,0.028678,0.0038222,2.8909,1.094
78.152,40.315,-37.67,5,49.979,101.46,89.981,1,24,0.00042128,0.014622,0.00021111,1.4603,1.8184
67.722,31.988,263.57,5,49.98,102.19,89.996,1,20,0.00039506,0.021877,4.4444e-05,2.1901,1.4228
70.574,21.413,-73.76,5,77.675,-0.13465,246.07,0,5,0.5535,1.0013,1.7341,187.49,0.30775
65.061,41.215,159.76,5,49.938,102.48,89.502,1,14,0.0012346,0.024788,0.0055333,2.5303,1.1535
91.361,17.757,124.47,5,49.973,102.88,89.909,1,22,0.00054152,0.028805,0.0010111,2.8816,1.1949
14.318,25.77,-7.6359,5,49.987,100.77,90.072,1,20,0.00026765,0.0076815,0.0008,0.77347,1.2142
13.696,10.801,155.93,5,0.47158,-1.0368,259.14,0,4,0.99057,1.0104,1.8793,203.15,0.20768
59.106,14.629,71.678,5,49.98,101.9,89.993,1,18,0.00040043,0.018966,7.7778e-05,1.9001,1.0483
34.413,26.265,-0.0086576,5,49.984,101.82,90.039,1,17,0.00032218,0.018191,0.00043333,1.8205,1.1279
15.592,39.282,-41.354,5,50.005,102.8,90.293,1,18,0.00010885,0.028028,0.0032556,2.8153,1.2896
80.965,21.895,60.051,5,49.923,100.29,89.322,1,19,0.0015434,0.0029036,0.0075333,0.74143,1.1307
86.173,9.5388,259.82,5,49.98,102,89.995,1,26,0.00039681,0.01999,5.5556e-05,2.0001,1.3344
60.723,49.145,47.561,5,49.662,104.77,85.366,0,12,0.006757,0.047704,0.051489,6.6589,1.1544
31.932,8.761,197.3,5,8.1197,-0.10266,254.9,0,6,0.83761,1.001,1.8322,197.4,0.32254
19.727,13.849,-61.118,5,49.981,100.92,90.005,1,23,0.00037956,0.0092105,5.5556e-05,0.92021,1.2594
86.475,22.201,130.66,5,49.963,100.79,89.785,1,20,0.00074859,0.0079007,0.0023889,0.81957,1.1638
50.621,29.049,20.527,5,49.979,101.18,89.985,1,15,0.00041343,0.011815,0.00016667,1.1803,1.057
90.839,28.885,37.544,5,49.373,103.98,82.293,0,20,0.012542,0.039841,0.085633,8.6966,1.2194
76.357,37.203,11.965,5,49.978,102.2,89.974,1,29,0.00043159,0.02202,0.00028889,2.2003,2.1291
27.462,39.762,180.91,5,49.989,100.32,90.095,1,29,0.0002276,0.0032228,0.0010556,0.33399,2.2545
68.372,13.143,151.98,5,49.979,102.7,89.982,1,20,0.00041938,0.026955,0.0002,2.7001,1.1264
24.218,30.151,197.19,5,49.981,103.51,90.002,1,29,0.00038567,0.035052,2.2222e-05,3.5101,1.9475
27.056,21.23,266.42,5,25.576,-2.8646,-65.398,0,5,0.48849,1.0286,1.7266,187.95,0.30471
31.765,13.945,77.502,5,49.994,102.17,90.157,1,19,0.00012379,0.021656,0.0017444,2.1757,1.08
57.891,33.512,-43.959,5,49.727,103.31,86.632,1,20,0.0054565,0.033092,0.037422,4.7301,1.4936
37.7,8.1278,41.09,5,49.981,104.83,90.001,1,21,0.00038664,0.048252,1.1111e-05,4.83,1.1328
70.982,28.611,255.36,5,49.98,102.65,89.993,1,20,0.00039974,0.026467,7.7778e-05,2.6501,1.3439
72.405,12.607,212,5,49.98,100.5,89.996,1,21,0.00039581,0.0049763,4.4444e-05,0.50042,1.1638
70.372,40.032,140.93,5,49.956,103.16,89.706,1,15,0.00088406,0.031587,0.0032667,3.174,1.1842
89.971,37.928,195.61,5,49.955,103.84,89.694,1,19,0.00090361,0.038385,0.0034,3.8524,1.2868
47.876,32.965,207.86,5,50.315,101.03,94.819,0,17,0.0063083,0.010346,0.053544,4.9379,1.2674
34.565,45.921,51.371,5,50.064,102.01,91.056,1,13,0.0012864,0.020107,0.011733,2.2714,1.1558
14.515,12.225,153.19,5,-0.27287,2.5593,250.65,0,4,1.0055,0.97441,1.785,194.5,0.21125
62.583,22.501,220.38,5,49.98,102.89,89.992,1,19,0.0004018,0.02894,8.8889e-05,2.8901,1.21
41.753,45.539,-41.597,5,49.959,104.76,89.744,1,15,0.00082206,0.047633,0.0028444,4.7671,1.3616
86.868,27.907,25.743,5,101.1,17.509,-73.848,0,4,1.022,0.82491,1.8205,190.43,0.24699
52.798,15.39,27.598,5,49.981,102.81,90,1,18,0.00038844,0.028142,0,2.8101,1.0631
66.291,42.898,70.628,5,49.817,101.52,87.737,1,13,0.0036669,0.015248,0.025144,2.7322,1.0946
7.868,29.226,15.938,5,50.066,101.54,90.909,1,20,0.0013249,0.015434,0.0101,1.7895,1.2141
36.662,26.19,174.56,5,50.279,103.53,94.279,1,18,0.0055805,0.035332,0.047544,5.5541,1.1999
15.905,23.446,-45.113,5,49.987,101.82,90.082,1,21,0.0002502,0.018177,0.00091111,1.8219,1.2529
11.931,9.2857,58.982,5,49.982,100.91,90.017,1,23,0.00035921,0.0090673,0.00018889,0.91034,1.169
32.503,36.534,-55.457,5,49.987,102.52,90.075,1,17,0.0002621,0.025233,0.00083333,2.5211,1.2911
91.662,14.985,177.53,5,49.98,104.61,89.989,1,24,0.0004065,0.046148,0.00012222,4.6101,1.2675
28.092,15.582,120.28,5,49.999,100.48,90.223,1,19,1.186e-05,0.0047612,0.0024778,0.52927,1.0893
7.1,39.571,59.942,5,50.102,102.17,91.309,1,18,0.0020383,0.021684,0.014544,2.5363,1.2144
54.78,36.328,20.437,5,49.91,101.27,89.135,1,14,0.0017946,0.012743,0.0096111,1.5392,1.0963
44.28,36.391,254.93,5,49.981,103.62,90.007,1,36,0.00037584,0.036207,7.7778e-05,3.6201,2.8184
87.055,15.425,-71.932,5,49.98,101.5,89.997,1,27,0.00039353,0.015023,3.3333e-05,1.5001,1.462
92.358,48.51,-16.066,5,49.971,100.74,89.89,1,26,0.00057321,0.0074061,0.0012222,0.74869,1.9498
85.379,37.757,199.03,5,49.955,102.59,89.701,1,18,0.00089309,0.0259,0.0033222,2.6076,1.2571
87.259,30.326,188.32,5,49.968,103.94,89.853,1,20,0.00063609,0.03942,0.0016333,3.9429,1.2657
13.421,26.589,157.64,5,49.981,100.38,90.005,1,32,0.00037974,0.003846,5.5556e-05,0.38051,1.9508
86.261,21.198,183.94,5,49.977,100.5,89.961,1,21,0.00045372,0.004989,0.00043333,0.50205,1.2104
62.768,45.104,-53.425,5,49.975,103.27,89.933,1,31,0.00050112,0.032715,0.00074444,3.2708,2.7501
78.584,21.382,159.79,5,49.977,104.53,89.963,1,20,0.00045022,0.045304,0.00041111,4.5302,1.1954
75.658,15.205,150.19,5,49.978,100.83,89.971,1,20,0.00043803,0.0083123,0.00032222,0.8308,1.1288
34.23,34.763,94.107,5,50.027,103.89,90.541,1,15,0.00053434,0.038915,0.0060111,3.9275,1.1175
22.309,40.946,40.162,5,50.15,104.12,92.291,1,16,0.0029976,0.04115,0.025456,4.7165,1.2266
81.369,9.7058,166.96,5,49.979,100.53,89.982,1,22,0.00041909,0.0053343,0.0002,0.53072,1.1508
84.675,23.658,96.238,5,49.96,103.93,89.752,1,20,0.00080426,0.039268,0.0027556,3.938,1.1926
62.04,18.27,170.02,5,49.98,100.01,89.99,1,18,0.000406,0.00013221,0.00011111,0.024495,1.0894
62.495,8.1379,144.65,5,49.98,100.1,89.998,1,20,0.00039212,0.00095813,2.2222e-05,0.102,1.0787
72.552,38.122,266.62,5,49.977,100.76,89.961,1,19,0.00045451,0.0075973,0.00043333,0.76135,1.4425
42.955,9.3312,206.6,5,50.011,104.92,90.354,1,23,0.00021211,0.049232,0.0039333,4.9327,1.2645
29.724,9.35,12.845,5,49.981,102.04,90.005,1,21,0.00038083,0.020437,5.5556e-05,2.0401,1.1304
47.425,17.211,30.766,5,49.981,104.72,90.003,1,18,0.00038363,0.047222,3.3333e-05,4.72,1.0866
43.798,11.117,197.73,5,50.091,101.42,91.113,1,21,0.0018229,0.014231,0.012367,1.8065,1.1785
36.339,38.045,-30.052,5,49.991,101.55,90.123,1,15,0.00018194,0.015468,0.0013667,1.5549,1.1822
75.498,43.267,18.079,5,49.979,104.96,89.982,1,29,0.00041842,0.049568,0.0002,4.9601,2.3312
72.261,40.583,-16.762,5,49.979,100.85,89.981,1,28,0.00042088,0.0085188,0.00021111,0.85047,2.2065
71.7,42.855,130,5,49.909,100.56,89.128,1,14,0.0018139,0.0055918,0.0096889,1.0403,1.1452
63.986,45.031,75.42,5,49.629,100.49,85.654,1,12,0.0074248,0.0049266,0.048289,4.3892,1.0578
81.516,25.985,70.412,5,49.948,104.63,89.616,1,19,0.0010374,0.046273,0.0042667,4.6462,1.1809
16.958,36.621,70.778,5,50.039,103.11,90.697,1,17,0.00078229,0.031116,0.0077444,3.1874,1.1892
31.893,49.6,195.08,5,49.992,101.24,90.137,1,28,0.0001585,0.012438,0.0015222,1.2476,2.6142
72.609,21.693,38.515,5,49.912,102.72,89.205,1,19,0.0017592,0.027179,0.0088333,2.8352,1.1656
48.852,33.824,84.404,5,49.981,103.78,89.999,1,14,0.00038965,0.037811,1.1111e-05,3.78,1.0576
30.12,30.813,-6.8438,5,49.999,102.91,90.215,1,17,2.2712e-05,0.029068,0.0023889,2.9179,1.1808
32.714,16.911,14.102,5,49.981,101.42,90.009,1,19,0.00037383,0.01418,0.0001,1.4202,1.1194
50.021,19.05,49.241,5,49.981,103.19,90.002,1,17,0.00038433,0.031902,2.2222e-05,3.1901,1.05
27.428,45.179,143.35,5,52.028,100.41,108.5,0,14,0.040562,0.0041067,0.20556,18.615,1.1807
48.66,27.251,-46.818,5,49.742,100.46,87.787,1,19,0.0051576,0.0046143,0.024589,2.275,1.3056
46.839,36.623,-81.736,5,49.856,104.7,88.657,1,21,0.0028718,0.047015,0.014922,4.8902,1.6547
19.236,11.872,143.68,5,50.046,101.61,90.756,1,22,0.00092291,0.01608,0.0084,1.7793,1.1784
52.346,23.122,105.98,5,49.981,102.99,90.001,1,16,0.00038708,0.029931,1.1111e-05,2.9901,1.0401
58.963,30.901,156.77,5,49.977,101.45,89.963,1,15,0.00045089,0.014528,0.00041111,1.4507,1.0764
85.372,36.125,-76.544,5,49.978,100.5,89.965,1,22,0.0004471,0.0049548,0.00038889,0.50171,1.5065
51.009,8.4014,155.54,5,49.981,101.15,89.999,1,19,0.00038928,0.011458,1.1111e-05,1.1502,1.0371
32.332,47.746,11.655,5,50.052,102.32,90.878,1,13,0.0010489,0.023217,0.0097556,2.4811,1.1784
68.401,31.478,58.562,5,49.856,103.99,88.592,1,16,0.002875,0.03989,0.015644,4.2336,1.1276
67.64,13.505,-15.428,5,87.719,-3.5101,235.16,0,8,0.75438,1.0351,1.6129,182.23,0.45313
76.775,12.316,26.867,5,92.573,-3.352,252.57,0,6,0.85146,1.0335,1.8063,197.29,0.32722
33.752,26.26,-52.555,5,49.981,103.23,90.008,1,19,0.00037418,0.032297,8.8889e-05,3.2301,1.2581
44.272,26.369,242.07,5,50.084,100.51,91.169,1,22,0.001677,0.0051127,0.012989,1.2782,1.4894
10.538,24.143,-25.121,5,49.988,100.72,90.087,1,21,0.00024133,0.0071748,0.00096667,0.72534,1.228
43.345,14.871,42.732,5,49.981,104.92,90.004,1,19,0.00038225,0.049168,4.4444e-05,4.92,1.1126
56.071,8.5901,123.14,5,49.98,100.78,89.999,1,19,0.00039038,0.0078018,1.1111e-05,0.78026,1.037
70.495,31.992,41.107,5,49.75,100.63,87.116,1,16,0.0049972,0.0063475,0.032044,2.9626,1.1263
23.79,23.578,40.336,5,49.988,103.5,90.085,1,19,0.00024599,0.035018,0.00094444,3.5011,1.1759
58.972,16.992,-55.085,5,90.298,-1.739,228.09,0,11,0.80597,1.0174,1.5343,176.19,0.65875
47.179,10.116,15.134,5,49.981,101.58,90.004,1,19,0.00038207,0.015759,4.4444e-05,1.5801,1.0564
62.79,45.233,269.53,5,50.061,101.55,90.881,1,18,0.0012181,0.015516,0.0097889,1.7839,1.6003
74.546,33.088,61.619,5,49.847,100.89,88.56,1,16,0.0030601,0.0088699,0.016,1.6997,1.1225
16.188,29.796,94.727,5,50.026,101.15,90.528,1,18,0.00051491,0.011506,0.0058667,1.2657,1.155
38.278,10.14,66.35,5,49.981,100.35,90.01,1,19,0.00037076,0.0035194,0.00011111,0.35066,1.0483
39.077,19.317,118.55,5,49.986,100.73,90.059,1,17,0.0002896,0.0073407,0.00065556,0.73251,1.044
87.89,24.176,262.34,5,49.979,100.26,89.981,1,23,0.00042073,0.0026423,0.00021111,0.26154,1.3567
21.53,49.462,255.78,5,50.012,101.13,90.37,1,19,0.00024699,0.011315,0.0041111,1.1891,1.6378
42.07,26.792,232.26,5,50.324,104.75,94.406,1,24,0.0064764,0.047457,0.048956,6.4869,1.6296
14.096,16.727,-32.532,5,49.982,100.18,90.016,1,22,0.00036067,0.0017563,0.00017778,0.1816,1.213
70.623,8.8436,227.31,5,49.98,100.73,89.998,1,22,0.00039253,0.0072802,2.2222e-05,0.73028,1.177
53.561,15.379,94.86,5,49.981,104.86,90,1,18,0.00038822,0.048564,0,4.86,1.0626
81.184,11.797,-88.916,5,49.98,102.97,89.999,1,26,0.00039091,0.029657,1.1111e-05,2.9701,1.3896
14.671,38.859,118.05,5,50.21,104.15,93.079,1,17,0.0041935,0.041529,0.034211,5.1717,1.2037
7.2318,41.813,-18.972,5,50.147,104.87,92.288,1,19,0.0029415,0.048679,0.025422,5.3827,1.3155
54.845,26.965,117.09,5,49.98,100.34,89.994,1,15,0.00039923,0.0033522,6.6667e-05,0.34064,1.0247
49.92,12.648,96.837,5,49.981,102.65,90,1,18,0.00038843,0.026462,0,2.6501,1.0303
86.464,15.169,-65.507,5,49.98,104.93,89.999,1,28,0.00039019,0.049284,1.1111e-05,4.93,1.5162
17.881,17.184,-36.638,5,49.984,103.93,90.038,1,22,0.0003243,0.039326,0.00042222,3.9302,1.2384
58.013,48.482,22.253,5,49.353,102.23,86.104,1,12,0.012937,0.022258,0.043289,4.5355,1.1508
74.759,21.248,216.26,5,49.978,102.04,89.97,1,20,0.00043921,0.020351,0.00033333,2.0403,1.2114
16.577,28.474,-87.987,5,49.982,100.19,90.021,1,22,0.00035356,0.0019071,0.00023333,0.192,1.3933
58.265,8.3375,226.67,5,49.983,100.08,90.024,1,22,0.00034788,0.00079924,0.00026667,0.085235,1.1952
79.163,37.59,126.16,5,49.926,101.11,89.337,1,16,0.0014803,0.011066,0.0073667,1.295,1.1613
78.575,14.951,268.6,5,49.98,103.21,89.999,1,25,0.00039006,0.032085,1.1111e-05,3.2101,1.3932
61.864,24.272,208.64,5,49.98,103.08,89.993,1,18,0.00040073,0.030767,7.7778e-05,3.0801,1.1741
49.231,42.584,-39.747,5,49.378,103.58,84.987,0,16,0.01244,0.035782,0.0557,6.1914,1.3932
69.219,43.386,-8.0272,5,49.971,101.2,89.892,1,29,0.00057063,0.011981,0.0012,1.2052,2.4253
10.592,48.868,78.49,5,51.111,101.26,105.06,0,15,0.022212,0.012564,0.16733,15.153,1.1618
79.704,32.312,28.129,5,49.98,103.96,89.995,1,32,0.00039769,0.039616,5.5556e-05,3.9601,2.1645
30.99,34.295,130.94,5,50.344,100.27,94.977,0,15,0.0068713,0.0026579,0.0553,4.9962,1.0965
91.619,39.508,89.476,5,49.586,100.18,84.626,0,17,0.0082849,0.0017547,0.059711,5.3929,1.1576
15.895,23.709,-68.918,5,49.982,101.5,90.021,1,22,0.00035287,0.01504,0.00023333,1.5003,1.3163
51.019,16.786,140.24,5,49.98,104.69,89.999,1,18,0.00039021,0.046891,1.1111e-05,4.69,1.0815
8.0149,15.944,-75.625,5,49.981,101.38,90.009,1,25,0.00037264,0.013761,0.0001,1.3802,1.3304
9.2065,12.088,4.0358,5,49.981,102.61,90.009,1,24,0.00037297,0.026075,0.0001,2.6101,1.2382
57.128,33.143,54.965,5,49.982,101.75,90.015,1,14,0.0003638,0.017479,0.00016667,1.7502,1.0411
55.885,37.135,164.55,5,49.976,102.64,89.946,1,14,0.0004794,0.026386,0.0006,2.6407,1.1087
14.88,38.986,-84.738,5,50.005,100.84,90.283,1,20,9.2558e-05,0.0083504,0.0031444,0.88641,1.4205
78.972,32.123,134.29,5,49.969,104.9,89.859,1,18,0.00062609,0.048981,0.0015667,4.9021,1.2195
43.399,40.965,8.4781,5,49.997,101.09,90.192,1,13,6.244e-05,0.010856,0.0021333,1.1068,1.0942
17.366,27.244,132.42,5,50.225,103.81,93.368,1,19,0.0045024,0.038147,0.037422,5.0902,1.1914
50.125,48.748,187.8,5,50.445,104.45,96.606,0,13,0.0088923,0.044499,0.0734,7.9775,1.2682
83.596,28.335,228.43,5,49.97,101.25,89.87,1,20,0.00060763,0.012544,0.0014444,1.2571,1.2634
48.242,17.474,191.83,5,50.012,101.28,90.361,1,19,0.00023094,0.012767,0.0040111,1.33,1.1509
50.606,22.353,243.43,5,50.045,102.93,90.801,1,22,0.00090362,0.029261,0.0089,3.0378,1.4166
86.679,40.328,-79.988,5,49.972,100.21,89.902,1,21,0.00055298,0.0020931,0.0010889,0.23343,1.4991
14.685,30.265,202.24,5,49.982,101.84,90.022,1,28,0.00035143,0.018439,0.00024444,1.8402,1.791
41.987,30.509,87.499,5,49.983,103.05,90.032,1,15,0.00033466,0.030541,0.00035556,3.0502,1.0722
43.56,35.26,262.5,5,49.981,103.84,90.004,1,37,0.0003811,0.038399,4.4444e-05,3.84,2.8435
57.193,35.673,142.65,5,49.969,100.42,89.859,1,14,0.000625,0.0041543,0.0015667,0.44412,1.0814
26.09,14.299,180.46,5,11.645,-0.3755,-85.016,0,5,0.7671,1.0038,1.9446,205.37,0.28098
69.208,49.486,7.2436,5,45.645,100.25,107.13,0,14,0.087091,0.0024576,0.19033,17.677,1.2953
65.489,44.56,107.32,5,49.868,103.94,88.678,1,13,0.0026353,0.039354,0.014689,4.158,1.1292
53.459,14.597,73.493,5,49.981,104.25,90,1,18,0.00038799,0.042499,0,4.25,1.053
65.93,38.004,14.796,5,49.26,100.09,74.003,0,15,0.014792,0.00094934,0.17774,16.014,1.1717
61.239,43.309,85.288,5,49.951,104.97,89.646,1,13,0.00098752,0.049663,0.0039333,4.9828,1.1247
88.207,41.891,152.44,5,49.864,104.72,88.729,1,17,0.0027219,0.047171,0.014122,4.89,1.2222
64.4,22.692,-73.659,5,82.268,-3.7713,233.66,0,8,0.64536,1.0377,1.5962,180.13,0.50866
32.188,42.73,70.395,5,50.181,104.96,91.586,1,14,0.0036195,0.049611,0.017622,5.2105,1.1671
27.739,16.686,179.72,5,12.522,-1.9658,-54.7,0,7,0.74956,1.0197,1.6078,180.94,0.40586
18.72,45.85,259.63,5,49.988,103.72,90.094,1,20,0.00023039,0.037155,0.0010444,3.7212,1.5991
81.184,12.75,33.87,5,49.954,104.65,89.688,1,23,0.000912,0.04645,0.0034667,4.6607,1.2412
28.685,31.229,36.581,5,49.99,104.06,90.117,1,17,0.00019003,0.04061,0.0013,4.0617,1.1806
15.678,40.436,116.61,5,50.552,100.83,92.999,1,16,0.01105,0.0082837,0.033322,3.1603,1.1637
46.553,33.462,-87.897,5,49.785,100.02,87.098,1,21,0.0042931,0.00020816,0.032244,2.91,1.5759
30.917,10.937,-13.503,5,49.981,103.12,90.004,1,21,0.00038165,0.031223,4.4444e-05,3.1201,1.1528
62.725,18.041,129.59,5,49.98,100.25,89.991,1,18,0.00040382,0.0025061,0.0001,0.25096,1.0851
25.495,43.852,154.12,5,49.984,104.4,90.04,1,29,0.00032022,0.04402,0.00044444,4.4002,2.3668
52.144,46.883,-78.206,5,49.231,102.78,75.948,0,19,0.015381,0.027822,0.15613,14.345,1.787
58.206,24.501,-9.666,5,49.839,100.17,88.523,1,18,0.0032231,0.0016524,0.016411,1.4954,1.1851
79.059,9.4973,150.47,5,49.98,102.38,89.992,1,22,0.0004021,0.023803,8.8889e-05,2.3801,1.1572
70.668,16.317,30.656,5,49.952,101.14,89.656,1,20,0.00096792,0.011427,0.0038222,1.1917,1.1601
49.837,16.848,263.94,5,49.99,101.87,90.116,1,25,0.00019162,0.018719,0.0012889,1.8736,1.5033
24.662,33.517,-3.9189,5,49.992,102.08,90.133,1,17,0.00016444,0.020812,0.0014778,2.0843,1.1947
22.886,7.5042,259.84,5,25.744,-1.849,-60.971,0,2,0.48512,1.0185,1.6775,183.72,0.10375
30.516,33.716,106.72,5,50.095,100.41,91.131,1,15,0.0019086,0.00412,0.012567,1.2068,1.0856
81.129,28.638,151.47,5,49.935,100.94,89.457,1,18,0.0013001,0.0094415,0.0060333,1.0875,1.156
7.8888,19.965,-44.463,5,49.987,101.47,90.077,1,23,0.00025884,0.01474,0.00085556,1.4721,1.2716
62.459,16.162,-9.9604,5,49.953,103.62,89.669,1,21,0.00094607,0.036238,0.0036778,3.6354,1.2388
74.025,33.208,146.99,5,49.967,104.02,89.84,1,17,0.00065657,0.040244,0.0017778,4.0233,1.1975
32.367,31.172,266.44,5,49.981,104.26,90.001,1,32,0.00038681,0.042591,1.1111e-05,4.26,2.2519
9.5214,41.331,246.2,5,49.986,103.88,90.065,1,23,0.00027854,0.038794,0.00072222,3.8806,1.6134
19.865,8.7729,94.828,5,49.982,102.52,90.015,1,22,0.00036271,0.025206,0.00016667,2.5201,1.1449
39.573,32.043,29.457,5,50.002,100.32,90.255,1,15,4.6213e-05,0.0031796,0.0028333,0.40918,1.0909
87.337,14.222,79.505,5,49.975,103.75,89.928,1,22,0.00050947,0.03749,0.0008,3.7508,1.1758
71.104,26.153,156.2,5,49.974,104.66,89.925,1,18,0.00051473,0.046622,0.00083333,4.6607,1.1718
32.419,15.745,113.41,5,49.996,103.25,90.185,1,19,7.6978e-05,0.032454,0.0020556,3.2553,1.1038
57.956,19.054,-51.425,5,49.792,101.42,87.717,1,24,0.00415,0.014195,0.025367,2.6966,1.4754
78.863,38.051,165.82,5,49.904,100.17,89.062,1,16,0.0019105,0.0016992,0.010422,0.9581,1.1706
15.699,12.71,147.37,5,50.035,103.93,90.617,1,24,0.00069255,0.039333,0.0068556,3.9783,1.2795
49.987,47.04,-13.865,5,48.973,101.3,85.232,0,13,0.020536,0.012974,0.052978,5.0476,1.2273
82.854,23.288,-54.536,5,49.98,104.07,89.996,1,27,0.00039464,0.040735,4.4444e-05,4.0701,1.6177
19.868,38.629,255.45,5,49.983,100.87,90.03,1,21,0.00033762,0.0086808,0.00033333,0.87068,1.5358
73.196,32.795,126.59,5,49.957,104.14,89.713,1,17,0.00086816,0.041446,0.0031889,4.1502,1.1956
46.044,33.085,225.3,5,50.802,102.69,93.423,1,19,0.016034,0.026886,0.038033,4.4268,1.4172
38.557,27.562,20.323,5,49.983,100.43,90.033,1,16,0.0003334,0.0042667,0.00036667,0.4316,1.0909
21.869,27.165,44.942,5,50.006,100.57,90.305,1,18,0.00012245,0.0056788,0.0033889,0.6465,1.1527
31.586,10.998,128.78,5,49.994,103.12,90.16,1,20,0.00011713,0.031161,0.0017778,3.1241,1.1003
44.573,24.289,238.88,5,50.051,101.48,90.843,1,22,0.0010105,0.014848,0.0093667,1.704,1.4492
78.692,11.124,-52.79,5,75.71,-2.5542,232.29,0,3,0.5142,1.0255,1.581,177.27,0.16061
58.654,36.941,242.81,5,50.085,102.16,91.319,1,18,0.0017046,0.021592,0.014656,2.5323,1.414
40.971,31.012,-64.258,5,49.924,100.94,89.332,1,19,0.0015255,0.0093577,0.0074222,1.1557,1.3654
46.935,39.553,221.07,5,51.805,102.65,107.85,0,17,0.036094,0.026528,0.19833,18.136,1.4044
31.386,24.066,-55.321,5,49.981,104.83,90.004,1,20,0.00038197,0.048289,4.4444e-05,4.83,1.2791
87.098,34.595,259.67,5,49.973,101.2,89.907,1,21,0.00054494,0.011988,0.0010333,1.2039,1.3964
72.721,9.107,119.65,5,49.979,101.68,89.984,1,21,0.00041498,0.016826,0.00017778,1.6802,1.1207
76.855,28.371,158.85,5,49.958,103.5,89.732,1,18,0.00083875,0.035009,0.0029778,3.5105,1.1765
86.678,43.705,-40.142,5,49.971,102.54,89.892,1,24,0.00057035,0.025376,0.0012,2.5425,1.786
66.201,48.4,51.297,5,48.866,102.23,72.503,0,12,0.022673,0.022327,0.19441,17.675,1.1094
45.715,10.211,138.77,5,49.981,103.28,90.001,1,19,0.00038701,0.032822,1.1111e-05,3.2801,1.0568
7.839,14.103,144.14,5,50.038,101.56,90.691,1,23,0.00075197,0.015627,0.0076778,1.7066,1.2018
76.157,36.304,176.75,5,49.954,100.16,89.682,1,16,0.00092462,0.0016401,0.0035333,0.35894,1.1618
12.979,22.715,134.34,5,50.225,100.76,93.365,1,20,0.0044995,0.0076319,0.037389,3.4571,1.1669
42.145,30.764,246.88,5,49.981,104.48,90.005,1,36,0.00038024,0.044781,5.5556e-05,4.48,2.5832
18.057,23,18.738,5,49.995,103.97,90.175,1,20,9.1624e-05,0.039708,0.0019444,3.9739,1.1996
71.557,19.438,230.47,5,49.98,100.43,89.993,1,20,0.00039994,0.0042551,7.7778e-05,0.43052,1.1991
43.79,19.24,56.549,5,49.981,101.31,90.008,1,17,0.00037572,0.013126,8.8889e-05,1.3102,1.0494
64.377,21.631,-6.7111,5,49.93,103.67,89.386,1,20,0.0014066,0.036732,0.0068222,3.7217,1.2551
19.826,31.47,-73.589,5,49.986,100.04,90.068,1,20,0.00027308,0.00043657,0.00075556,0.080125,1.3355
77.811,29.646,248.85,5,49.973,100.52,89.914,1,20,0.00053398,0.0052372,0.00095556,0.52775,1.3219
54.6,14.11,47.35,5,49.98,102.59,89.999,1,18,0.00039027,0.025913,1.1111e-05,2.5901,1.0464
92.182,15.393,124.24,5,49.974,100.39,89.918,1,22,0.00052676,0.0039196,0.00091111,0.39937,1.1635
71.346,8.398,-20.479,5,87.136,-0.94832,-65.236,0,4,0.74271,1.0095,1.7248,188.86,0.21264
54.606,10.469,-2.1428,5,49.97,100.27,89.87,1,20,0.00060731,0.0027145,0.0014444,0.30116,1.1155
12.657,43.375,246.28,5,49.99,102.75,90.113,1,22,0.00019817,0.027528,0.0012556,2.7523,1.6217
32.81,19.159,261.81,5,18.059,-3.873,-79.813,0,6,0.63881,1.0387,1.8868,201.61,0.36298
56.575,33.346,-22.579,5,48.682,101.04,84.038,0,17,0.026351,0.010377,0.066244,6.1939,1.2691
45.137,10.785,-9.8308,5,49.98,103.08,89.999,1,20,0.00039007,0.030794,1.1111e-05,3.0801,1.1192
74.893,49.484,186.12,5,49.848,103.06,88.511,1,14,0.0030444,0.030609,0.016544,3.4064,1.243
41.671,47.299,126.62,5,50.037,100.27,90.689,1,11,0.00074577,0.0027187,0.0076556,0.74094,1.0308
90.231,16.573,26.286,5,103.36,11.6,-45.772,0,3,1.0672,0.884,1.5086,170.58,0.16195
60.006,27.706,-78.863,5,81.933,-0.86995,206.09,0,11,0.63865,1.0087,1.2899,157.07,0.7536
28.409,24.259,206.79,5,49.981,100.57,90.004,1,31,0.00038248,0.0056894,4.4444e-05,0.57033,1.9681
12.938,29.475,137.2,5,50.516,101.88,93.287,1,19,0.010325,0.018845,0.036522,3.8217,1.1924
66.191,44.524,-65.228,5,49.979,102.22,89.986,1,29,0.00041169,0.022157,0.00015556,2.2201,2.5091
22.737,27.769,168.03,5,49.981,102.3,90.011,1,31,0.00037052,0.023025,0.00012222,2.3001,2.0076
10.255,21.265,155.55,5,-2.236,14.706,232.07,0,3,1.0447,0.85294,1.5786,173.75,0.17007
59.484,15.163,-19.498,5,49.909,101.12,89.135,1,21,0.001818,0.011206,0.0096111,1.4181,1.23
59.882,32.37,228.3,5,50.001,103.84,90.242,1,18,1.8317e-05,0.038405,0.0026889,3.8476,1.3168
70.102,27.282,92.499,5,49.962,103.13,89.773,1,17,0.00076953,0.031286,0.0025222,3.1385,1.1266
7.3075,30.76,194.74,5,49.983,101.79,90.025,1,30,0.00034638,0.017924,0.00027778,1.7903,1.844
74.304,23.272,44.043,5,49.955,104.37,89.699,1,19,0.00089633,0.043677,0.0033444,4.3806,1.1803
22.151,29.309,-15.888,5,50.01,101.53,90.344,1,18,0.00019103,0.015304,0.0038222,1.5682,1.1845
71.258,7.3475,112.89,5,49.98,101.49,89.992,1,21,0.00040212,0.014916,8.8889e-05,1.4902,1.1046
27.737,35.29,-38.194,5,49.986,101.77,90.064,1,17,0.00027994,0.017743,0.00071111,1.7712,1.2421
18.03,16.438,7.0609,5,49.983,100.55,90.034,1,21,0.00033085,0.0054581,0.00037778,0.55131,1.1736
88.996,13.839,-59.25,5,79.623,-1.1625,200.56,0,4,0.59246,1.0116,1.2284,152.76,0.21147
16.925,15.923,257.27,5,49.981,101.25,90.007,1,26,0.00037648,0.012532,7.7778e-05,1.2502,1.4389
79.496,47.696,219.01,5,49.804,100.44,88.218,1,15,0.0039181,0.004396,0.0198,1.846,1.249
35.117,41.777,-55.957,5,49.981,102.15,90.007,1,16,0.00037699,0.02154,7.7778e-05,2.1501,1.3312
88.412,30.521,109.29,5,49.912,103.99,89.2,1,19,0.0017636,0.039908,0.0088889,4.0704,1.1966
15.613,32.325,118.29,5,50.078,103.35,91.013,1,18,0.001551,0.033501,0.011256,3.5007,1.1856
53.82,42.904,33.334,5,49.994,100.82,90.16,1,12,0.00011693,0.0082223,0.0017778,0.83549,1.0485
42.754,24.466,138.71,5,49.988,101.24,90.088,1,16,0.00024027,0.012382,0.00097778,1.2432,1.0543
31.946,39.147,64.904,5,50.061,100.33,90.98,1,14,0.0012251,0.0032744,0.010889,1.0359,1.1028
83.565,41.091,99.554,5,49.816,102.5,88.255,1,16,0.0036896,0.025018,0.019389,3.0543,1.1799
43.513,44.799,126.22,5,49.977,103.48,89.952,1,12,0.00046944,0.034762,0.00053333,3.4804,1.0795
54.409,19.167,-20.53,5,49.941,104.47,89.53,1,20,0.0011721,0.044711,0.0052222,4.495,1.2353
31.349,44.811,260.32,5,49.981,103.23,90.011,1,28,0.00037001,0.032277,0.00012222,3.2301,2.4032
84.336,9.5857,117.26,5,49.98,104.15,89.989,1,23,0.00040697,0.041472,0.00012222,4.1501,1.1891
77.194,11.817,216.34,5,49.98,101.45,89.995,1,22,0.00039631,0.014492,5.5556e-05,1.4501,1.192
88.347,26.097,131.35,5,49.966,103.92,89.832,1,20,0.00067055,0.039197,0.0018667,3.9237,1.2011
38.093,22.988,189.22,5,50.063,101.02,90.992,1,19,0.0012628,0.010239,0.011022,1.4242,1.2191
26.619,25.316,-86.845,5,49.982,102.36,90.011,1,22,0.00036921,0.023621,0.00012222,2.3601,1.4056
43.863,9.4679,159.21,5,49.984,103.75,90.036,1,20,0.00032801,0.037536,0.0004,3.7502,1.1021
73.515,29.789,-2.7249,5,49.979,100.11,89.985,1,30,0.00041338,0.001079,0.00016667,0.11299,2.0258
19.938,35.118,-76.594,5,49.984,102.26,90.04,1,20,0.00032025,0.022568,0.00044444,2.2604,1.3984
53.369,40.299,232.87,5,50.389,101.39,91.2,1,17,0.0077733,0.013932,0.013333,1.8771,1.4215
65.632,10.918,175.78,5,49.98,100.96,89.994,1,20,0.00039772,0.0096118,6.6667e-05,0.96023,1.1057
16.953,13.777,-25.492,5,49.984,100.81,90.043,1,22,0.00031647,0.008056,0.00047778,0.8113,1.1913
85.502,21.438,244.38,5,49.977,100.09,89.96,1,22,0.000455,0.00094882,0.00044444,0.10114,1.2759
42.498,44.8,240.92,5,51.88,102.04,112.95,0,19,0.037592,0.02035,0.255,23.117,1.7053
24.437,32.607,99.392,5,50.082,104.84,91.086,1,17,0.0016425,0.048407,0.012067,4.961,1.1793
65.187,39.675,5.3578,5,48.783,104.87,81.04,0,16,0.024335,0.048665,0.099556,10.27,1.286
64.958,24.273,223.58,5,49.98,103.55,89.996,1,19,0.00039548,0.03551,4.4444e-05,3.5501,1.2307
16.797,44.625,183.16,5,49.984,104.03,90.037,1,27,0.00032528,0.040322,0.00041111,4.0302,2.0909
48.732,35.294,-5.9234,5,49.934,102.09,89.442,1,15,0.0013147,0.02086,0.0062,2.1642,1.1589
76.653,46.681,-34.291,5,49.978,103.5,89.971,1,24,0.00043668,0.034984,0.00032222,3.5002,2.0131
73.539,41.881,-37.386,5,49.977,100.26,89.957,1,26,0.00046153,0.0026311,0.00047778,0.26453,2.0732
49.529,11.763,218.02,5,49.994,102.37,90.159,1,22,0.00012151,0.02373,0.0017667,2.3753,1.2466
50.368,49.489,72.83,5,49.981,104.47,90.006,1,11,0.00037833,0.044673,6.6667e-05,4.47,1.0888
65.7,16.935,94.969,5,49.978,100.67,89.973,1,18,0.00043357,0.006698,0.0003,0.6709,1.0646
29.061,17.296,119.93,5,49.995,102.87,90.168,1,19,0.00010495,0.02869,0.0018667,2.8749,1.1135
39.325,12.12,-56.068,5,49.979,100.77,89.985,1,22,0.00041406,0.0076881,0.00016667,0.77043,1.2426
77.03,35.779,100.5,5,49.928,101.39,89.363,1,16,0.0014411,0.01392,0.0070778,1.5307,1.1481
47.424,41.962,224.89,5,51.996,103.45,108.88,0,17,0.039924,0.034543,0.20978,19.296,1.4631
86.089,18.739,227.42,5,49.979,100.06,89.977,1,22,0.00042714,0.00063083,0.00025556,0.067602,1.2371
12.013,8.7266,70.623,5,49.983,102.28,90.03,1,23,0.00033837,0.022796,0.00033333,2.2803,1.1632
38.694,19.291,208.94,5,50.072,102.31,91.113,1,22,0.0014321,0.023064,0.012367,2.5652,1.3497
81.974,39.349,121.23,5,49.809,101.22,88.163,1,16,0.0038122,0.012239,0.020411,2.2135,1.1668
63.342,19.251,212.25,5,49.98,101.71,89.993,1,19,0.00040072,0.017102,7.7778e-05,1.7101,1.1607
34.966,23.971,28.395,5,49.988,100.34,90.085,1,17,0.00024537,0.0034068,0.00094444,0.35067,1.0968
12.69,42.962,234.2,5,49.999,101.25,90.215,1,23,2.3298e-05,0.012503,0.0023889,1.2684,1.6873
71.415,10.886,178.71,5,49.98,103.84,89.993,1,21,0.00040078,0.038428,7.7778e-05,3.8401,1.1457
69.553,39.931,267.51,5,49.978,103.55,89.972,1,19,0.00043575,0.035458,0.00031111,3.5502,1.5038
17.443,48.649,232.51,5,49.991,103.51,90.125,1,22,0.00017757,0.035067,0.0013889,3.5122,1.8092
43.854,17.5,79.638,5,49.981,101.44,90,1,17,0.0003888,0.014355,0,1.4401,1.0275
78.567,23.388,4.3412,5,49.98,103.35,89.997,1,31,0.00039337,0.033503,3.3333e-05,3.3501,1.8957
15.689,21.308,223.51,5,49.981,102.52,90.006,1,28,0.00037771,0.02525,6.6667e-05,2.5201,1.6308
80.204,31.101,184.09,5,49.969,100.93,89.859,1,18,0.00062487,0.0092518,0.0015667,0.94114,1.1964
40.013,49.406,73.142,5,50.088,101.46,91.389,1,11,0.0017658,0.014634,0.015433,2.0171,1.0665
52.651,37.408,-26.598,5,49.328,100.59,87.399,1,16,0.013446,0.0058859,0.0289,2.7504,1.277
17.476,15.149,249.85,5,49.981,103.16,90.002,1,27,0.00038461,0.031606,2.2222e-05,3.1601,1.4856
62.434,37.225,-78.519,5,49.98,102.92,89.995,1,33,0.00039712,0.029166,5.5556e-05,2.9201,2.5783
25.473,12.601,-78.874,5,49.981,101.95,90.002,1,24,0.00038589,0.01952,2.2222e-05,1.9501,1.3219
82.675,39.835,180.78,5,49.861,102.56,88.486,1,17,0.0027749,0.02556,0.016822,2.9774,1.2415
62.803,23.817,186.39,5,49.98,104.55,89.991,1,18,0.00040318,0.045462,0.0001,4.5501,1.165
37.462,43.031,93.082,5,50.032,103.82,90.592,1,13,0.00064549,0.03817,0.0065778,3.8657,1.1143
40.457,28.913,181.66,5,50.169,100.98,92.666,1,17,0.0033817,0.0097684,0.029622,2.8454,1.1851
69.045,13.684,227.62,5,49.98,101.69,89.999,1,21,0.00039083,0.0169,1.1111e-05,1.6901,1.1879
49.18,21.716,166.3,5,49.983,102.22,90.032,1,17,0.00033462,0.022183,0.00035556,2.2203,1.0857
41.01,36.12,-46.272,5,49.961,103.6,89.771,1,17,0.00077249,0.036016,0.0025444,3.6075,1.3176
20.798,9.3495,46.402,5,49.981,102.14,90.007,1,22,0.00037662,0.021399,7.7778e-05,2.1401,1.155
62.515,28.834,23.27,5,49.776,100.14,88.011,1,16,0.0044703,0.0014419,0.0221,2.0065,1.1071
69.75,18.221,-14.643,5,83.667,-2.1779,217.58,0,8,0.67335,1.0218,1.4176,166.88,0.47545
89.003,44.401,223.69,5,49.922,104.54,89.297,1,18,0.0015503,0.045418,0.0078111,4.5948,1.3252
21.996,36.025,179.38,5,49.982,101.25,90.013,1,28,0.00036656,0.012472,0.00014444,1.2502,2.0047
33.743,45.018,227,5,49.987,102.4,90.078,1,29,0.00025618,0.023978,0.00086667,2.4013,2.529
9.5289,15.979,152.46,5,-0.24327,15.52,194.65,0,2,1.0049,0.8448,1.1628,143.57,0.10723
53.121,30.821,100.77,5,49.981,100.58,90.005,1,14,0.00038018,0.0057727,5.5556e-05,0.58033,1.0108
75.44,19.918,26.462,5,83.519,-0.91718,203.47,0,8,0.67037,1.0092,1.2608,155.51,0.47604
78.64,11.452,25.288,5,92.825,-3.3326,263.81,0,5,0.85649,1.0333,1.9312,206.69,0.26863
78.342,38.728,31.184,5,49.978,100.13,89.963,1,31,0.00044992,0.0013022,0.00041111,0.13694,2.296
52.059,32.001,265.67,5,50.085,102.89,91.127,1,22,0.0016995,0.02889,0.012522,3.1031,1.6169
36.569,31.765,16.625,5,49.985,103.65,90.049,1,16,0.00030575,0.036536,0.00054444,3.6504,1.1503
79.591,21.226,180.68,5,49.977,102.72,89.96,1,20,0.00045606,0.027192,0.00044444,2.7204,1.1884
38.533,16.312,236.33,5,11.207,-3.3776,-63.478,0,9,0.77587,1.0338,1.7053,189.07,0.53273
80.553,46.419,-8.4449,5,49.968,100.26,89.847,1,25,0.00064661,0.0026203,0.0017,0.30337,2.0266
14.681,17.025,167.51,5,4.5181,-0.74262,-69.438,0,5,0.90964,1.0074,1.7715,194.01,0.27723
73.038,33.065,-53.755,5,49.98,101.2,89.994,1,27,0.00039812,0.011994,6.6667e-05,1.2002,1.9071
65.621,7.2021,140.71,5,49.98,102.8,89.996,1,21,0.00039453,0.028016,4.4444e-05,2.8001,1.1158
27.327,47.515,266.69,5,49.981,103.02,90.005,1,27,0.00037978,0.030206,5.5556e-05,3.0201,2.3613
91.758,12.237,55.458,5,49.966,103.7,89.824,1,23,0.00068456,0.037008,0.0019556,3.7043,1.1832
21.431,7.1182,75.347,5,49.981,101.13,90.008,1,22,0.00037479,0.011296,8.8889e-05,1.1302,1.132
43.917,16.961,115.05,5,49.981,100.59,90.001,1,17,0.00038604,0.0058637,1.1111e-05,0.59031,1.0209
68.536,43.476,-20.107,5,49.978,100.07,89.966,1,29,0.00044625,0.0007267,0.00037778,0.08087,2.4376
25.086,35.082,-11.42,5,50.003,103.84,90.264,1,17,5.4161e-05,0.038409,0.0029333,3.8491,1.2224
70.808,30.31,-46.625,5,49.98,103.6,89.997,1,30,0.00039416,0.035951,3.3333e-05,3.6001,2.0624
25.755,13.143,120.88,5,49.994,101.1,90.161,1,20,0.00011492,0.010965,0.0017889,1.1117,1.1089
49.776,38.725,224.25,5,50.66,102.42,97.951,0,17,0.013201,0.024231,0.088344,8.3373,1.3872
18.906,36.455,-36.97,5,49.999,103.66,90.213,1,18,2.94e-05,0.03659,0.0023667,3.6662,1.2722
30.758,31.493,171.13,5,50.816,102.57,95.957,0,18,0.016323,0.025748,0.066189,6.5389,1.2648
48.395,16.975,265.16,5,50.006,100.28,90.3,1,25,0.0001149,0.0028122,0.0033333,0.41041,1.5053
8.0436,31.427,123.56,5,50.175,102.86,92.716,1,19,0.0035001,0.028562,0.030178,3.948,1.1817
30.562,11.182,30.535,5,49.981,104.85,90.01,1,21,0.00037081,0.048506,0.00011111,4.85,1.1549
29.507,47.033,144.09,5,52.864,100.18,106.12,0,13,0.057287,0.0017706,0.17911,16.373,1.1445
60.99,24.339,155.83,5,49.979,103.39,89.981,1,17,0.00041962,0.033874,0.00021111,3.3901,1.1118
28.395,11.512,20.011,5,49.981,104.48,90.009,1,21,0.00037361,0.044827,0.0001,4.48,1.1527
17.433,43.015,-42.171,5,50.105,103.73,91.396,1,17,0.0021053,0.037328,0.015511,3.9841,1.2951
7.8219,7.1483,83.251,5,49.983,102.13,90.025,1,24,0.00034568,0.021251,0.00027778,2.1302,1.1767
90.037,9.4659,223.69,5,49.98,102.66,89.996,1,25,0.00039524,0.0266,4.4444e-05,2.6601,1.2627
29.997,37.836,105.06,5,50.222,104.66,91.645,1,15,0.0044489,0.046596,0.018278,4.9468,1.1485
35.612,38.953,265.32,5,49.981,103.49,90.002,1,32,0.00038537,0.034862,2.2222e-05,3.4901,2.5511
73.016,27.579,141.08,5,49.971,104.53,89.883,1,18,0.00058456,0.045347,0.0013,4.5316,1.1844
14.291,10.472,165,5,1.6566,-1.9668,262.03,0,4,0.96687,1.0197,1.9114,205.74,0.2075
18.942,25.363,35.426,5,49.994,101.73,90.158,1,19,0.00012012,0.017317,0.0017556,1.7372,1.1752
89.334,49.541,-62.911,5,49.95,100.46,89.637,1,21,0.0010006,0.0046372,0.0040333,0.58811,1.6412
75.098,33.402,-50.037,5,49.98,101.27,89.994,1,26,0.00039812,0.012689,6.6667e-05,1.2702,1.8266
41.97,47.909,114.44,5,50.067,100.52,91.094,1,11,0.0013469,0.0051656,0.012156,1.2131,1.0435
52.674,25.231,-0.24544,5,49.939,101.74,89.516,1,17,0.0012108,0.01736,0.0053778,1.8071,1.1361
26.356,33.857,-50.659,5,49.99,103.25,90.115,1,18,0.00019512,0.032544,0.0012778,3.252,1.2813
80.067,22.51,35.649,5,49.808,101.05,88.175,1,20,0.0038464,0.010477,0.020278,2.1142,1.2031
57.212,30.286,189.16,5,49.977,103.13,89.954,1,16,0.00046567,0.031265,0.00051111,3.1304,1.1415
47.447,28.031,-31.972,5,49.941,102.1,89.527,1,18,0.0011852,0.020985,0.0052556,2.1534,1.2498
41.889,15.399,156.36,5,49.985,104.39,90.058,1,19,0.00029044,0.043928,0.00064444,4.3904,1.1178
83.543,26.141,161.16,5,49.969,100.91,89.858,1,19,0.00062646,0.0091391,0.0015778,0.92153,1.1711
26.493,27.625,130.7,5,50.086,104.71,91.313,1,18,0.0017171,0.04708,0.014589,4.8903,1.1827
18.821,40.951,93.331,5,50.237,104.51,92.037,1,16,0.0047352,0.045055,0.022633,4.9544,1.198
22.239,17.931,118.73,5,50.014,103.03,90.389,1,20,0.00027215,0.030333,0.0043222,3.0549,1.1542
59.664,23.175,55.907,5,49.975,100.61,89.938,1,16,0.00049292,0.0061077,0.00068889,0.61365,1.0332
24.978,49.513,117.67,5,50.782,101.7,105.84,0,13,0.015631,0.016958,0.176,15.95,1.1536
54.207,34.67,144.48,5,49.977,100.68,89.96,1,14,0.00045497,0.0067892,0.00044444,0.68156,1.0693
7.0387,13.804,121.65,5,49.994,104.48,90.161,1,23,0.00011632,0.044805,0.0017889,4.4829,1.1941
37.409,35.736,-68.148,5,49.982,101.4,90.012,1,18,0.00036768,0.014024,0.00013333,1.4002,1.3743
8.7701,26.065,-42.483,5,49.984,103.47,90.044,1,22,0.00031368,0.034677,0.00048889,3.4703,1.2994
76.772,19.225,240.28,5,49.98,103.09,89.996,1,22,0.00039534,0.030923,4.4444e-05,3.0901,1.2927
68.419,13.408,210.07,5,49.98,103.83,89.998,1,21,0.00039211,0.038303,2.2222e-05,3.8301,1.1861
32.621,46.565,101.44,5,50.578,101.03,94.714,0,12,0.01157,0.010324,0.052378,4.8597,1.0678
49.27,7.8091,-2.9228,5,49.979,100.17,89.985,1,20,0.00041437,0.0017394,0.00016667,0.17195,1.0847
65.854,31.029,21.406,5,49.766,104.79,87.748,1,17,0.0046865,0.04792,0.025022,5.2981,1.2011
65.518,12.173,127.66,5,49.98,103.07,89.996,1,20,0.00039554,0.030711,4.4444e-05,3.0701,1.1212
32.161,8.2771,-56.412,5,49.981,103.7,90.001,1,23,0.00038685,0.036979,1.1111e-05,3.7,1.2307
38.926,8.4542,104.5,5,49.982,100.21,90.011,1,19,0.00036994,0.0021308,0.00012222,0.21106,1.0302
24.738,45.667,-4.5544,5,50.03,104.24,90.58,1,15,0.00059932,0.042374,0.0064444,4.2796,1.2517
80.17,9.037,93.535,5,49.979,102.64,89.981,1,22,0.00042085,0.026365,0.00021111,2.6402,1.1478
50.772,39.775,227.83,5,51.198,101.83,95.567,0,17,0.023968,0.0183,0.061856,5.9813,1.4113
31.588,9.4664,219.8,5,12.994,-3.3835,256.47,0,5,0.74012,1.0338,1.8497,199.42,0.2706
8.1101,47.871,105.09,5,50.6,104.3,104.56,0,16,0.012001,0.042957,0.16178,15.194,1.1963
17.245,44.711,104.24,5,50.368,101.97,92.433,1,15,0.0073602,0.019719,0.027033,3.1521,1.1671
67.246,38.169,120.94,5,49.942,103.65,89.543,1,15,0.0011606,0.036514,0.0050778,3.679,1.1684
14.187,27.439,171.87,5,49.981,100.73,90.005,1,31,0.00038049,0.0073138,5.5556e-05,0.73026,1.9155
39.659,11.845,245.85,5,8.4705,-3.1469,261.32,0,8,0.83059,1.0315,1.9036,204.24,0.45066
15.439,7.3858,32.488,5,49.981,101.03,90.008,1,23,0.00037529,0.010307,8.8889e-05,1.0302,1.1633
22.524,36.745,134.63,5,50.851,101.42,95.7,0,16,0.017022,0.014164,0.063333,5.9355,1.16
57.188,45.101,23.157,5,49.652,104.28,85.229,0,13,0.0069571,0.042818,0.053011,6.4189,1.174
42.895,21.135,105.26,5,49.981,104.68,90.001,1,17,0.00038649,0.046816,1.1111e-05,4.68,1.0734
11.012,32.519,81.366,5,50.213,100.28,92.862,1,18,0.0042684,0.002825,0.0318,2.8835,1.1548
17.732,32.202,-23.407,5,50.011,104.74,90.355,1,19,0.00021372,0.047447,0.0039444,4.7533,1.2652
69.472,44.341,227.73,5,49.971,102.13,89.892,1,15,0.00057072,0.021271,0.0012,2.1329,1.2719
84.572,7.2209,68.417,5,49.974,102.48,89.918,1,23,0.00052683,0.024816,0.00091111,2.4815,1.1615
75.038,46.689,138.91,5,49.843,102.64,88.535,1,14,0.0031443,0.026361,0.016278,3.0233,1.1885
8.4171,14.479,185.27,5,1.4903,-1.798,-75.356,0,4,0.97019,1.018,1.8373,200.15,0.21032
39.067,42.703,257.54,5,49.984,101.21,90.042,1,32,0.00031687,0.012101,0.00046667,1.2108,2.743
73.866,13.823,204.83,5,49.979,102.01,89.984,1,21,0.00041509,0.020107,0.00017778,2.0102,1.1742
39.159,17.024,-21.8,5,49.981,102.31,90.003,1,19,0.00038416,0.023102,3.3333e-05,2.3101,1.1353
46.164,38.747,-58.414,5,49.694,102.67,86.336,1,18,0.0061255,0.026726,0.040711,4.5439,1.4664
91.897,37.954,244.53,5,49.941,101.07,89.53,1,20,0.0011865,0.010744,0.0052222,1.1702,1.3357
42.527,11.6,127.68,5,49.981,104.55,90.003,1,19,0.0003842,0.04546,3.3333e-05,4.55,1.0708
45.471,35.175,12.742,5,49.983,100.9,90.03,1,14,0.00033765,0.0090092,0.00033333,0.90066,1.0772
7.9554,23.106,75.276,5,50.002,104.44,90.26,1,21,4.8474e-05,0.044382,0.0028889,4.4476,1.1981
26.666,33.932,150.11,5,50.441,104.38,95.672,0,18,0.0088262,0.043838,0.063022,7.1799,1.2845
26.975,37.624,96.376,5,50.183,102.17,91.725,1,15,0.0036598,0.021736,0.019167,2.7781,1.128
27.3,47.583,155.92,5,49.986,104.11,90.067,1,29,0.00027591,0.041068,0.00074444,4.1106,2.5385
66.823,48.556,86.038,5,49.544,102.02,85.235,0,12,0.0091212,0.020168,0.052944,5.1955,1.1085
15.978,46.76,133.86,5,52.238,101.11,111.29,0,15,0.044753,0.011052,0.23656,21.436,1.1871
9.3879,26.671,164.94,5,-2.6356,19.301,236.08,0,3,1.0527,0.80699,1.6231,174.99,0.17895
11.161,15.443,242.75,5,49.981,102.28,90.003,1,28,0.00038288,0.022785,3.3333e-05,2.2801,1.5046
72.873,11.29,77.205,5,49.972,100.52,89.899,1,20,0.00055811,0.00518,0.0011222,0.53046,1.0916
48.188,25.196,-75.231,5,49.914,100.64,89.184,1,22,0.0017293,0.0064045,0.0090667,1.0406,1.4701
78.413,19.824,139.82,5,49.975,102.66,89.935,1,20,0.00049848,0.026622,0.00072222,2.6609,1.1756
87.137,29.147,117.47,5,49.932,101.27,89.418,1,19,0.0013622,0.012722,0.0064667,1.3987,1.1876
13.736,32.116,159.86,5,49.981,101.27,90.009,1,31,0.00037402,0.01266,0.0001,1.2702,2.0139
43.168,16.972,260.11,5,8.5613,-2.1528,-79.697,0,10,0.82877,1.0215,1.8855,202.36,0.60018
75.85,26.205,-30.093,5,49.98,104.11,89.999,1,29,0.00039009,0.041079,1.1111e-05,4.11,1.8544
75.263,9.4183,-10.899,5,85.75,-4.6637,268.18,0,4,0.71499,1.0466,1.9798,209.72,0.21268
51.178,36.644,31.056,5,49.984,104.63,90.042,1,14,0.00031827,0.046343,0.00046667,4.6302,1.1047
87.599,31.402,56.614,5,49.753,100.53,86.908,1,18,0.0049464,0.0053485,0.034356,3.1468,1.1505
59.297,34.499,-82.767,5,49.98,103.21,89.992,1,35,0.00040161,0.032087,8.8889e-05,3.2101,2.6452
64.245,21.173,191.78,5,49.98,100.8,89.991,1,18,0.00040402,0.0079549,0.0001,0.8003,1.1235
87.363,32.869,78.882,5,49.88,102.19,88.834,1,18,0.0024028,0.021901,0.012956,2.484,1.1714
92.916,21.197,160.38,5,49.967,100.87,89.834,1,21,0.00066746,0.0087206,0.0018444,0.88631,1.1702
31.853,26.161,18.662,5,49.993,100.69,90.144,1,17,0.00014577,0.0069438,0.0016,0.7049,1.1179
42.373,16.254,23.288,5,49.981,102.33,90.004,1,18,0.0003818,0.0233,4.4444e-05,2.3301,1.0702
88.125,17.07,-31.128,5,87.015,-0.52475,228.39,0,4,0.7403,1.0052,1.5377,175.01,0.21912
42.718,23.916,130.93,5,49.986,101.25,90.062,1,16,0.00028432,0.01255,0.00068889,1.2516,1.0467
11.032,28.701,261.7,5,49.984,102.55,90.045,1,24,0.00031302,0.025488,0.0005,2.5504,1.4769
26.926,35.098,199.78,5,49.981,103.89,90.006,1,29,0.0003788,0.038865,6.6667e-05,3.8901,2.105
68.868,12.926,209.55,5,49.98,103.45,89.997,1,21,0.00039318,0.034459,3.3333e-05,3.4501,1.1785
86.604,8.3783,136.39,5,49.977,100.91,89.959,1,23,0.0004568,0.0091451,0.00045556,0.91121,1.1656
64.11,8.5749,-82.793,5,80.528,-1.3186,-21.307,0,4,0.61056,1.0132,1.2367,153.58,0.2162
15.738,43.117,60.664,5,50.085,102.54,91.158,1,16,0.0017034,0.025445,0.012867,2.7928,1.2047
48.334,32.098,28.732,5,49.982,104.77,90.012,1,15,0.00036777,0.047677,0.00013333,4.77,1.1042
69.115,8.2469,-31.706,5,87.827,-3.586,-76.397,0,5,0.75653,1.0359,1.8489,199.62,0.26674
12.902,35.095,221.65,5,49.984,104.28,90.04,1,26,0.00032066,0.042792,0.00044444,4.2802,1.7389
81.041,27.333,-81.398,5,49.98,101.66,89.99,1,23,0.00040596,0.016638,0.00011111,1.6602,1.4553
75.715,32.958,6.3484,5,49.98,103.69,89.996,1,30,0.00039525,0.036879,4.4444e-05,3.6901,2.089
11.355,28.791,-19.281,5,49.995,101.12,90.166,1,20,0.0001089,0.011188,0.0018444,1.1322,1.2343
64.062,22.414,78.327,5,49.973,103.55,89.906,1,17,0.0005467,0.035483,0.0010444,3.5513,1.078
13.37,23.019,234.44,5,49.981,102.47,90.007,1,27,0.00037591,0.024673,7.7778e-05,2.4701,1.5835
47.91,43.046,215.24,5,50.499,103.31,101.8,0,16,0.0099729,0.033111,0.13111,12.266,1.4037
13.728,44.101,238.23,5,49.998,101.04,90.207,1,22,3.7294e-05,0.010373,0.0023,1.0604,1.6507
12.097,28.392,212.75,5,49.981,102.27,90.007,1,28,0.00037671,0.022746,7.7778e-05,2.2701,1.728
87.474,35.195,128.46,5,49.919,102.65,89.259,1,18,0.0016189,0.026487,0.0082333,2.7528,1.2022
22.993,40.976,-30.335,5,50.005,101.08,90.284,1,16,9.228e-05,0.010845,0.0031556,1.1167,1.2325
22.184,37.568,-12.759,5,50.04,104.97,90.677,1,17,0.00079211,0.049723,0.0075222,5.0161,1.2436
60.228,22.9,28.369,5,49.944,102.27,89.573,1,17,0.0011126,0.02274,0.0047444,2.3105,1.0929
66.427,49.4,165.73,5,49.928,104.09,89.37,1,13,0.0014373,0.040909,0.007,4.1389,1.2218
32.621,46.346,151.12,5,53.968,101.32,98.549,0,13,0.079351,0.013189,0.094989,9.517,1.1525
23.487,10.227,196.33,5,15.112,-1.0627,258.48,0,3,0.69775,1.0106,1.872,199.54,0.16025
14.386,26.208,139.87,5,50.185,104.68,92.828,1,20,0.0036944,0.046821,0.031422,5.4712,1.2205
91.999,45.91,52.548,5,47.307,102.16,72.418,0,16,0.053856,0.021554,0.19536,17.918,1.1682
19.085,45.065,28.017,5,50.523,102.59,92.266,1,15,0.010454,0.025865,0.025178,3.4809,1.1898
64.989,19.702,236.45,5,49.981,104.86,90,1,21,0.00038868,0.048615,0,4.86,1.2854
51.707,46.423,68.125,5,49.984,101.23,90.039,1,11,0.00032351,0.012254,0.00043333,1.2307,1.026
44.219,16.468,177.92,5,50.012,102.36,90.381,1,19,0.00024873,0.023625,0.0042333,2.3906,1.1346
76.518,47.872,145.78,5,49.751,102.84,87.916,1,14,0.0049782,0.028424,0.023156,3.5314,1.1969
48.223,8.1284,-54.688,5,49.97,102.34,89.873,1,24,0.0006019,0.023444,0.0014111,2.3436,1.3059
16.942,14.447,-10.232,5,49.984,101.78,90.041,1,22,0.00031848,0.017825,0.00045556,1.7805,1.1993
24.066,36.484,171.93,5,49.982,102.28,90.012,1,29,0.00036769,0.02276,0.00013333,2.2801,2.1135
45.309,41.348,-33.234,5,49.68,100.88,86.268,1,15,0.0063902,0.0087902,0.041467,3.8477,1.2747
11.472,8.0043,137.08,5,49.992,103.73,90.14,1,24,0.00015064,0.037298,0.0015556,3.7326,1.2032
62.049,41.052,139.38,5,49.966,102.79,89.821,1,14,0.00068893,0.027905,0.0019889,2.7959,1.1634
60.187,8.0653,189.71,5,49.98,100,89.999,1,20,0.00039036,2.8998e-05,1.1111e-05,0.020025,1.0811
42.632,14.961,258.53,5,8.0234,-0.59597,261.27,0,9,0.83953,1.006,1.903,203.01,0.52719
56.182,37.25,-25.207,5,49.306,103.82,86.735,1,17,0.013879,0.038162,0.036278,5.0729,1.348
7.5787,30.504,242,5,49.984,103.9,90.04,1,26,0.00032021,0.039032,0.00044444,3.9002,1.5967
21.206,29.843,-45.67,5,49.99,101.26,90.113,1,19,0.00019709,0.012632,0.0012556,1.2651,1.2527
46.155,10.87,229.91,5,50.017,103.61,90.44,1,24,0.00034422,0.036095,0.0048889,3.6368,1.3451
27.571,40.999,159.73,5,49.984,103.11,90.038,1,31,0.0003252,0.031134,0.00042222,3.1103,2.4556
52.856,31.999,195.85,5,49.998,102.41,90.21,1,16,3.5741e-05,0.024071,0.0023333,2.4191,1.1754
75.206,35.711,173.66,5,49.942,101.66,89.539,1,16,0.0011697,0.016597,0.0051222,1.7238,1.1585
23.196,30.4,45.473,5,50.036,100.25,90.669,1,17,0.00071352,0.002517,0.0074333,0.71509,1.1397
60.201,17.144,244.56,5,49.984,102.67,90.044,1,22,0.00031448,0.026727,0.00048889,2.6704,1.3177
56.917,40.358,25.462,5,49.697,100.19,86.737,1,13,0.0060502,0.0018765,0.036256,3.2825,1.0826
71.162,29.806,66.991,5,49.856,104.87,88.413,1,17,0.0028779,0.048652,0.017633,5.1241,1.1594
63.067,46.349,10.879,5,46.409,100.81,87.783,0,13,0.07183,0.0081046,0.024633,4.2973,1.1771
47.668,11.332,142.32,5,49.98,104.63,89.999,1,19,0.00039004,0.046269,1.1111e-05,4.63,1.071
78.215,15.673,36.589,5,49.936,102.07,89.475,1,21,0.0012823,0.020671,0.0058333,2.1365,1.1808
66.425,18.96,64.133,5,49.972,102.35,89.9,1,18,0.00055635,0.023545,0.0011111,2.3523,1.0884
59.449,14.248,-24.866,5,49.936,103.56,89.466,1,22,0.0012827,0.035578,0.0059333,3.6004,1.2751
14.131,41.997,98.794,5,50.889,102.99,95.316,0,16,0.017789,0.029933,0.059067,6.1636,1.1731
13.504,40.411,-50.729,5,50.061,100.87,90.896,1,18,0.0012167,0.0087379,0.0099556,1.2504,1.288
44.346,8.9937,21.726,5,49.981,101.27,90.001,1,19,0.00038677,0.012723,1.1111e-05,1.2701,1.0419
21.783,48.758,2.7545,5,50.336,100.88,94.952,0,14,0.0067291,0.008801,0.055022,5.0408,1.1966
47.855,20.199,50.253,5,49.981,103.89,90.002,1,17,0.0003856,0.038851,2.2222e-05,3.89,1.0648
57.955,34.709,160.83,5,49.977,104.27,89.963,1,15,0.00045086,0.042742,0.00041111,4.2702,1.1403
74.657,14.304,181.8,5,49.979,103.97,89.986,1,21,0.00041264,0.03966,0.00015556,3.9701,1.1775
26.257,36.923,221.8,5,49.981,103.75,90.007,1,27,0.0003768,0.037523,7.7778e-05,3.7501,2.003
35.27,18.872,227.32,5,14.79,-2.3224,-56.671,0,8,0.7042,1.0232,1.6297,182.27,0.48512
7.6507,15.786,268.91,5,49.981,100.09,90.007,1,26,0.00037675,0.00089976,7.7778e-05,0.09225,1.3791
67.291,14.749,-56.431,5,85.245,-0.052419,-76.06,0,5,0.70491,1.0005,1.8451,197.05,0.2874
60.01,13.306,202.24,5,49.98,103.63,89.999,1,20,0.00039008,0.036318,1.1111e-05,3.6301,1.1459
91.095,31.507,84.795,5,49.829,103.95,88.438,1,19,0.0034285,0.039543,0.017356,4.2511,1.1894
35.776,28.023,10.957,5,49.984,104.24,90.035,1,17,0.00032879,0.042361,0.00038889,4.2402,1.1585
86.713,44.965,114.09,5,49.616,102.44,84.916,0,16,0.0076749,0.02444,0.056489,5.6523,1.2092
74.971,34.95,154.51,5,49.951,101.16,89.648,1,16,0.00098349,0.011604,0.0039111,1.2132,1.1481
59.649,24.632,58.314,5,49.977,101.89,89.956,1,16,0.00046334,0.018875,0.00048889,1.8907,1.0529
22.424,9.959,195.8,5,15.029,-2.0156,263.36,0,3,0.69943,1.0202,1.9262,204.17,0.15929
63.19,42.158,-3.2788,5,47.653,101.75,69.809,0,15,0.046933,0.017461,0.22434,20.402,1.2642
20.496,17.339,103.17,5,49.995,101.96,90.171,1,20,9.8708e-05,0.019648,0.0019,1.9675,1.1394
74.218,14.226,124.77,5,49.979,100.52,89.983,1,20,0.00041749,0.005168,0.00018889,0.5207,1.122
78.266,48.053,172.62,5,49.68,100.1,86.174,1,14,0.0063964,0.0009693,0.042511,3.8407,1.1837
69.361,33.763,229.11,5,49.978,101.51,89.975,1,17,0.00043099,0.015102,0.00027778,1.5104,1.2317
45.131,32.551,258.36,5,50.204,104.64,93.012,1,24,0.0040792,0.046436,0.033467,5.5356,1.7745
30.963,27.837,-83.892,5,49.982,103.04,90.015,1,21,0.00036292,0.030362,0.00016667,3.0401,1.4069
69.757,20.754,-34.257,5,80.939,-1.3432,223.17,0,7,0.61878,1.0134,1.4797,170.18,0.42855
88.606,14.792,220.54,5,49.979,100.82,89.982,1,23,0.00041861,0.0082114,0.0002,0.82047,1.2293
50.741,7.0573,88.234,5,49.981,102.03,90,1,19,0.00038842,0.020347,0,2.0301,1.0221
82.803,31.962,267.32,5,49.979,104.24,89.982,1,22,0.00041954,0.042422,0.0002,4.2401,1.4563
31.567,10.638,48.892,5,49.981,104.96,90.01,1,21,0.00037116,0.04957,0.00011111,4.96,1.1508
10.823,41.283,25.223,5,50.228,103.5,91.905,1,17,0.004552,0.034955,0.021167,3.9914,1.2042
59.827,32.01,175.79,5,49.978,101.22,89.967,1,15,0.0004436,0.012216,0.00036667,1.2206,1.0918
28.741,31.243,85.96,5,50.151,101.16,92.355,1,16,0.0030242,0.011591,0.026167,2.6295,1.1116
70.21,39.153,259.1,5,49.977,101.64,89.958,1,18,0.0004587,0.016394,0.00046667,1.6407,1.4037
69.042,28.547,-2.9828,5,49.98,101.43,89.991,1,32,0.00040367,0.014255,0.0001,1.4302,2.1637
81.227,38.612,-5.8152,5,49.98,104.66,89.991,1,28,0.00040402,0.046597,0.0001,4.6601,2.0327
31.214,14.031,223.11,5,14.227,-0.51735,263.95,0,5,0.71546,1.0052,1.9328,204.06,0.2841
71.766,44.719,-25.934,5,49.977,101.01,89.96,1,27,0.00045604,0.010092,0.00044444,1.0111,2.2723
69.697,49.467,143.44,5,49.825,102.37,88.315,1,13,0.0035069,0.023686,0.018722,2.9132,1.1985
80.715,41.103,96.706,5,49.867,104.9,88.738,1,16,0.0026521,0.049005,0.014022,5.0617,1.2044
13.636,11.934,-61.795,5,49.982,100.63,90.022,1,24,0.00035118,0.0063469,0.00024444,0.63064,1.2595
12.267,12.727,-28.025,5,49.983,104.92,90.029,1,24,0.00033967,0.049166,0.00032222,4.9201,1.2621
73.723,22.458,17.443,5,49.98,103.43,89.998,1,33,0.00039197,0.034316,2.2222e-05,3.4301,2.0348
92.408,26.152,55.012,5,49.767,102.15,87.758,1,20,0.004652,0.02148,0.024911,3.115,1.1743
87.727,28.562,16.392,5,100.71,16.435,-80.359,0,4,1.0141,0.83565,1.8929,196.41,0.24756
33.823,33.593,189.13,5,50.914,101.43,93.823,1,18,0.018281,0.014319,0.042478,4.1828,1.3168
31.628,32.752,203.34,5,49.981,100.48,90.01,1,31,0.00037143,0.0048482,0.00011111,0.48048,2.2234
37.673,20.946,-5.6105,5,49.982,102.39,90.013,1,18,0.00036609,0.023898,0.00014444,2.3901,1.1249
28.107,7.8707,42.156,5,49.981,100.44,90.011,1,21,0.00037039,0.0043538,0.00012222,0.44055,1.1088
15.242,29.947,136.64,5,50.073,103.52,91.082,1,19,0.0014677,0.035172,0.012022,3.6833,1.2148
64.054,39.272,-73.705,5,49.98,104.34,89.99,1,32,0.0004061,0.043424,0.00011111,4.3401,2.5668
59.59,29.977,257.67,5,50,104.2,90.235,1,21,6.8925e-06,0.042049,0.0026111,4.2066,1.4856
24.446,10.534,-55.483,5,49.981,101.48,90.005,1,23,0.00037982,0.01479,5.5556e-05,1.4801,1.236
26.86,28.812,193.24,5,49.981,104.35,90.004,1,31,0.00038122,0.043453,4.4444e-05,4.35,2.0707
43.819,17.878,75.755,5,49.981,101.89,90,1,17,0.00038924,0.018943,0,1.8901,1.0321
90.289,25.092,196.13,5,49.975,100.31,89.93,1,21,0.0005056,0.0030863,0.00077778,0.31879,1.2345
44.965,44.419,127.92,5,49.974,103.42,89.926,1,12,0.00051309,0.034183,0.00082222,3.4209,1.0751
8.7117,13.973,22.625,5,49.988,104.63,90.092,1,23,0.00023252,0.0463,0.0010222,4.6309,1.2052
12.029,42.438,113.1,5,51.374,101.16,95.277,0,16,0.02747,0.011605,0.058633,5.575,1.1601
60.546,28.714,244.89,5,49.991,104.36,90.128,1,20,0.00017333,0.04362,0.0014222,4.3619,1.3877
50.056,41.583,-82.815,5,49.515,102.19,86.425,1,20,0.0096921,0.021936,0.039722,4.2204,1.7118
38.454,19.156,-23.352,5,49.981,104.21,90.004,1,19,0.00038198,0.042143,4.4444e-05,4.21,1.1633
37.494,12.75,-71.444,5,49.98,101.67,89.994,1,23,0.00039833,0.016745,6.6667e-05,1.6701,1.3047
73.456,25.725,99.955,5,49.958,104.26,89.727,1,18,0.00084784,0.042583,0.0030333,4.2689,1.1555
52.113,7.6185,-68.759,5,49.969,102.33,89.864,1,26,0.00061663,0.023256,0.0015111,2.3342,1.4068
53.965,15.142,221.92,5,50,101.95,90.233,1,21,3.1089e-06,0.019492,0.0025889,1.9639,1.236
61.964,36.871,83.584,5,49.954,103.18,89.683,1,14,0.00091774,0.031787,0.0035222,3.1961,1.0894
72.088,30.868,52.329,5,49.822,104.7,88.31,1,17,0.0035534,0.047019,0.018778,4.9978,1.1712
13.71,43.347,63.526,5,50.502,101.55,94.856,0,16,0.010033,0.015532,0.053956,5.122,1.1891
35.533,44.972,238.17,5,49.982,102.12,90.016,1,30,0.00036096,0.021188,0.00017778,2.1201,2.6363
21.286,45.636,-86.804,5,49.985,104.51,90.058,1,19,0.00029031,0.045132,0.00064444,4.5104,1.5452
64.39,11.152,51.628,5,49.974,101.01,89.922,1,19,0.00051968,0.01015,0.00086667,1.0133,1.0555
86.785,34.913,189.51,5,49.964,103.82,89.805,1,19,0.00071642,0.03822,0.0021667,3.8251,1.2707
25.515,32.401,233.58,5,49.981,103.47,90.002,1,27,0.00038534,0.03472,2.2222e-05,3.4701,1.8777
15.187,46.7,121.61,5,51.606,102.85,105.89,0,15,0.03213,0.028525,0.17656,16.223,1.1781
33.341,20.501,45.399,5,49.982,100.18,90.014,1,18,0.00036512,0.001784,0.00015556,0.18144,1.108
87.573,18.806,29.158,5,101.51,17.037,-32.012,0,3,1.0302,0.82963,1.3557,156.28,0.16766
23.537,10.448,177.19,5,11.425,-2.4606,264.41,0,4,0.77149,1.0246,1.9379,205.92,0.21418
11.56,10.641,214.84,5,10.382,-3.3387,-69.381,0,3,0.79236,1.0334,1.7709,194.04,0.1542
72.677,12.062,9.7035,5,90.59,-1.7232,260.04,0,6,0.81181,1.0172,1.8893,202.26,0.33034
41.232,35.579,268.77,5,49.981,101.47,90.004,1,35,0.00038247,0.014686,4.4444e-05,1.4701,2.6917
18.8,24.861,8.6305,5,49.985,104.88,90.056,1,20,0.00029477,0.048789,0.00062222,4.8803,1.2291
45.572,16.807,-57.558,5,49.972,101.59,89.894,1,22,0.00056725,0.015861,0.0011778,1.5938,1.3204
15.609,13.846,249.78,5,49.981,101.45,90.001,1,27,0.00038631,0.014544,1.1111e-05,1.4501,1.4553
52.634,18.947,-23.302,5,49.945,103.8,89.573,1,20,0.0011064,0.038036,0.0047444,3.8243,1.2331
82.838,39.055,76.669,5,49.774,100.94,87.447,1,16,0.0045121,0.00944,0.028367,2.7299,1.1556
22.253,34.86,211.11,5,49.982,101.22,90.021,1,26,0.00035297,0.012163,0.00023333,1.2203,1.8361
68.666,22.736,83.367,5,49.946,100.52,89.584,1,17,0.0010836,0.0052466,0.0046222,0.66811,1.0694
51.117,45.902,156.89,5,49.974,103.58,89.926,1,12,0.00051258,0.035752,0.00082222,3.5809,1.1089
64.185,8.707,-37.149,5,91.848,-1.6957,-79.556,0,7,0.83696,1.017,1.884,202.1,0.37883
22.762,37.918,15.461,5,50.115,102.42,91.317,1,16,0.0022926,0.024157,0.014633,2.7576,1.18
22.59,17.073,146.74,5,50.074,102.56,90.989,1,21,0.0014715,0.025579,0.010989,2.7454,1.2022
61.079,47.871,63.659,5,49.827,104.08,88.351,1,12,0.0034658,0.040843,0.018322,4.404,1.1258
62.259,16.687,71.858,5,49.978,102.51,89.972,1,18,0.00043577,0.025055,0.00031111,2.5103,1.0688
44.803,34.099,-61.042,5,49.895,103.16,88.986,1,19,0.0021065,0.031569,0.011267,3.3204,1.4371
31.148,10.431,186.28,5,8.1124,-1.0414,-82.118,0,7,0.83775,1.0104,1.9124,203.93,0.38238
65.221,26.269,172.28,5,49.975,102.01,89.932,1,17,0.00050331,0.020077,0.00075556,2.0113,1.129
24.404,30.586,54.709,5,50.001,101.28,90.248,1,17,2.7872e-05,0.012784,0.0027556,1.3038,1.1489
89.347,43.544,66.046,5,48.663,100.42,83.034,0,16,0.02675,0.0042358,0.0774,7.1056,1.1625
50.891,12.746,-89.13,5,49.97,103.32,89.879,1,27,0.00059149,0.033223,0.0013444,3.3223,1.5471
89.381,12.335,-3.9013,5,96.729,-3.7729,256.89,0,4,0.93459,1.0377,1.8543,202,0.20811
72.538,14.352,146.37,5,49.977,101.21,89.957,1,20,0.00046169,0.01211,0.00047778,1.211,1.1291
15.917,36.905,-20.459,5,50.005,103.75,90.291,1,18,0.0001087,0.037477,0.0032333,3.7613,1.255
64.117,27.479,-50.818,5,49.98,100.37,89.993,1,33,0.00040095,0.0037356,7.7778e-05,0.37061,2.2333
15.49,45.284,79.696,5,51.142,100.97,93.185,1,15,0.022848,0.0097097,0.035389,3.5198,1.1594
29.327,49.928,-23.334,5,50.086,100.48,91.095,1,13,0.0017145,0.0048092,0.012167,1.1987,1.1999
81.849,21.573,-21.04,5,49.98,104.02,89.999,1,30,0.00039058,0.040212,1.1111e-05,4.02,1.7721
25.808,46.649,179.9,5,49.984,102.43,90.041,1,27,0.00031884,0.024306,0.00045556,2.4304,2.3046
67.359,37.635,-71.73,5,49.98,102.27,89.993,1,30,0.00040031,0.022708,7.7778e-05,2.2701,2.3171
43.888,20.27,92.21,5,49.981,103.99,90,1,17,0.00038782,0.039895,0,3.99,1.063
23.297,44.827,70.654,5,50.331,104.9,91.718,1,15,0.0066277,0.049048,0.019089,5.203,1.2236
28.747,45.643,19.115,5,50.049,103.54,90.828,1,14,0.00098951,0.035432,0.0092,3.6359,1.1994
62.581,17.423,160.58,5,49.98,104.57,89.996,1,19,0.00039544,0.045673,4.4444e-05,4.57,1.1373
61.903,49.121,263.05,5,50.329,102.1,91.69,1,17,0.0065841,0.021046,0.018778,2.7156,1.6267
83.847,17.129,-23.683,5,85.397,-0.50369,237.48,0,4,0.70793,1.005,1.6387,181.95,0.22342
28.057,30.769,-32.63,5,49.985,103.77,90.052,1,18,0.00030159,0.037708,0.00057778,3.7704,1.2392
31.476,43.893,244.11,5,49.981,102.03,90.008,1,28,0.00037557,0.020302,8.8889e-05,2.0301,2.3695
48.71,10.189,241.94,5,49.987,104.55,90.078,1,25,0.00025645,0.045484,0.00086667,4.5507,1.3917
70.228,25.621,143.44,5,49.977,103.87,89.959,1,18,0.00045711,0.038734,0.00045556,3.8703,1.1676
27.924,38.959,56.918,5,50.065,101.79,90.906,1,15,0.0013058,0.017907,0.010067,2.0073,1.1554
77.948,39.057,64.855,5,49.768,104.3,88,1,16,0.0046445,0.043033,0.022222,4.748,1.1932
53.875,26.399,114.36,5,49.98,100.39,89.998,1,15,0.00039146,0.0038665,2.2222e-05,0.39052,1.0176
8.5747,23.423,-49.781,5,49.983,104.65,90.033,1,23,0.00033355,0.046549,0.00036667,4.6501,1.3209
56.25,30.586,269.38,5,50.081,103.31,91.126,1,22,0.0016127,0.033071,0.012511,3.4972,1.5783
28.78,40.268,94.812,5,50.179,100.9,92.375,1,14,0.0035772,0.0090184,0.026389,2.5461,1.1043
62.819,15.677,13.798,5,49.929,100.05,89.393,1,19,0.0014254,0.00054168,0.0067444,0.61318,1.1138
51.51,23.279,188.37,5,49.988,104.6,90.091,1,18,0.00023425,0.046027,0.0010111,4.6009,1.1729
26.451,19.634,97.123,5,49.995,103.83,90.168,1,19,0.00010389,0.038265,0.0018667,3.8337,1.1344
32.128,34.655,123.67,5,50.168,103.17,92.587,1,15,0.0033527,0.031654,0.028744,4.0951,1.1071
53.009,36.333,239.24,5,50.29,104.31,93.457,1,19,0.0058063,0.043059,0.038411,5.5327,1.4905
57.714,45.552,-71.184,5,49.978,103.94,89.974,1,33,0.00043154,0.039378,0.00028889,3.9401,3.0004
26.32,20.704,126.71,5,50.061,103.23,90.862,1,19,0.0012172,0.032308,0.0095778,3.3436,1.148
51.655,30.26,8.2388,5,49.973,100.15,89.914,1,15,0.00053316,0.0014631,0.00095556,0.175,1.0751
60.963,38.19,-85.371,5,49.979,100.28,89.985,1,33,0.00041305,0.0028314,0.00016667,0.28119,2.6284
22.66,34.607,-10.173,5,50.041,102.27,90.736,1,17,0.00082955,0.022693,0.0081778,2.3867,1.1992
61.098,45.405,56.666,5,49.794,102.07,87.862,1,12,0.0041123,0.020714,0.023756,2.983,1.077
36.279,43.092,173.36,5,53.932,100.92,98.164,0,14,0.078642,0.0092447,0.090711,9.1081,1.1958
57.999,23.595,266.24,5,49.99,103.6,90.112,1,23,0.00019874,0.035974,0.0012444,3.6018,1.497
36.39,37.642,-4.3476,5,49.99,104.25,90.108,1,15,0.00020664,0.042525,0.0012,4.2514,1.1751
31.149,41.173,213.74,5,49.983,101.09,90.029,1,29,0.00033904,0.010914,0.00032222,1.0905,2.3473
11.163,16.558,56.802,5,49.985,103.39,90.054,1,22,0.00029657,0.033862,0.0006,3.3905,1.1952
56.151,24.141,-72.223,5,49.98,100.34,89.993,1,38,0.00040019,0.0033639,7.7778e-05,0.34066,2.4964
11.626,39.034,163.77,5,-0.58964,31.961,234.45,0,3,1.0118,0.68039,1.605,167.49,0.20823
49.076,42.39,90.903,5,49.98,102.36,89.998,1,12,0.00039191,0.023578,2.2222e-05,2.3601,1.0413
11.498,17.303,42.282,5,49.983,103.19,90.028,1,22,0.00034048,0.031874,0.00031111,3.1902,1.2059
86.475,23.638,86.977,5,49.955,103.37,89.701,1,20,0.00089032,0.033731,0.0033222,3.3835,1.1817
30.278,17.177,170.16,5,50.117,103.25,91.478,1,21,0.0023346,0.032475,0.016422,3.5722,1.2333
85.104,18.743,-4.6055,5,88.935,-1.3737,230.48,0,5,0.77871,1.0137,1.5609,177.56,0.28244
92.446,9.1907,34.285,5,49.955,102.62,89.695,1,25,0.00089845,0.0262,0.0033889,2.6381,1.247
10.135,8.3888,215.01,5,7.2523,-0.93493,265.42,0,2,0.85495,1.0093,1.9491,206.85,0.10009
92.385,20.112,91.485,5,49.965,104.88,89.811,1,22,0.00070676,0.048807,0.0021,4.8838,1.2163
72.152,18.627,85.298,5,49.974,103.62,89.918,1,19,0.0005258,0.036207,0.00091111,3.621,1.1265
29.706,34.851,68.371,5,50.001,104.78,90.237,1,16,1.1066e-05,0.04782,0.0026333,4.7859,1.1724
17.771,15.522,155.97,5,5.389,-0.89407,-76.99,0,5,0.89222,1.0089,1.8554,200.14,0.27649
20.608,48.277,-13.213,5,50.066,103.96,90.988,1,15,0.0013161,0.039586,0.010978,4.0819,1.2607
15.682,35.077,127.68,5,51.134,100.48,93.143,1,17,0.022674,0.0048244,0.034922,3.3756,1.1575
29.953,14.725,200.08,5,12.715,-1.4345,-76.776,0,6,0.7457,1.0143,1.8531,198.73,0.34247
62.478,15.612,168.94,5,49.98,102.24,89.996,1,19,0.00039557,0.022394,4.4444e-05,2.2401,1.1136
44.181,38.365,-1.7922,5,49.984,103,90.037,1,14,0.00032576,0.030031,0.00041111,3.0003,1.1307
59.664,37.422,-75.063,5,49.979,102.35,89.986,1,34,0.00041275,0.02354,0.00015556,2.3501,2.6848
7.7281,28.184,49.395,5,50.006,103.26,90.294,1,20,0.00011446,0.032564,0.0032667,3.2732,1.2
33.947,42.612,112.65,5,50.178,101.4,92.874,1,13,0.0035668,0.014038,0.031933,3.2018,1.0908
54.983,36.524,-13.593,5,49.621,103.47,87.045,1,16,0.0075892,0.034731,0.032833,4.5735,1.2564
21.876,9.1254,127.45,5,49.987,103.77,90.078,1,22,0.00025728,0.037713,0.00086667,3.7708,1.1563
62.081,15.791,-26.655,5,49.919,102.01,89.253,1,23,0.0016122,0.020055,0.0083,2.1458,1.3518
91.46,19.637,54.762,5,49.922,101.19,89.291,1,21,0.0015623,0.011894,0.0078778,1.3874,1.1612
60.023,32.876,222.15,5,49.978,102.51,89.97,1,17,0.00043889,0.025136,0.00033333,2.5103,1.2524
71.715,13.816,79.134,5,49.973,104.45,89.907,1,20,0.00054522,0.044524,0.0010333,4.4511,1.1251
34.622,39.225,160.6,5,51.194,102.93,96.506,0,15,0.023873,0.029296,0.072289,7.2345,1.1964
14.615,19.979,188.4,5,12.282,-0.33089,-46.245,0,5,0.75436,1.0033,1.5138,173.35,0.28573
28.353,48.507,29.69,5,50.139,101.18,91.474,1,13,0.002787,0.011825,0.016378,1.8933,1.1637
57.775,29.495,238.14,5,50.022,101.21,90.479,1,19,0.00044617,0.012094,0.0053222,1.3015,1.3393
21.773,21.14,217.27,5,49.981,101.85,90.001,1,28,0.00038662,0.018452,1.1111e-05,1.8501,1.6714
71.386,24.817,-88.633,5,73.953,-2.7494,233.28,0,6,0.47906,1.0275,1.592,177.93,0.3838
68.713,48.812,105.93,5,48.744,101.5,84.401,0,12,0.025113,0.014995,0.062211,5.931,1.1009
55.357,11.679,58.692,5,49.981,100.72,90,1,18,0.00038764,0.0071517,0,0.72025,1.0171
14.679,34.571,46.687,5,50.104,104.23,91.228,1,18,0.0020857,0.042326,0.013644,4.4059,1.2104
47.038,48.019,92.508,5,49.979,102.69,89.984,1,11,0.00041473,0.026917,0.00017778,2.6901,1.0564
85.196,41.492,-8.8483,5,49.975,101.82,89.93,1,27,0.00050671,0.018176,0.00077778,1.8215,1.9772
91.179,13.877,-34.41,5,92.446,-0.11993,250.06,0,3,0.84892,1.0012,1.7784,193.51,0.15713
43.646,8.0745,-53.606,5,49.978,100.65,89.975,1,23,0.00043077,0.0064922,0.00027778,0.65085,1.248
75.918,33.883,-68.08,5,49.98,102.82,89.992,1,25,0.00040171,0.028198,8.8889e-05,2.8201,1.7602
59.664,28.04,-10.315,5,49.711,102.24,86.357,1,18,0.0057757,0.022369,0.040478,4.2863,1.2396
83.433,15.699,-6.9984,5,90.156,-0.65279,254.46,0,4,0.80313,1.0065,1.8273,196.95,0.22054
20.188,26.787,220.34,5,49.981,104.6,90.005,1,27,0.00037978,0.045975,5.5556e-05,4.6,1.7078
35.815,33.988,154.94,5,50.179,104.48,92.969,1,16,0.0035725,0.044812,0.032989,5.3775,1.1849
81.478,38.954,235.45,5,49.968,101.45,89.846,1,18,0.00064658,0.014522,0.0017111,1.4585,1.3104
61.263,45.63,141.79,5,49.929,102.82,89.396,1,13,0.0014174,0.0282,0.0067111,2.8848,1.1706
38.176,28.43,66.664,5,49.989,103.63,90.102,1,16,0.00021626,0.036307,0.0011333,3.6314,1.1028
59.578,27.117,104.91,5,49.979,104.66,89.982,1,16,0.00041806,0.046594,0.0002,4.6601,1.0883
62.299,21.189,-9.0215,5,49.932,104.1,89.416,1,20,0.0013632,0.041048,0.0064889,4.1419,1.2537
57.736,33.639,127.71,5,49.978,104.21,89.967,1,15,0.00044446,0.042115,0.00036667,4.2102,1.1226
64.344,46.293,58.257,5,49.451,101.19,83.373,0,12,0.010989,0.011897,0.073633,6.7553,1.0793
11.082,11.611,-63.296,5,49.981,102.27,90.004,1,25,0.00038228,0.022713,4.4444e-05,2.2701,1.2943
52.839,20.63,266.06,5,50.02,101.84,90.457,1,24,0.00040782,0.018401,0.0050778,1.896,1.5109
21.714,38.6,-81.687,5,49.995,100.03,90.169,1,19,0.00010254,0.00033915,0.0018778,0.17171,1.4053
82.976,14,252.6,5,49.98,100.79,89.996,1,24,0.00039597,0.0079218,4.4444e-05,0.79026,1.3029
16.658,36.25,121.59,5,50.148,102.69,91.645,1,17,0.0029685,0.026869,0.018278,3.1566,1.1815
90.704,10.792,266.81,5,49.98,103.25,89.998,1,27,0.00039182,0.03254,2.2222e-05,3.2501,1.3768
40.454,14.344,0.84481,5,49.981,104.03,90.002,1,19,0.00038575,0.040326,2.2222e-05,4.03,1.1023
52.855,16.144,-51.761,5,49.918,103.86,89.266,1,23,0.0016489,0.038605,0.0081556,3.93,1.3706
13.225,38.159,23.808,5,50.262,101.62,92.252,1,17,0.0052372,0.016174,0.025022,2.7865,1.1814
68.153,26.43,111.42,5,49.956,103,89.708,1,17,0.00087794,0.030023,0.0032444,3.0145,1.1217
51.197,45.308,51.183,5,49.984,104.49,90.045,1,12,0.00031177,0.044918,0.0005,4.4903,1.0968
63.805,27.992,-15.6,5,49.655,100.12,85.719,1,19,0.006903,0.0011909,0.047567,4.2966,1.2957
60.109,9.3327,242.86,5,49.982,100.26,90.02,1,23,0.00035442,0.0025892,0.00022222,0.26139,1.2606
81.608,36.78,-42.201,5,49.98,103.55,89.99,1,25,0.00040578,0.035525,0.00011111,3.5501,1.7685
70.615,14.441,232.76,5,49.98,100.11,89.995,1,21,0.00039606,0.0010877,5.5556e-05,0.11192,1.1931
58.395,9.5074,161.38,5,49.98,103.71,89.999,1,20,0.00039008,0.03707,1.1111e-05,3.7101,1.1003
40.145,45.853,-14.45,5,49.991,102.2,90.118,1,13,0.00018923,0.022034,0.0013111,2.2032,1.181
56.508,8.153,-15.508,5,49.967,104.05,89.84,1,22,0.00065652,0.040465,0.0017778,4.0533,1.1946
51.34,18.771,99.422,5,49.981,103.72,90,1,17,0.00038816,0.037249,0,3.72,1.0463
34.914,29.833,268.53,5,24.873,-1.7219,-25.725,0,9,0.50254,1.0172,1.2858,156.11,0.627
90.166,48.067,128.68,5,49.227,104.81,85.826,1,16,0.015463,0.048051,0.046378,6.4153,1.2185
77.583,32.186,2.5578,5,49.979,102.13,89.985,1,29,0.0004129,0.021276,0.00016667,2.1302,1.9806
11.417,14.735,48.644,5,49.984,102.09,90.042,1,22,0.00031788,0.020875,0.00046667,2.0905,1.1754
75.038,35.012,198.55,5,49.969,103.24,89.86,1,17,0.00062398,0.032435,0.0015556,3.2432,1.2205
31.787,28.584,65.502,5,49.994,104.8,90.16,1,17,0.00011681,0.047964,0.0017778,4.8027,1.1533
9.4688,8.319,-76.205,5,49.981,104.31,90.006,1,27,0.00037874,0.043138,6.6667e-05,4.31,1.3468
62.818,29.513,8.3454,5,49.357,103.43,83.728,0,17,0.012856,0.034299,0.069689,7.1775,1.1864
46.695,44.549,269.44,5,50.8,102.8,93.37,1,21,0.015994,0.027957,0.037444,4.4539,1.8902
54.63,13.579,197.77,5,49.981,104.29,90.001,1,20,0.0003875,0.042898,1.1111e-05,4.29,1.1555
54.836,36.745,-14.228,5,49.525,103.6,86.045,1,16,0.0095038,0.036015,0.043944,5.3691,1.261
67.707,7.2627,92.648,5,49.979,104.44,89.985,1,21,0.00041383,0.044398,0.00016667,4.4401,1.1121
51.728,35.117,-85.334,5,49.739,102.82,87.506,1,22,0.0052162,0.028228,0.027711,3.7737,1.6948
44.247,40.06,182.17,5,50.354,104.53,92.847,1,15,0.0070758,0.045302,0.031633,5.3621,1.2455
22.347,10.94,140.66,5,49.986,104.85,90.067,1,22,0.00027586,0.048492,0.00074444,4.8505,1.1796
77.001,23.537,6.1031,5,49.98,104.01,89.999,1,32,0.00039025,0.040105,1.1111e-05,4.01,1.9731
87.49,47.598,244.64,5,49.922,104.71,89.284,1,18,0.0015592,0.047129,0.0079556,4.7647,1.3968
64.306,47.63,11.357,5,45.987,101.2,89.957,0,13,0.080251,0.012019,0.00047778,4.1888,1.1973
42.203,41.005,-35.891,5,49.93,101.37,89.401,1,15,0.0014086,0.013704,0.0066556,1.4969,1.2603
53.094,45.872,110.94,5,49.982,100.46,90.017,1,11,0.00035956,0.0045569,0.00018889,0.46067,1.0144
55.577,21.569,22.999,5,49.971,101.54,89.888,1,17,0.00057743,0.015379,0.0012444,1.5443,1.081
23.391,8.0738,88.878,5,49.981,104.26,90.01,1,22,0.00037164,0.042559,0.00011111,4.2601,1.1494
87.782,43.017,-54.464,5,49.972,100.75,89.901,1,23,0.00055495,0.0074956,0.0011,0.75702,1.682
47.985,30.558,131.39,5,49.98,104.58,89.995,1,15,0.00039623,0.045833,5.5556e-05,4.58,1.0796
78.194,46.033,155.47,5,49.81,104.93,88.161,1,15,0.0038062,0.049341,0.020433,5.2653,1.2318
50.515,40.841,139.96,5,49.977,103.93,89.96,1,13,0.00045508,0.039309,0.00044444,3.9303,1.0987
90.738,29.997,-28.217,5,49.98,103.61,89.996,1,29,0.00039558,0.036124,4.4444e-05,3.6101,1.7903
78.839,43.531,-39.251,5,49.977,100.08,89.953,1,23,0.000468,0.00077741,0.00052222,0.095593,1.8137
16.917,13.863,81.657,5,49.986,100.71,90.059,1,21,0.00028826,0.0071096,0.00065556,0.71258,1.1379
64.787,37.804,-54.983,5,49.98,100.6,89.989,1,31,0.00040703,0.00595,0.00012222,0.60043,2.4245
83.704,45.274,44.293,5,48.848,104.87,79.916,0,16,0.023036,0.048679,0.11204,11.257,1.2447
24.845,34.487,105.88,5,50.188,101.49,91.797,1,16,0.0037647,0.014946,0.019967,2.3419,1.14
68.246,17.397,266.13,5,49.98,101.76,89.998,1,23,0.0003925,0.01756,2.2222e-05,1.7601,1.3594
73.271,22.619,71.495,5,49.933,101.52,89.437,1,18,0.0013474,0.015228,0.0062556,1.6223,1.1138
34.352,12.179,-76.134,5,49.981,100.39,90,1,23,0.00038923,0.0039413,0,0.39046,1.2892
21.769,21.72,203.96,5,49.981,100.84,90.001,1,29,0.00038675,0.0084069,1.1111e-05,0.84022,1.7425
57.351,40.072,152.96,5,49.968,101.01,89.853,1,13,0.00063503,0.01012,0.0016333,1.0211,1.0766
58.284,31.157,236.33,5,50.03,103.63,90.576,1,19,0.00059847,0.036334,0.0064,3.6755,1.3701
40.248,22.198,165.37,5,50.023,103.54,90.495,1,18,0.00046793,0.035372,0.0055,3.5745,1.1478
33.721,27.71,-76.306,5,49.981,101.06,90.002,1,20,0.00038457,0.010586,2.2222e-05,1.0602,1.3495
91.528,21.106,121.7,5,49.96,100.71,89.76,1,21,0.00079031,0.0071267,0.0026667,0.75053,1.1777
77.445,30.091,233.93,5,49.977,100.39,89.956,1,19,0.00046171,0.0039267,0.00048889,0.39315,1.2649
63.286,19.073,65.875,5,49.978,104.24,89.967,1,18,0.00044438,0.04238,0.00036667,4.2402,1.0974
21.848,9.914,134.01,5,49.991,104.11,90.123,1,22,0.00018087,0.041057,0.0013667,4.1118,1.1655
71.722,47.128,178.15,5,49.867,104.98,88.567,1,14,0.0026634,0.049827,0.015922,5.1838,1.2246
48.849,27.878,-54.331,5,49.807,101.69,88.26,1,20,0.0038536,0.016898,0.019333,2.4333,1.3864
61.444,22.187,-48.906,5,80.536,-0.10092,193.54,0,11,0.61072,1.001,1.1504,147.22,0.6993
35.736,46.296,-69.76,5,49.996,101.78,90.175,1,16,8.9111e-05,0.01782,0.0019444,1.7886,1.4397
14.23,17.487,17.778,5,49.99,100.86,90.114,1,21,0.00019642,0.008571,0.0012667,0.86758,1.1675
76.035,19.69,-32.827,5,75.083,-0.75613,217.72,0,5,0.50166,1.0076,1.4191,164.6,0.29612
22.19,18.818,250.58,5,49.981,100.71,90.001,1,26,0.00038605,0.007123,1.1111e-05,0.71025,1.5149
34.733,34.877,2.4803,5,50.006,100.21,90.299,1,15,0.00011381,0.0020792,0.0033222,0.36543,1.1213
71.114,18.352,-25.814,5,83.938,-1.0926,242.07,0,6,0.67875,1.0109,1.6897,185.73,0.35573
88.834,45.953,-67.673,5,49.933,100.38,89.428,1,21,0.0013397,0.0037568,0.0063556,0.68998,1.5777
85.621,10.045,64.458,5,49.978,104.62,89.965,1,23,0.00044821,0.046222,0.00038889,4.6202,1.1886
21.514,46.119,238.1,5,49.993,101.3,90.143,1,21,0.00014611,0.013004,0.0015889,1.3079,1.7228
89.243,8.604,115.09,5,49.979,104.54,89.985,1,24,0.00041455,0.045356,0.00016667,4.5401,1.2065
75.847,41.592,151.65,5,49.823,102.42,87.959,1,15,0.0035453,0.024243,0.022678,3.1707,1.1742
49.165,24.528,-29.354,5,49.925,103.35,89.326,1,19,0.0015094,0.033531,0.0074889,3.418,1.2587
25.536,7.9281,222.84,5,19.339,-4.7908,268.75,0,3,0.61322,1.0479,1.9861,209.46,0.15745
84.093,34.729,118.77,5,49.955,104.1,89.701,1,18,0.0008921,0.041016,0.0033222,4.1111,1.2222
20.036,28.749,123.42,5,50.061,102.44,90.984,1,18,0.0012158,0.024418,0.010933,2.6316,1.1644
83.108,46.076,-62.289,5,49.952,100.31,89.658,1,21,0.00095922,0.0031295,0.0038,0.46408,1.6594
35.277,22.239,-81.344,5,49.979,102.36,89.983,1,22,0.00041703,0.023576,0.00018889,2.3602,1.3899
50.495,19.601,-4.8165,5,49.97,100.83,89.871,1,18,0.00060505,0.0083316,0.0014333,0.8405,1.1194
78.564,21.992,166.44,5,49.975,104.57,89.938,1,20,0.00049253,0.045699,0.00068889,4.5705,1.2038
29.07,37.344,156.39,5,50.757,103.95,93.567,1,17,0.015143,0.03952,0.039633,5.3758,1.2867
77.197,31.087,-54.109,5,49.98,100.65,89.996,1,25,0.00039562,0.0064629,4.4444e-05,0.65032,1.6872
19.261,8.5476,157.38,5,6.8181,-4.0361,262.94,0,4,0.86364,1.0404,1.9216,206.39,0.2073
49.004,45.859,143.34,5,49.968,104.05,89.853,1,12,0.00063633,0.04048,0.0016333,4.0528,1.108
81.537,24.02,12.603,5,49.98,102.73,89.998,1,32,0.00039228,0.027263,2.2222e-05,2.7301,1.9449
92.511,38.118,52.019,5,48.671,103.68,82.133,0,18,0.026577,0.036793,0.087411,8.7863,1.1988
31.832,19.514,-89.325,5,49.981,102.63,90.004,1,23,0.00038233,0.026326,4.4444e-05,2.6301,1.3937
20.801,37.279,218.7,5,49.981,103.67,90.01,1,25,0.00037175,0.036708,0.00011111,3.6701,1.8068
37.458,37.523,-30.865,5,49.993,100.72,90.15,1,15,0.00013648,0.0071876,0.0016667,0.73549,1.177
25.343,42.648,-57.975,5,50.003,103.63,90.267,1,17,6.6471e-05,0.03634,0.0029667,3.6398,1.3616
71,18.266,193.31,5,49.98,104.42,89.988,1,20,0.00040927,0.044218,0.00013333,4.4201,1.185
15.51,8.1961,-86.638,5,26.824,-0.13937,-11.221,0,3,0.46351,1.0014,1.1247,144.26,0.15295
89.115,33.422,156.81,5,49.874,100.67,88.709,1,18,0.0025143,0.0067196,0.014344,1.46,1.1655
16.991,21.859,-84.614,5,49.981,104.81,90.004,1,24,0.00038107,0.04809,4.4444e-05,4.81,1.4146
20.892,13.592,21.583,5,49.982,101.93,90.016,1,21,0.00036137,0.019316,0.00017778,1.9302,1.1516
32.51,9.359,-58.495,5,49.981,103.8,90.001,1,23,0.0003861,0.037954,1.1111e-05,3.8,1.2458
44.627,12.414,-39.202,5,49.974,100.57,89.926,1,21,0.00051303,0.0056917,0.00082222,0.57537,1.1966
60.073,45.33,123.07,5,49.902,100.24,89.089,1,12,0.0019692,0.0023595,0.010122,0.94717,1.0793
22.862,47.084,243.95,5,49.986,104.61,90.062,1,22,0.00028466,0.046135,0.00068889,4.6104,1.8497
44.455,44.78,-67.316,5,48.834,102.09,85.308,0,17,0.023328,0.020874,0.052133,5.2671,1.5316
71.481,37.39,-50.673,5,49.98,104.05,89.992,1,28,0.00040117,0.040532,8.8889e-05,4.0501,2.115
69.856,14.834,8.2158,5,49.948,104.48,89.617,1,22,0.0010363,0.044799,0.0042556,4.4966,1.2579
66.787,29.574,136.76,5,49.978,104.18,89.966,1,17,0.00044548,0.041776,0.00037778,4.1802,1.1741
32.111,11.86,158.56,5,50.012,104.32,90.376,1,21,0.00024047,0.043151,0.0041778,4.3363,1.1675
46.192,27.89,250.51,5,50.069,103.67,91.084,1,23,0.0013882,0.036686,0.012044,3.8274,1.5926
7.6288,46.978,246.84,5,49.992,102.25,90.137,1,22,0.00015778,0.02246,0.0015222,2.2542,1.6207
48.728,19.37,-37.855,5,49.938,100.8,89.489,1,20,0.0012404,0.008034,0.0056778,0.9513,1.2401
79.886,19.162,180.21,5,49.979,104.74,89.983,1,21,0.00041759,0.047438,0.00018889,4.7401,1.2183
50.271,44.472,76.016,5,49.981,104.47,90.001,1,12,0.00038641,0.044691,1.1111e-05,4.47,1.0805
44.003,43.729,197.35,5,52.492,104.41,102.52,0,15,0.049832,0.044127,0.13911,13.506,1.3253
61.12,35.754,144.5,5,49.969,103.52,89.858,1,15,0.00062642,0.035176,0.0015778,3.523,1.1503
31.91,33.019,28.928,5,50.016,102.65,90.42,1,16,0.00031946,0.02648,0.0046667,2.6831,1.1531
55.9,23.484,46.117,5,49.979,101.24,89.98,1,16,0.00042253,0.012418,0.00022222,1.2403,1.0424
51.611,27.396,85.532,5,49.981,102.3,90.001,1,15,0.00038718,0.022965,1.1111e-05,2.3001,1.0328
43.105,16.417,-71.066,5,49.972,102.57,89.897,1,23,0.00056232,0.025741,0.0011444,2.5722,1.3712
67.208,8.7098,162.23,5,49.98,103.4,89.998,1,21,0.00039219,0.033981,2.2222e-05,3.4001,1.1303
69.319,36.054,244.61,5,49.979,102.88,89.979,1,18,0.00042388,0.028821,0.00023333,2.8802,1.3473
66.091,25.201,168.4,5,49.976,100.33,89.949,1,17,0.000475,0.0033488,0.00056667,0.33478,1.111
32.328,46.908,267.89,5,49.981,104.94,90.007,1,29,0.00037599,0.049402,7.7778e-05,4.94,2.5913
55.073,18.275,-8.8707,5,49.956,101.12,89.711,1,19,0.00087483,0.011174,0.0032111,1.1575,1.1602
31.345,37.814,264.22,5,49.981,100.51,90.006,1,29,0.00037865,0.0050719,6.6667e-05,0.51039,2.2334
17.686,12.815,239.72,5,22.102,-0.57067,-47.048,0,3,0.55797,1.0057,1.5228,172.26,0.16132
26.265,36.594,144.49,5,50.799,100.49,93.775,1,16,0.015974,0.0049066,0.041944,3.8896,1.1816
80.747,34.072,-32.985,5,49.98,102.57,89.989,1,26,0.00040625,0.025678,0.00012222,2.5701,1.7871
43.591,25.141,46.871,5,49.983,100.52,90.032,1,16,0.00033433,0.0052385,0.00035556,0.52126,1.0648
43.23,14.774,9.1944,5,49.981,104.84,90.003,1,19,0.00038288,0.048363,3.3333e-05,4.84,1.1112
56.093,46.971,-46.122,5,47.793,103.08,67.26,0,17,0.044137,0.030758,0.25267,23.054,1.5924
17.325,25.599,194.52,5,49.981,100.63,90.008,1,29,0.00037564,0.0062881,8.8889e-05,0.63034,1.7844
79.249,22.717,251.94,5,49.98,102.66,89.991,1,22,0.00040422,0.026644,0.0001,2.6601,1.3312
46.241,22.167,156.96,5,49.987,102.99,90.071,1,17,0.0002682,0.029886,0.00078889,2.9909,1.0908
59.741,47.47,200.63,5,49.968,103.1,89.855,1,13,0.0006315,0.031023,0.0016111,3.1036,1.2167
90.13,18.988,135.4,5,49.957,100.27,89.723,1,21,0.00085364,0.002675,0.0030778,0.3892,1.1614
9.2905,16.716,257.57,5,49.981,103.22,90.007,1,27,0.00037668,0.032155,7.7778e-05,3.2201,1.4563
81.581,47.116,70.854,5,49.162,100.77,75.17,0,14,0.01677,0.0077343,0.16478,14.874,1.1364
51.878,49.525,-40.3,5,46.725,104.29,94.57,0,15,0.0655,0.042898,0.050778,7.0721,1.4849
37.553,25.265,79.346,5,49.992,101.26,90.134,1,16,0.00016281,0.012586,0.0014889,1.2671,1.0559
40.557,16.551,62.755,5,49.982,102.54,90.011,1,18,0.00036906,0.025356,0.00012222,2.5401,1.0717
23.035,45.8,140.67,5,50.983,104.63,105.51,0,15,0.019656,0.046337,0.17233,16.216,1.2389
70.91,22.6,4.4199,5,49.98,100.56,89.99,1,33,0.00040474,0.0055805,0.00011111,0.56045,2.058
8.1119,25.964,-65.376,5,49.987,103.73,90.071,1,23,0.00026852,0.037301,0.00078889,3.7307,1.3519
12.068,32.359,223.14,5,49.983,101.54,90.027,1,26,0.00034251,0.015413,0.0003,1.5403,1.6763
57.55,16.505,12.812,5,49.971,103.96,89.887,1,19,0.00057879,0.039602,0.0012556,3.9617,1.1332
13.033,47.896,-22.292,5,50.194,101.33,91.787,1,16,0.0038781,0.013303,0.019856,2.236,1.2522
16.38,43.663,-16.5,5,50.101,100.87,91.169,1,16,0.0020262,0.0086756,0.012989,1.4607,1.2194
32.542,17.631,254.98,5,17.185,-0.35094,261.25,0,5,0.65631,1.0035,1.9028,201.18,0.29692
7.1842,15.029,-87.922,5,49.981,100.08,90.006,1,26,0.00037762,0.00075799,6.6667e-05,0.082444,1.3663
30.001,17.179,9.393,5,49.983,100.03,90.024,1,19,0.0003478,0.00025064,0.00026667,0.042012,1.115
77.952,27.829,178.43,5,49.958,100.09,89.73,1,18,0.00083983,0.00089465,0.003,0.28769,1.1629
28.744,39.2,190.05,5,49.983,100.46,90.025,1,29,0.00034697,0.0046347,0.00027778,0.46099,2.2513
79.367,13.682,9.4775,5,90.117,-0.37553,269.76,0,4,0.80234,1.0038,1.9973,209.76,0.21935
20.113,18.579,238.87,5,49.981,100.1,90.007,1,26,0.0003767,0.00099872,7.7778e-05,0.10203,1.4988
79.492,41.094,-50.3,5,49.979,103.37,89.983,1,23,0.00041636,0.033679,0.00018889,3.3701,1.7457
22.066,49.739,90.489,5,50.981,100.13,93.19,1,13,0.019618,0.0012921,0.035444,3.34,1.1304
71.119,31.945,93.107,5,49.853,101.92,88.377,1,16,0.0029313,0.019189,0.018033,2.5184,1.1227
59.989,48.3,261.95,5,50.284,101.09,94.089,1,17,0.0056792,0.010901,0.045433,4.2413,1.6142
56.655,40.328,262.45,5,50.213,100.69,93.265,1,19,0.0042573,0.006907,0.036278,3.3439,1.5822
60.334,48.792,241.65,5,50.398,100.15,96.06,0,15,0.0079671,0.0014739,0.067333,6.0749,1.4357
20.445,44.203,247.75,5,49.983,103.34,90.03,1,21,0.0003378,0.03335,0.00033333,3.3402,1.6629
27.728,27.346,261.47,5,33.577,-0.54413,-14.269,0,7,0.32846,1.0054,1.1585,145.78,0.46058
77.161,33.237,-7.9713,5,49.98,104.31,89.992,1,29,0.00040133,0.043098,8.8889e-05,4.3101,2.0117
52.306,33.492,-50.791,5,49.458,102.14,84.457,0,19,0.010836,0.021398,0.061589,5.9664,1.4275
36.914,37.53,61.883,5,50.031,101.22,90.6,1,14,0.00062151,0.012249,0.0066667,1.3599,1.0967
16.164,23.094,176.89,5,49.981,104.92,90.001,1,32,0.0003868,0.04918,1.1111e-05,4.92,1.9043
17.631,36.12,186.58,5,49.982,102.03,90.014,1,28,0.00036402,0.020334,0.00015556,2.0301,1.955
